{
  "type": "FeatureCollection",
  "features": [
    {
      "type": "Feature",
      "properties": {
        "kind": "FACE",
        "field": 0
      },
      "geometry": {
        "type": "Polygon",
        "coordinates": [
          [
            [
              784.8736999999999,
              2011.9999999999998
            ],
            [
              812.057546077343,
              2008.630559454701
            ],
            [
              867.0781509722156,
              1918.57388025486
            ],
            [
              845.590685048493,
              1913.949559589299
            ],
            [
              784.8736999999999,
              2011.9999999999998
            ]
          ]
        ]
      }
    },
    {
      "type": "Feature",
      "properties": {
        "kind": "FACE",
        "field": 1
      },
      "geometry": {
        "type": "Polygon",
        "coordinates": [
          [
            [
              700.3417496786246,
              2022.4777440239936
            ],
            [
              784.8736999999999,
              2011.9999999999998
            ],
            [
              845.590685048493,
              1913.949559589299
            ],
            [
              739.4716651982583,
              1961.7534594075746
            ],
            [
              700.3417496786246,
              2022.4777440239936
            ]
          ]
        ]
      }
    },
    {
      "type": "Feature",
      "properties": {
        "kind": "FACE",
        "field": 2
      },
      "geometry": {
        "type": "Polygon",
        "coordinates": [
          [
            [
              867.0781509722156,
              1918.57388025486
            ],
            [
              812.057546077343,
              2008.630559454701
            ],
            [
              877.2682449802126,
              1904.9124301436657
            ],
            [
              867.0781509722156,
              1918.57388025486
            ]
          ]
        ]
      }
    },
    {
      "type": "Feature",
      "properties": {
        "kind": "FACE",
        "field": 3
      },
      "geometry": {
        "type": "Polygon",
        "coordinates": [
          [
            [
              845.590685048493,
              1913.949559589299
            ],
            [
              867.0781509722156,
              1918.57388025486
            ],
            [
              877.2682449802126,
              1904.9124301436657
            ],
            [
              845.590685048493,
              1913.949559589299
            ]
          ]
        ]
      }
    },
    {
      "type": "Feature",
      "properties": {
        "kind": "FACE",
        "field": 4
      },
      "geometry": {
        "type": "Polygon",
        "coordinates": [
          [
            [
              729.2349212245479,
              1717.9398067927382
            ],
            [
              700.3417496786246,
              2022.4777440239936
            ],
            [
              739.4716651982583,
              1961.7534594075746
            ],
            [
              729.2349212245479,
              1717.9398067927382
            ]
          ]
        ]
      }
    },
    {
      "type": "Feature",
      "properties": {
        "kind": "FACE",
        "field": 5
      },
      "geometry": {
        "type": "Polygon",
        "coordinates": [
          [
            [
              729.2349212245479,
              1717.9398067927382
            ],
            [
              739.4716651982583,
              1961.7534594075746
            ],
            [
              845.590685048493,
              1913.949559589299
            ],
            [
              729.2349212245479,
              1717.9398067927382
            ]
          ]
        ]
      }
    },
    {
      "type": "Feature",
      "properties": {
        "kind": "FACE",
        "field": 6
      },
      "geometry": {
        "type": "Polygon",
        "coordinates": [
          [
            [
              812.057546077343,
              2008.630559454701
            ],
            [
              918.609963918792,
              1995.423376193983
            ],
            [
              972.7641768648441,
              1904.0507184332437
            ],
            [
              877.2682449802126,
              1904.9124301436657
            ],
            [
              812.057546077343,
              2008.630559454701
            ]
          ]
        ]
      }
    },
    {
      "type": "Feature",
      "properties": {
        "kind": "FACE",
        "field": 7
      },
      "geometry": {
        "type": "Polygon",
        "coordinates": [
          [
            [
              845.590685048493,
              1913.949559589299
            ],
            [
              877.2682449802126,
              1904.9124301436657
            ],
            [
              935.5069213283081,
              1809.2750479431254
            ],
            [
              901.2873094260766,
              1649.4420440871763
            ],
            [
              845.590685048493,
              1913.949559589299
            ]
          ]
        ]
      }
    },
    {
      "type": "Feature",
      "properties": {
        "kind": "FACE",
        "field": 8
      },
      "geometry": {
        "type": "Polygon",
        "coordinates": [
          [
            [
              688.06055,
              2024.0
            ],
            [
              700.3417496786246,
              2022.4777440239936
            ],
            [
              729.2349212245479,
              1717.9398067927382
            ],
            [
              717.0125937262387,
              1692.2939239560915
            ],
            [
              688.06055,
              2024.0
            ]
          ]
        ]
      }
    },
    {
      "type": "Feature",
      "properties": {
        "kind": "FACE",
        "field": 9
      },
      "geometry": {
        "type": "Polygon",
        "coordinates": [
          [
            [
              729.2349212245479,
              1717.9398067927382
            ],
            [
              845.590685048493,
              1913.949559589299
            ],
            [
              901.2873094260766,
              1649.4420440871763
            ],
            [
              729.4206967442831,
              1677.5341555301006
            ],
            [
              729.2349212245479,
              1717.9398067927382
            ]
          ]
        ]
      }
    },
    {
      "type": "Feature",
      "properties": {
        "kind": "FACE",
        "field": 10
      },
      "geometry": {
        "type": "Polygon",
        "coordinates": [
          [
            [
              972.7641768648441,
              1904.0507184332437
            ],
            [
              918.609963918792,
              1995.423376193983
            ],
            [
              962.4082084068593,
              1926.8903748942096
            ],
            [
              972.7641768648441,
              1904.0507184332437
            ]
          ]
        ]
      }
    },
    {
      "type": "Feature",
      "properties": {
        "kind": "FACE",
        "field": 11
      },
      "geometry": {
        "type": "Polygon",
        "coordinates": [
          [
            [
              877.2682449802126,
              1904.9124301436657
            ],
            [
              972.7641768648441,
              1904.0507184332437
            ],
            [
              1014.2441973198668,
              1881.092856155653
            ],
            [
              1040.145005450804,
              1847.4919472820256
            ],
            [
              894.3868728528053,
              1881.9050434442852
            ],
            [
              877.2682449802126,
              1904.9124301436657
            ]
          ]
        ]
      }
    },
    {
      "type": "Feature",
      "properties": {
        "kind": "FACE",
        "field": 12
      },
      "geometry": {
        "type": "Polygon",
        "coordinates": [
          [
            [
              901.2873094260766,
              1649.4420440871763
            ],
            [
              935.5069213283081,
              1809.2750479431254
            ],
            [
              963.2533700043688,
              1735.0044304213634
            ],
            [
              901.2873094260766,
              1649.4420440871763
            ]
          ]
        ]
      }
    },
    {
      "type": "Feature",
      "properties": {
        "kind": "FACE",
        "field": 13
      },
      "geometry": {
        "type": "Polygon",
        "coordinates": [
          [
            [
              935.5069213283081,
              1809.2750479431254
            ],
            [
              877.2682449802126,
              1904.9124301436657
            ],
            [
              894.3868728528053,
              1881.9050434442852
            ],
            [
              963.2533700043688,
              1735.0044304213634
            ],
            [
              935.5069213283081,
              1809.2750479431254
            ]
          ]
        ]
      }
    },
    {
      "type": "Feature",
      "properties": {
        "kind": "FACE",
        "field": 14
      },
      "geometry": {
        "type": "Polygon",
        "coordinates": [
          [
            [
              669.3320830397569,
              2026.3213954253417
            ],
            [
              688.06055,
              2024.0
            ],
            [
              717.0125937262387,
              1692.2939239560915
            ],
            [
              682.9488038535878,
              1800.3223446913858
            ],
            [
              669.3320830397569,
              2026.3213954253417
            ]
          ]
        ]
      }
    },
    {
      "type": "Feature",
      "properties": {
        "kind": "FACE",
        "field": 15
      },
      "geometry": {
        "type": "Polygon",
        "coordinates": [
          [
            [
              717.0125937262387,
              1692.2939239560915
            ],
            [
              729.2349212245479,
              1717.9398067927382
            ],
            [
              726.3873376466739,
              1646.5286347308618
            ],
            [
              717.0125937262387,
              1692.2939239560915
            ]
          ]
        ]
      }
    },
    {
      "type": "Feature",
      "properties": {
        "kind": "FACE",
        "field": 16
      },
      "geometry": {
        "type": "Polygon",
        "coordinates": [
          [
            [
              726.3873376466739,
              1646.5286347308618
            ],
            [
              729.4206967442831,
              1677.5341555301006
            ],
            [
              901.2873094260766,
              1649.4420440871763
            ],
            [
              895.8890174132108,
              1406.8999445545237
            ],
            [
              726.3873376466739,
              1646.5286347308618
            ]
          ]
        ]
      }
    },
    {
      "type": "Feature",
      "properties": {
        "kind": "FACE",
        "field": 17
      },
      "geometry": {
        "type": "Polygon",
        "coordinates": [
          [
            [
              726.3873376466739,
              1646.5286347308618
            ],
            [
              729.2349212245479,
              1717.9398067927382
            ],
            [
              729.4206967442831,
              1677.5341555301006
            ],
            [
              726.3873376466739,
              1646.5286347308618
            ]
          ]
        ]
      }
    },
    {
      "type": "Feature",
      "properties": {
        "kind": "FACE",
        "field": 18
      },
      "geometry": {
        "type": "Polygon",
        "coordinates": [
          [
            [
              918.609963918792,
              1995.423376193983
            ],
            [
              978.5,
              1988.0
            ],
            [
              1026.667821742324,
              1991.0157785407564
            ],
            [
              962.4082084068593,
              1926.8903748942096
            ],
            [
              918.609963918792,
              1995.423376193983
            ]
          ]
        ]
      }
    },
    {
      "type": "Feature",
      "properties": {
        "kind": "FACE",
        "field": 19
      },
      "geometry": {
        "type": "Polygon",
        "coordinates": [
          [
            [
              972.7641768648441,
              1904.0507184332437
            ],
            [
              962.4082084068593,
              1926.8903748942096
            ],
            [
              1026.667821742324,
              1991.0157785407564
            ],
            [
              972.7641768648441,
              1904.0507184332437
            ]
          ]
        ]
      }
    },
    {
      "type": "Feature",
      "properties": {
        "kind": "FACE",
        "field": 20
      },
      "geometry": {
        "type": "Polygon",
        "coordinates": [
          [
            [
              1056.7375462432506,
              1881.8464113773425
            ],
            [
              1014.2441973198668,
              1881.092856155653
            ],
            [
              972.7641768648441,
              1904.0507184332437
            ],
            [
              1015.3124528241736,
              1898.6271348445941
            ],
            [
              1056.7375462432506,
              1881.8464113773425
            ]
          ]
        ]
      }
    },
    {
      "type": "Feature",
      "properties": {
        "kind": "FACE",
        "field": 21
      },
      "geometry": {
        "type": "Polygon",
        "coordinates": [
          [
            [
              894.3868728528053,
              1881.9050434442852
            ],
            [
              1040.145005450804,
              1847.4919472820256
            ],
            [
              963.2533700043688,
              1735.0044304213634
            ],
            [
              894.3868728528053,
              1881.9050434442852
            ]
          ]
        ]
      }
    },
    {
      "type": "Feature",
      "properties": {
        "kind": "FACE",
        "field": 22
      },
      "geometry": {
        "type": "Polygon",
        "coordinates": [
          [
            [
              1040.145005450804,
              1847.4919472820256
            ],
            [
              1014.2441973198668,
              1881.092856155653
            ],
            [
              1056.7375462432506,
              1881.8464113773425
            ],
            [
              1040.145005450804,
              1847.4919472820256
            ]
          ]
        ]
      }
    },
    {
      "type": "Feature",
      "properties": {
        "kind": "FACE",
        "field": 23
      },
      "geometry": {
        "type": "Polygon",
        "coordinates": [
          [
            [
              901.2873094260766,
              1649.4420440871763
            ],
            [
              963.2533700043688,
              1735.0044304213634
            ],
            [
              1128.0062493996818,
              1555.3129814428712
            ],
            [
              1050.1009028745777,
              1553.031984169442
            ],
            [
              901.2873094260766,
              1649.4420440871763
            ]
          ]
        ]
      }
    },
    {
      "type": "Feature",
      "properties": {
        "kind": "FACE",
        "field": 24
      },
      "geometry": {
        "type": "Polygon",
        "coordinates": [
          [
            [
              679.1764670885968,
              1637.9215342301877
            ],
            [
              669.3320830397569,
              2026.3213954253417
            ],
            [
              682.9488038535878,
              1800.3223446913858
            ],
            [
              679.1764670885968,
              1637.9215342301877
            ]
          ]
        ]
      }
    },
    {
      "type": "Feature",
      "properties": {
        "kind": "FACE",
        "field": 25
      },
      "geometry": {
        "type": "Polygon",
        "coordinates": [
          [
            [
              679.1764670885968,
              1637.9215342301877
            ],
            [
              682.9488038535878,
              1800.3223446913858
            ],
            [
              717.0125937262387,
              1692.2939239560915
            ],
            [
              679.1764670885968,
              1637.9215342301877
            ]
          ]
        ]
      }
    },
    {
      "type": "Feature",
      "properties": {
        "kind": "FACE",
        "field": 26
      },
      "geometry": {
        "type": "Polygon",
        "coordinates": [
          [
            [
              717.0125937262387,
              1692.2939239560915
            ],
            [
              726.3873376466739,
              1646.5286347308618
            ],
            [
              717.3459371444161,
              1558.0267932262757
            ],
            [
              717.0125937262387,
              1692.2939239560915
            ]
          ]
        ]
      }
    },
    {
      "type": "Feature",
      "properties": {
        "kind": "FACE",
        "field": 27
      },
      "geometry": {
        "type": "Polygon",
        "coordinates": [
          [
            [
              735.2124118861224,
              1390.762301743975
            ],
            [
              726.3873376466739,
              1646.5286347308618
            ],
            [
              895.8890174132108,
              1406.8999445545237
            ],
            [
              735.2124118861224,
              1390.762301743975
            ]
          ]
        ]
      }
    },
    {
      "type": "Feature",
      "properties": {
        "kind": "FACE",
        "field": 28
      },
      "geometry": {
        "type": "Polygon",
        "coordinates": [
          [
            [
              895.8890174132108,
              1406.8999445545237
            ],
            [
              901.2873094260766,
              1649.4420440871763
            ],
            [
              1050.1009028745777,
              1553.031984169442
            ],
            [
              906.0372932580194,
              1406.8045158550422
            ],
            [
              895.8890174132108,
              1406.8999445545237
            ]
          ]
        ]
      }
    },
    {
      "type": "Feature",
      "properties": {
        "kind": "FACE",
        "field": 29
      },
      "geometry": {
        "type": "Polygon",
        "coordinates": [
          [
            [
              972.7641768648441,
              1904.0507184332437
            ],
            [
              1026.667821742324,
              1991.0157785407564
            ],
            [
              1082.309719203376,
              1994.4995076001208
            ],
            [
              1015.3124528241736,
              1898.6271348445941
            ],
            [
              972.7641768648441,
              1904.0507184332437
            ]
          ]
        ]
      }
    },
    {
      "type": "Feature",
      "properties": {
        "kind": "FACE",
        "field": 30
      },
      "geometry": {
        "type": "Polygon",
        "coordinates": [
          [
            [
              1056.7375462432506,
              1881.8464113773425
            ],
            [
              1015.3124528241736,
              1898.6271348445941
            ],
            [
              1082.309719203376,
              1994.4995076001208
            ],
            [
              1056.7375462432506,
              1881.8464113773425
            ]
          ]
        ]
      }
    },
    {
      "type": "Feature",
      "properties": {
        "kind": "FACE",
        "field": 31
      },
      "geometry": {
        "type": "Polygon",
        "coordinates": [
          [
            [
              963.2533700043688,
              1735.0044304213634
            ],
            [
              1040.145005450804,
              1847.4919472820256
            ],
            [
              1084.6966154589486,
              1729.912926312287
            ],
            [
              1136.50307202192,
              1636.7806626935426
            ],
            [
              963.2533700043688,
              1735.0044304213634
            ]
          ]
        ]
      }
    },
    {
      "type": "Feature",
      "properties": {
        "kind": "FACE",
        "field": 32
      },
      "geometry": {
        "type": "Polygon",
        "coordinates": [
          [
            [
              1040.145005450804,
              1847.4919472820256
            ],
            [
              1056.7375462432506,
              1881.8464113773425
            ],
            [
              1096.5843854579052,
              1870.0029253408748
            ],
            [
              1040.145005450804,
              1847.4919472820256
            ]
          ]
        ]
      }
    },
    {
      "type": "Feature",
      "properties": {
        "kind": "FACE",
        "field": 33
      },
      "geometry": {
        "type": "Polygon",
        "coordinates": [
          [
            [
              1128.0062493996818,
              1555.3129814428712
            ],
            [
              963.2533700043688,
              1735.0044304213634
            ],
            [
              1136.50307202192,
              1636.7806626935426
            ],
            [
              1128.0062493996818,
              1555.3129814428712
            ]
          ]
        ]
      }
    },
    {
      "type": "Feature",
      "properties": {
        "kind": "FACE",
        "field": 34
      },
      "geometry": {
        "type": "Polygon",
        "coordinates": [
          [
            [
              906.0372932580194,
              1406.8045158550422
            ],
            [
              1050.1009028745777,
              1553.031984169442
            ],
            [
              1128.0062493996818,
              1555.3129814428712
            ],
            [
              1113.5367033427835,
              1483.2478101163535
            ],
            [
              906.0372932580194,
              1406.8045158550422
            ]
          ]
        ]
      }
    },
    {
      "type": "Feature",
      "properties": {
        "kind": "FACE",
        "field": 35
      },
      "geometry": {
        "type": "Polygon",
        "coordinates": [
          [
            [
              655.7895,
              2028.0
            ],
            [
              669.3320830397569,
              2026.3213954253417
            ],
            [
              679.1764670885968,
              1637.9215342301877
            ],
            [
              656.7636279001451,
              1635.6317965674398
            ],
            [
              655.7895,
              2028.0
            ]
          ]
        ]
      }
    },
    {
      "type": "Feature",
      "properties": {
        "kind": "FACE",
        "field": 36
      },
      "geometry": {
        "type": "Polygon",
        "coordinates": [
          [
            [
              679.1764670885968,
              1637.9215342301877
            ],
            [
              717.0125937262387,
              1692.2939239560915
            ],
            [
              717.3459371444161,
              1558.0267932262757
            ],
            [
              738.4529159114968,
              1345.0660180642983
            ],
            [
              680.4455000769375,
              1438.3494515820262
            ],
            [
              679.1764670885968,
              1637.9215342301877
            ]
          ]
        ]
      }
    },
    {
      "type": "Feature",
      "properties": {
        "kind": "FACE",
        "field": 37
      },
      "geometry": {
        "type": "Polygon",
        "coordinates": [
          [
            [
              738.4529159114968,
              1345.0660180642983
            ],
            [
              717.3459371444161,
              1558.0267932262757
            ],
            [
              726.3873376466739,
              1646.5286347308618
            ],
            [
              735.2124118861224,
              1390.762301743975
            ],
            [
              738.4529159114968,
              1345.0660180642983
            ]
          ]
        ]
      }
    },
    {
      "type": "Feature",
      "properties": {
        "kind": "FACE",
        "field": 38
      },
      "geometry": {
        "type": "Polygon",
        "coordinates": [
          [
            [
              738.4529159114968,
              1345.0660180642983
            ],
            [
              735.2124118861224,
              1390.762301743975
            ],
            [
              895.8890174132108,
              1406.8999445545237
            ],
            [
              896.681995372352,
              1403.358001048643
            ],
            [
              738.4529159114968,
              1345.0660180642983
            ]
          ]
        ]
      }
    },
    {
      "type": "Feature",
      "properties": {
        "kind": "FACE",
        "field": 39
      },
      "geometry": {
        "type": "Polygon",
        "coordinates": [
          [
            [
              895.8890174132108,
              1406.8999445545237
            ],
            [
              906.0372932580194,
              1406.8045158550422
            ],
            [
              900.5312863660222,
              1404.7760893410687
            ],
            [
              895.8890174132108,
              1406.8999445545237
            ]
          ]
        ]
      }
    },
    {
      "type": "Feature",
      "properties": {
        "kind": "FACE",
        "field": 40
      },
      "geometry": {
        "type": "Polygon",
        "coordinates": [
          [
            [
              1056.7375462432506,
              1881.8464113773425
            ],
            [
              1082.309719203376,
              1994.4995076001208
            ],
            [
              1167.07,
              1999.8063333333332
            ],
            [
              1079.9312797543575,
              1883.9283893927513
            ],
            [
              1056.7375462432506,
              1881.8464113773425
            ]
          ]
        ]
      }
    },
    {
      "type": "Feature",
      "properties": {
        "kind": "FACE",
        "field": 41
      },
      "geometry": {
        "type": "Polygon",
        "coordinates": [
          [
            [
              1136.50307202192,
              1636.7806626935426
            ],
            [
              1084.6966154589486,
              1729.912926312287
            ],
            [
              1096.5843854579052,
              1870.0029253408748
            ],
            [
              1152.7656186780346,
              1719.527993369307
            ],
            [
              1136.50307202192,
              1636.7806626935426
            ]
          ]
        ]
      }
    },
    {
      "type": "Feature",
      "properties": {
        "kind": "FACE",
        "field": 42
      },
      "geometry": {
        "type": "Polygon",
        "coordinates": [
          [
            [
              1084.6966154589486,
              1729.912926312287
            ],
            [
              1040.145005450804,
              1847.4919472820256
            ],
            [
              1096.5843854579052,
              1870.0029253408748
            ],
            [
              1084.6966154589486,
              1729.912926312287
            ]
          ]
        ]
      }
    },
    {
      "type": "Feature",
      "properties": {
        "kind": "FACE",
        "field": 43
      },
      "geometry": {
        "type": "Polygon",
        "coordinates": [
          [
            [
              1096.5843854579052,
              1870.0029253408748
            ],
            [
              1056.7375462432506,
              1881.8464113773425
            ],
            [
              1079.9312797543575,
              1883.9283893927513
            ],
            [
              1096.5843854579052,
              1870.0029253408748
            ]
          ]
        ]
      }
    },
    {
      "type": "Feature",
      "properties": {
        "kind": "FACE",
        "field": 44
      },
      "geometry": {
        "type": "Polygon",
        "coordinates": [
          [
            [
              1128.0062493996818,
              1555.3129814428712
            ],
            [
              1136.50307202192,
              1636.7806626935426
            ],
            [
              1156.5133833220466,
              1603.4941058288478
            ],
            [
              1148.4831092871295,
              1543.6860279908724
            ],
            [
              1128.0062493996818,
              1555.3129814428712
            ]
          ]
        ]
      }
    },
    {
      "type": "Feature",
      "properties": {
        "kind": "FACE",
        "field": 45
      },
      "geometry": {
        "type": "Polygon",
        "coordinates": [
          [
            [
              1113.5367033427835,
              1483.2478101163535
            ],
            [
              1128.0062493996818,
              1555.3129814428712
            ],
            [
              1133.9356915204983,
              1545.6004580321905
            ],
            [
              1113.5367033427835,
              1483.2478101163535
            ]
          ]
        ]
      }
    },
    {
      "type": "Feature",
      "properties": {
        "kind": "FACE",
        "field": 46
      },
      "geometry": {
        "type": "Polygon",
        "coordinates": [
          [
            [
              656.7636279001451,
              1635.6317965674398
            ],
            [
              679.1764670885968,
              1637.9215342301877
            ],
            [
              688.7213655258486,
              1326.7447922899773
            ],
            [
              656.7636279001451,
              1635.6317965674398
            ]
          ]
        ]
      }
    },
    {
      "type": "Feature",
      "properties": {
        "kind": "FACE",
        "field": 47
      },
      "geometry": {
        "type": "Polygon",
        "coordinates": [
          [
            [
              688.7213655258486,
              1326.7447922899773
            ],
            [
              679.1764670885968,
              1637.9215342301877
            ],
            [
              680.4455000769375,
              1438.3494515820262
            ],
            [
              688.7213655258486,
              1326.7447922899773
            ]
          ]
        ]
      }
    },
    {
      "type": "Feature",
      "properties": {
        "kind": "FACE",
        "field": 48
      },
      "geometry": {
        "type": "Polygon",
        "coordinates": [
          [
            [
              688.7213655258486,
              1326.7447922899773
            ],
            [
              727.3252894318913,
              1306.9632392217181
            ],
            [
              738.4529159114968,
              1345.0660180642983
            ],
            [
              688.7213655258486,
              1326.7447922899773
            ]
          ]
        ]
      }
    },
    {
      "type": "Feature",
      "properties": {
        "kind": "FACE",
        "field": 49
      },
      "geometry": {
        "type": "Polygon",
        "coordinates": [
          [
            [
              900.5312863660222,
              1404.7760893410687
            ],
            [
              897.5089013927034,
              1399.9209577373108
            ],
            [
              896.681995372352,
              1403.358001048643
            ],
            [
              900.5312863660222,
              1404.7760893410687
            ]
          ]
        ]
      }
    },
    {
      "type": "Feature",
      "properties": {
        "kind": "FACE",
        "field": 50
      },
      "geometry": {
        "type": "Polygon",
        "coordinates": [
          [
            [
              1096.5843854579052,
              1870.0029253408748
            ],
            [
              1079.9312797543575,
              1883.9283893927513
            ],
            [
              1167.07,
              1999.8063333333332
            ],
            [
              1215.1456806358947,
              1866.9604152338916
            ],
            [
              1150.6673375886817,
              1793.9521077276422
            ],
            [
              1096.5843854579052,
              1870.0029253408748
            ]
          ]
        ]
      }
    },
    {
      "type": "Feature",
      "properties": {
        "kind": "FACE",
        "field": 51
      },
      "geometry": {
        "type": "Polygon",
        "coordinates": [
          [
            [
              1136.50307202192,
              1636.7806626935426
            ],
            [
              1152.7656186780346,
              1719.527993369307
            ],
            [
              1168.1970780848474,
              1690.5122228657413
            ],
            [
              1158.9715305423879,
              1621.8019568003224
            ],
            [
              1136.50307202192,
              1636.7806626935426
            ]
          ]
        ]
      }
    },
    {
      "type": "Feature",
      "properties": {
        "kind": "FACE",
        "field": 52
      },
      "geometry": {
        "type": "Polygon",
        "coordinates": [
          [
            [
              1152.7656186780346,
              1719.527993369307
            ],
            [
              1096.5843854579052,
              1870.0029253408748
            ],
            [
              1150.6673375886817,
              1793.9521077276422
            ],
            [
              1152.7656186780346,
              1719.527993369307
            ]
          ]
        ]
      }
    },
    {
      "type": "Feature",
      "properties": {
        "kind": "FACE",
        "field": 53
      },
      "geometry": {
        "type": "Polygon",
        "coordinates": [
          [
            [
              1156.5133833220466,
              1603.4941058288478
            ],
            [
              1172.6485809800984,
              1595.0559143268422
            ],
            [
              1158.9715305423879,
              1621.8019568003224
            ],
            [
              1156.5133833220466,
              1603.4941058288478
            ]
          ]
        ]
      }
    },
    {
      "type": "Feature",
      "properties": {
        "kind": "FACE",
        "field": 54
      },
      "geometry": {
        "type": "Polygon",
        "coordinates": [
          [
            [
              1133.9356915204983,
              1545.6004580321905
            ],
            [
              1128.0062493996818,
              1555.3129814428712
            ],
            [
              1148.4831092871295,
              1543.6860279908724
            ],
            [
              1133.9356915204983,
              1545.6004580321905
            ]
          ]
        ]
      }
    },
    {
      "type": "Feature",
      "properties": {
        "kind": "FACE",
        "field": 55
      },
      "geometry": {
        "type": "Polygon",
        "coordinates": [
          [
            [
              1113.5367033427835,
              1483.2478101163535
            ],
            [
              1133.9356915204983,
              1545.6004580321905
            ],
            [
              1148.4831092871295,
              1543.6860279908724
            ],
            [
              1141.7645,
              1493.647
            ],
            [
              1113.5367033427835,
              1483.2478101163535
            ]
          ]
        ]
      }
    },
    {
      "type": "Feature",
      "properties": {
        "kind": "FACE",
        "field": 56
      },
      "geometry": {
        "type": "Polygon",
        "coordinates": [
          [
            [
              688.7213655258486,
              1326.7447922899773
            ],
            [
              704.9341158521192,
              1284.5721576402073
            ],
            [
              657.559,
              1315.2645
            ],
            [
              688.7213655258486,
              1326.7447922899773
            ]
          ]
        ]
      }
    },
    {
      "type": "Feature",
      "properties": {
        "kind": "FACE",
        "field": 57
      },
      "geometry": {
        "type": "Polygon",
        "coordinates": [
          [
            [
              1152.7656186780346,
              1719.527993369307
            ],
            [
              1150.6673375886817,
              1793.9521077276422
            ],
            [
              1215.1456806358947,
              1866.9604152338916
            ],
            [
              1184.5420932799216,
              1775.0694331845148
            ],
            [
              1152.7656186780346,
              1719.527993369307
            ]
          ]
        ]
      }
    },
    {
      "type": "Feature",
      "properties": {
        "kind": "FACE",
        "field": 58
      },
      "geometry": {
        "type": "Polygon",
        "coordinates": [
          [
            [
              1215.1456806358947,
              1866.9604152338916
            ],
            [
              1167.07,
              1999.8063333333332
            ],
            [
              1261.355,
              2005.7095
            ],
            [
              1215.1456806358947,
              1866.9604152338916
            ]
          ]
        ]
      }
    },
    {
      "type": "Feature",
      "properties": {
        "kind": "FACE",
        "field": 59
      },
      "geometry": {
        "type": "Polygon",
        "coordinates": [
          [
            [
              1168.1970780848474,
              1690.5122228657413
            ],
            [
              1152.7656186780346,
              1719.527993369307
            ],
            [
              1159.4564616737644,
              1715.6628594472902
            ],
            [
              1168.1970780848474,
              1690.5122228657413
            ]
          ]
        ]
      }
    },
    {
      "type": "Feature",
      "properties": {
        "kind": "FACE",
        "field": 60
      },
      "geometry": {
        "type": "Polygon",
        "coordinates": [
          [
            [
              1152.7656186780346,
              1719.527993369307
            ],
            [
              1184.5420932799216,
              1775.0694331845148
            ],
            [
              1159.4564616737644,
              1715.6628594472902
            ],
            [
              1152.7656186780346,
              1719.527993369307
            ]
          ]
        ]
      }
    },
    {
      "type": "Feature",
      "properties": {
        "kind": "FACE",
        "field": 61
      },
      "geometry": {
        "type": "Polygon",
        "coordinates": [
          [
            [
              1168.1970780848474,
              1690.5122228657413
            ],
            [
              1159.4564616737644,
              1715.6628594472902
            ],
            [
              1184.5420932799216,
              1775.0694331845148
            ],
            [
              1176.1785610847755,
              1749.9569136006448
            ],
            [
              1168.1970780848474,
              1690.5122228657413
            ]
          ]
        ]
      }
    },
    {
      "type": "Feature",
      "properties": {
        "kind": "EDGE_OCCURRENCE",
        "field": 0,
        "edge_id": 0,
        "sign": 1,
        "v_start": 1,
        "v_end": 3,
        "source_tag": [
          0,
          0
        ]
      },
      "geometry": {
        "type": "LineString",
        "coordinates": [
          [
            784.8736999999999,
            2011.9999999999998
          ],
          [
            812.057546077343,
            2008.630559454701
          ]
        ]
      }
    },
    {
      "type": "Feature",
      "properties": {
        "kind": "EDGE_OCCURRENCE",
        "field": 0,
        "edge_id": 1,
        "sign": 1,
        "v_start": 3,
        "v_end": 2,
        "source_tag": [
          0,
          1
        ]
      },
      "geometry": {
        "type": "LineString",
        "coordinates": [
          [
            812.057546077343,
            2008.630559454701
          ],
          [
            867.0781509722156,
            1918.57388025486
          ]
        ]
      }
    },
    {
      "type": "Feature",
      "properties": {
        "kind": "EDGE_OCCURRENCE",
        "field": 0,
        "edge_id": 2,
        "sign": 1,
        "v_start": 2,
        "v_end": 0,
        "source_tag": [
          0,
          2
        ]
      },
      "geometry": {
        "type": "LineString",
        "coordinates": [
          [
            867.0781509722156,
            1918.57388025486
          ],
          [
            845.590685048493,
            1913.949559589299
          ]
        ]
      }
    },
    {
      "type": "Feature",
      "properties": {
        "kind": "EDGE_OCCURRENCE",
        "field": 0,
        "edge_id": 3,
        "sign": 1,
        "v_start": 0,
        "v_end": 1,
        "source_tag": [
          0,
          3
        ]
      },
      "geometry": {
        "type": "LineString",
        "coordinates": [
          [
            845.590685048493,
            1913.949559589299
          ],
          [
            784.8736999999999,
            2011.9999999999998
          ]
        ]
      }
    },
    {
      "type": "Feature",
      "properties": {
        "kind": "EDGE_OCCURRENCE",
        "field": 1,
        "edge_id": 4,
        "sign": 1,
        "v_start": 5,
        "v_end": 1,
        "source_tag": [
          1,
          0
        ]
      },
      "geometry": {
        "type": "LineString",
        "coordinates": [
          [
            700.3417496786246,
            2022.4777440239936
          ],
          [
            784.8736999999999,
            2011.9999999999998
          ]
        ]
      }
    },
    {
      "type": "Feature",
      "properties": {
        "kind": "EDGE_OCCURRENCE",
        "field": 1,
        "edge_id": 3,
        "sign": -1,
        "v_start": 1,
        "v_end": 0,
        "source_tag": [
          1,
          1
        ]
      },
      "geometry": {
        "type": "LineString",
        "coordinates": [
          [
            784.8736999999999,
            2011.9999999999998
          ],
          [
            845.590685048493,
            1913.949559589299
          ]
        ]
      }
    },
    {
      "type": "Feature",
      "properties": {
        "kind": "EDGE_OCCURRENCE",
        "field": 1,
        "edge_id": 5,
        "sign": 1,
        "v_start": 0,
        "v_end": 4,
        "source_tag": [
          1,
          2
        ]
      },
      "geometry": {
        "type": "LineString",
        "coordinates": [
          [
            845.590685048493,
            1913.949559589299
          ],
          [
            739.4716651982583,
            1961.7534594075746
          ]
        ]
      }
    },
    {
      "type": "Feature",
      "properties": {
        "kind": "EDGE_OCCURRENCE",
        "field": 1,
        "edge_id": 6,
        "sign": 1,
        "v_start": 4,
        "v_end": 5,
        "source_tag": [
          1,
          3
        ]
      },
      "geometry": {
        "type": "LineString",
        "coordinates": [
          [
            739.4716651982583,
            1961.7534594075746
          ],
          [
            700.3417496786246,
            2022.4777440239936
          ]
        ]
      }
    },
    {
      "type": "Feature",
      "properties": {
        "kind": "EDGE_OCCURRENCE",
        "field": 2,
        "edge_id": 1,
        "sign": -1,
        "v_start": 2,
        "v_end": 3,
        "source_tag": [
          2,
          0
        ]
      },
      "geometry": {
        "type": "LineString",
        "coordinates": [
          [
            867.0781509722156,
            1918.57388025486
          ],
          [
            812.057546077343,
            2008.630559454701
          ]
        ]
      }
    },
    {
      "type": "Feature",
      "properties": {
        "kind": "EDGE_OCCURRENCE",
        "field": 2,
        "edge_id": 7,
        "sign": 1,
        "v_start": 3,
        "v_end": 6,
        "source_tag": [
          2,
          1
        ]
      },
      "geometry": {
        "type": "LineString",
        "coordinates": [
          [
            812.057546077343,
            2008.630559454701
          ],
          [
            877.2682449802126,
            1904.9124301436657
          ]
        ]
      }
    },
    {
      "type": "Feature",
      "properties": {
        "kind": "EDGE_OCCURRENCE",
        "field": 2,
        "edge_id": 8,
        "sign": 1,
        "v_start": 6,
        "v_end": 2,
        "source_tag": [
          2,
          2
        ]
      },
      "geometry": {
        "type": "LineString",
        "coordinates": [
          [
            877.2682449802126,
            1904.9124301436657
          ],
          [
            867.0781509722156,
            1918.57388025486
          ]
        ]
      }
    },
    {
      "type": "Feature",
      "properties": {
        "kind": "EDGE_OCCURRENCE",
        "field": 3,
        "edge_id": 2,
        "sign": -1,
        "v_start": 0,
        "v_end": 2,
        "source_tag": [
          3,
          0
        ]
      },
      "geometry": {
        "type": "LineString",
        "coordinates": [
          [
            845.590685048493,
            1913.949559589299
          ],
          [
            867.0781509722156,
            1918.57388025486
          ]
        ]
      }
    },
    {
      "type": "Feature",
      "properties": {
        "kind": "EDGE_OCCURRENCE",
        "field": 3,
        "edge_id": 8,
        "sign": -1,
        "v_start": 2,
        "v_end": 6,
        "source_tag": [
          3,
          1
        ]
      },
      "geometry": {
        "type": "LineString",
        "coordinates": [
          [
            867.0781509722156,
            1918.57388025486
          ],
          [
            877.2682449802126,
            1904.9124301436657
          ]
        ]
      }
    },
    {
      "type": "Feature",
      "properties": {
        "kind": "EDGE_OCCURRENCE",
        "field": 3,
        "edge_id": 9,
        "sign": 1,
        "v_start": 6,
        "v_end": 0,
        "source_tag": [
          3,
          2
        ]
      },
      "geometry": {
        "type": "LineString",
        "coordinates": [
          [
            877.2682449802126,
            1904.9124301436657
          ],
          [
            845.590685048493,
            1913.949559589299
          ]
        ]
      }
    },
    {
      "type": "Feature",
      "properties": {
        "kind": "EDGE_OCCURRENCE",
        "field": 4,
        "edge_id": 10,
        "sign": 1,
        "v_start": 7,
        "v_end": 5,
        "source_tag": [
          4,
          0
        ]
      },
      "geometry": {
        "type": "LineString",
        "coordinates": [
          [
            729.2349212245479,
            1717.9398067927382
          ],
          [
            700.3417496786246,
            2022.4777440239936
          ]
        ]
      }
    },
    {
      "type": "Feature",
      "properties": {
        "kind": "EDGE_OCCURRENCE",
        "field": 4,
        "edge_id": 6,
        "sign": -1,
        "v_start": 5,
        "v_end": 4,
        "source_tag": [
          4,
          1
        ]
      },
      "geometry": {
        "type": "LineString",
        "coordinates": [
          [
            700.3417496786246,
            2022.4777440239936
          ],
          [
            739.4716651982583,
            1961.7534594075746
          ]
        ]
      }
    },
    {
      "type": "Feature",
      "properties": {
        "kind": "EDGE_OCCURRENCE",
        "field": 4,
        "edge_id": 11,
        "sign": 1,
        "v_start": 4,
        "v_end": 7,
        "source_tag": [
          4,
          2
        ]
      },
      "geometry": {
        "type": "LineString",
        "coordinates": [
          [
            739.4716651982583,
            1961.7534594075746
          ],
          [
            729.2349212245479,
            1717.9398067927382
          ]
        ]
      }
    },
    {
      "type": "Feature",
      "properties": {
        "kind": "EDGE_OCCURRENCE",
        "field": 5,
        "edge_id": 11,
        "sign": -1,
        "v_start": 7,
        "v_end": 4,
        "source_tag": [
          5,
          0
        ]
      },
      "geometry": {
        "type": "LineString",
        "coordinates": [
          [
            729.2349212245479,
            1717.9398067927382
          ],
          [
            739.4716651982583,
            1961.7534594075746
          ]
        ]
      }
    },
    {
      "type": "Feature",
      "properties": {
        "kind": "EDGE_OCCURRENCE",
        "field": 5,
        "edge_id": 5,
        "sign": -1,
        "v_start": 4,
        "v_end": 0,
        "source_tag": [
          5,
          1
        ]
      },
      "geometry": {
        "type": "LineString",
        "coordinates": [
          [
            739.4716651982583,
            1961.7534594075746
          ],
          [
            845.590685048493,
            1913.949559589299
          ]
        ]
      }
    },
    {
      "type": "Feature",
      "properties": {
        "kind": "EDGE_OCCURRENCE",
        "field": 5,
        "edge_id": 12,
        "sign": 1,
        "v_start": 0,
        "v_end": 7,
        "source_tag": [
          5,
          2
        ]
      },
      "geometry": {
        "type": "LineString",
        "coordinates": [
          [
            845.590685048493,
            1913.949559589299
          ],
          [
            729.2349212245479,
            1717.9398067927382
          ]
        ]
      }
    },
    {
      "type": "Feature",
      "properties": {
        "kind": "EDGE_OCCURRENCE",
        "field": 6,
        "edge_id": 13,
        "sign": 1,
        "v_start": 3,
        "v_end": 9,
        "source_tag": [
          6,
          0
        ]
      },
      "geometry": {
        "type": "LineString",
        "coordinates": [
          [
            812.057546077343,
            2008.630559454701
          ],
          [
            918.609963918792,
            1995.423376193983
          ]
        ]
      }
    },
    {
      "type": "Feature",
      "properties": {
        "kind": "EDGE_OCCURRENCE",
        "field": 6,
        "edge_id": 14,
        "sign": 1,
        "v_start": 9,
        "v_end": 8,
        "source_tag": [
          6,
          1
        ]
      },
      "geometry": {
        "type": "LineString",
        "coordinates": [
          [
            918.609963918792,
            1995.423376193983
          ],
          [
            972.7641768648441,
            1904.0507184332437
          ]
        ]
      }
    },
    {
      "type": "Feature",
      "properties": {
        "kind": "EDGE_OCCURRENCE",
        "field": 6,
        "edge_id": 15,
        "sign": 1,
        "v_start": 8,
        "v_end": 6,
        "source_tag": [
          6,
          2
        ]
      },
      "geometry": {
        "type": "LineString",
        "coordinates": [
          [
            972.7641768648441,
            1904.0507184332437
          ],
          [
            877.2682449802126,
            1904.9124301436657
          ]
        ]
      }
    },
    {
      "type": "Feature",
      "properties": {
        "kind": "EDGE_OCCURRENCE",
        "field": 6,
        "edge_id": 7,
        "sign": -1,
        "v_start": 6,
        "v_end": 3,
        "source_tag": [
          6,
          3
        ]
      },
      "geometry": {
        "type": "LineString",
        "coordinates": [
          [
            877.2682449802126,
            1904.9124301436657
          ],
          [
            812.057546077343,
            2008.630559454701
          ]
        ]
      }
    },
    {
      "type": "Feature",
      "properties": {
        "kind": "EDGE_OCCURRENCE",
        "field": 7,
        "edge_id": 9,
        "sign": -1,
        "v_start": 0,
        "v_end": 6,
        "source_tag": [
          7,
          0
        ]
      },
      "geometry": {
        "type": "LineString",
        "coordinates": [
          [
            845.590685048493,
            1913.949559589299
          ],
          [
            877.2682449802126,
            1904.9124301436657
          ]
        ]
      }
    },
    {
      "type": "Feature",
      "properties": {
        "kind": "EDGE_OCCURRENCE",
        "field": 7,
        "edge_id": 16,
        "sign": 1,
        "v_start": 6,
        "v_end": 11,
        "source_tag": [
          7,
          1
        ]
      },
      "geometry": {
        "type": "LineString",
        "coordinates": [
          [
            877.2682449802126,
            1904.9124301436657
          ],
          [
            935.5069213283081,
            1809.2750479431254
          ]
        ]
      }
    },
    {
      "type": "Feature",
      "properties": {
        "kind": "EDGE_OCCURRENCE",
        "field": 7,
        "edge_id": 17,
        "sign": 1,
        "v_start": 11,
        "v_end": 10,
        "source_tag": [
          7,
          2
        ]
      },
      "geometry": {
        "type": "LineString",
        "coordinates": [
          [
            935.5069213283081,
            1809.2750479431254
          ],
          [
            901.2873094260766,
            1649.4420440871763
          ]
        ]
      }
    },
    {
      "type": "Feature",
      "properties": {
        "kind": "EDGE_OCCURRENCE",
        "field": 7,
        "edge_id": 18,
        "sign": 1,
        "v_start": 10,
        "v_end": 0,
        "source_tag": [
          7,
          3
        ]
      },
      "geometry": {
        "type": "LineString",
        "coordinates": [
          [
            901.2873094260766,
            1649.4420440871763
          ],
          [
            845.590685048493,
            1913.949559589299
          ]
        ]
      }
    },
    {
      "type": "Feature",
      "properties": {
        "kind": "EDGE_OCCURRENCE",
        "field": 8,
        "edge_id": 19,
        "sign": 1,
        "v_start": 13,
        "v_end": 5,
        "source_tag": [
          8,
          0
        ]
      },
      "geometry": {
        "type": "LineString",
        "coordinates": [
          [
            688.06055,
            2024.0
          ],
          [
            700.3417496786246,
            2022.4777440239936
          ]
        ]
      }
    },
    {
      "type": "Feature",
      "properties": {
        "kind": "EDGE_OCCURRENCE",
        "field": 8,
        "edge_id": 10,
        "sign": -1,
        "v_start": 5,
        "v_end": 7,
        "source_tag": [
          8,
          1
        ]
      },
      "geometry": {
        "type": "LineString",
        "coordinates": [
          [
            700.3417496786246,
            2022.4777440239936
          ],
          [
            729.2349212245479,
            1717.9398067927382
          ]
        ]
      }
    },
    {
      "type": "Feature",
      "properties": {
        "kind": "EDGE_OCCURRENCE",
        "field": 8,
        "edge_id": 20,
        "sign": 1,
        "v_start": 7,
        "v_end": 12,
        "source_tag": [
          8,
          2
        ]
      },
      "geometry": {
        "type": "LineString",
        "coordinates": [
          [
            729.2349212245479,
            1717.9398067927382
          ],
          [
            717.0125937262387,
            1692.2939239560915
          ]
        ]
      }
    },
    {
      "type": "Feature",
      "properties": {
        "kind": "EDGE_OCCURRENCE",
        "field": 8,
        "edge_id": 21,
        "sign": 1,
        "v_start": 12,
        "v_end": 13,
        "source_tag": [
          8,
          3
        ]
      },
      "geometry": {
        "type": "LineString",
        "coordinates": [
          [
            717.0125937262387,
            1692.2939239560915
          ],
          [
            688.06055,
            2024.0
          ]
        ]
      }
    },
    {
      "type": "Feature",
      "properties": {
        "kind": "EDGE_OCCURRENCE",
        "field": 9,
        "edge_id": 12,
        "sign": -1,
        "v_start": 7,
        "v_end": 0,
        "source_tag": [
          9,
          0
        ]
      },
      "geometry": {
        "type": "LineString",
        "coordinates": [
          [
            729.2349212245479,
            1717.9398067927382
          ],
          [
            845.590685048493,
            1913.949559589299
          ]
        ]
      }
    },
    {
      "type": "Feature",
      "properties": {
        "kind": "EDGE_OCCURRENCE",
        "field": 9,
        "edge_id": 18,
        "sign": -1,
        "v_start": 0,
        "v_end": 10,
        "source_tag": [
          9,
          1
        ]
      },
      "geometry": {
        "type": "LineString",
        "coordinates": [
          [
            845.590685048493,
            1913.949559589299
          ],
          [
            901.2873094260766,
            1649.4420440871763
          ]
        ]
      }
    },
    {
      "type": "Feature",
      "properties": {
        "kind": "EDGE_OCCURRENCE",
        "field": 9,
        "edge_id": 22,
        "sign": 1,
        "v_start": 10,
        "v_end": 14,
        "source_tag": [
          9,
          2
        ]
      },
      "geometry": {
        "type": "LineString",
        "coordinates": [
          [
            901.2873094260766,
            1649.4420440871763
          ],
          [
            729.4206967442831,
            1677.5341555301006
          ]
        ]
      }
    },
    {
      "type": "Feature",
      "properties": {
        "kind": "EDGE_OCCURRENCE",
        "field": 9,
        "edge_id": 23,
        "sign": 1,
        "v_start": 14,
        "v_end": 7,
        "source_tag": [
          9,
          3
        ]
      },
      "geometry": {
        "type": "LineString",
        "coordinates": [
          [
            729.4206967442831,
            1677.5341555301006
          ],
          [
            729.2349212245479,
            1717.9398067927382
          ]
        ]
      }
    },
    {
      "type": "Feature",
      "properties": {
        "kind": "EDGE_OCCURRENCE",
        "field": 10,
        "edge_id": 14,
        "sign": -1,
        "v_start": 8,
        "v_end": 9,
        "source_tag": [
          10,
          0
        ]
      },
      "geometry": {
        "type": "LineString",
        "coordinates": [
          [
            972.7641768648441,
            1904.0507184332437
          ],
          [
            918.609963918792,
            1995.423376193983
          ]
        ]
      }
    },
    {
      "type": "Feature",
      "properties": {
        "kind": "EDGE_OCCURRENCE",
        "field": 10,
        "edge_id": 24,
        "sign": 1,
        "v_start": 9,
        "v_end": 15,
        "source_tag": [
          10,
          1
        ]
      },
      "geometry": {
        "type": "LineString",
        "coordinates": [
          [
            918.609963918792,
            1995.423376193983
          ],
          [
            962.4082084068593,
            1926.8903748942096
          ]
        ]
      }
    },
    {
      "type": "Feature",
      "properties": {
        "kind": "EDGE_OCCURRENCE",
        "field": 10,
        "edge_id": 25,
        "sign": 1,
        "v_start": 15,
        "v_end": 8,
        "source_tag": [
          10,
          2
        ]
      },
      "geometry": {
        "type": "LineString",
        "coordinates": [
          [
            962.4082084068593,
            1926.8903748942096
          ],
          [
            972.7641768648441,
            1904.0507184332437
          ]
        ]
      }
    },
    {
      "type": "Feature",
      "properties": {
        "kind": "EDGE_OCCURRENCE",
        "field": 11,
        "edge_id": 15,
        "sign": -1,
        "v_start": 6,
        "v_end": 8,
        "source_tag": [
          11,
          0
        ]
      },
      "geometry": {
        "type": "LineString",
        "coordinates": [
          [
            877.2682449802126,
            1904.9124301436657
          ],
          [
            972.7641768648441,
            1904.0507184332437
          ]
        ]
      }
    },
    {
      "type": "Feature",
      "properties": {
        "kind": "EDGE_OCCURRENCE",
        "field": 11,
        "edge_id": 26,
        "sign": 1,
        "v_start": 8,
        "v_end": 17,
        "source_tag": [
          11,
          1
        ]
      },
      "geometry": {
        "type": "LineString",
        "coordinates": [
          [
            972.7641768648441,
            1904.0507184332437
          ],
          [
            1014.2441973198668,
            1881.092856155653
          ]
        ]
      }
    },
    {
      "type": "Feature",
      "properties": {
        "kind": "EDGE_OCCURRENCE",
        "field": 11,
        "edge_id": 27,
        "sign": 1,
        "v_start": 17,
        "v_end": 18,
        "source_tag": [
          11,
          2
        ]
      },
      "geometry": {
        "type": "LineString",
        "coordinates": [
          [
            1014.2441973198668,
            1881.092856155653
          ],
          [
            1040.145005450804,
            1847.4919472820256
          ]
        ]
      }
    },
    {
      "type": "Feature",
      "properties": {
        "kind": "EDGE_OCCURRENCE",
        "field": 11,
        "edge_id": 28,
        "sign": 1,
        "v_start": 18,
        "v_end": 16,
        "source_tag": [
          11,
          3
        ]
      },
      "geometry": {
        "type": "LineString",
        "coordinates": [
          [
            1040.145005450804,
            1847.4919472820256
          ],
          [
            894.3868728528053,
            1881.9050434442852
          ]
        ]
      }
    },
    {
      "type": "Feature",
      "properties": {
        "kind": "EDGE_OCCURRENCE",
        "field": 11,
        "edge_id": 29,
        "sign": 1,
        "v_start": 16,
        "v_end": 6,
        "source_tag": [
          11,
          4
        ]
      },
      "geometry": {
        "type": "LineString",
        "coordinates": [
          [
            894.3868728528053,
            1881.9050434442852
          ],
          [
            877.2682449802126,
            1904.9124301436657
          ]
        ]
      }
    },
    {
      "type": "Feature",
      "properties": {
        "kind": "EDGE_OCCURRENCE",
        "field": 12,
        "edge_id": 17,
        "sign": -1,
        "v_start": 10,
        "v_end": 11,
        "source_tag": [
          12,
          0
        ]
      },
      "geometry": {
        "type": "LineString",
        "coordinates": [
          [
            901.2873094260766,
            1649.4420440871763
          ],
          [
            935.5069213283081,
            1809.2750479431254
          ]
        ]
      }
    },
    {
      "type": "Feature",
      "properties": {
        "kind": "EDGE_OCCURRENCE",
        "field": 12,
        "edge_id": 30,
        "sign": 1,
        "v_start": 11,
        "v_end": 19,
        "source_tag": [
          12,
          1
        ]
      },
      "geometry": {
        "type": "LineString",
        "coordinates": [
          [
            935.5069213283081,
            1809.2750479431254
          ],
          [
            963.2533700043688,
            1735.0044304213634
          ]
        ]
      }
    },
    {
      "type": "Feature",
      "properties": {
        "kind": "EDGE_OCCURRENCE",
        "field": 12,
        "edge_id": 31,
        "sign": 1,
        "v_start": 19,
        "v_end": 10,
        "source_tag": [
          12,
          2
        ]
      },
      "geometry": {
        "type": "LineString",
        "coordinates": [
          [
            963.2533700043688,
            1735.0044304213634
          ],
          [
            901.2873094260766,
            1649.4420440871763
          ]
        ]
      }
    },
    {
      "type": "Feature",
      "properties": {
        "kind": "EDGE_OCCURRENCE",
        "field": 13,
        "edge_id": 16,
        "sign": -1,
        "v_start": 11,
        "v_end": 6,
        "source_tag": [
          13,
          0
        ]
      },
      "geometry": {
        "type": "LineString",
        "coordinates": [
          [
            935.5069213283081,
            1809.2750479431254
          ],
          [
            877.2682449802126,
            1904.9124301436657
          ]
        ]
      }
    },
    {
      "type": "Feature",
      "properties": {
        "kind": "EDGE_OCCURRENCE",
        "field": 13,
        "edge_id": 29,
        "sign": -1,
        "v_start": 6,
        "v_end": 16,
        "source_tag": [
          13,
          1
        ]
      },
      "geometry": {
        "type": "LineString",
        "coordinates": [
          [
            877.2682449802126,
            1904.9124301436657
          ],
          [
            894.3868728528053,
            1881.9050434442852
          ]
        ]
      }
    },
    {
      "type": "Feature",
      "properties": {
        "kind": "EDGE_OCCURRENCE",
        "field": 13,
        "edge_id": 32,
        "sign": 1,
        "v_start": 16,
        "v_end": 19,
        "source_tag": [
          13,
          2
        ]
      },
      "geometry": {
        "type": "LineString",
        "coordinates": [
          [
            894.3868728528053,
            1881.9050434442852
          ],
          [
            963.2533700043688,
            1735.0044304213634
          ]
        ]
      }
    },
    {
      "type": "Feature",
      "properties": {
        "kind": "EDGE_OCCURRENCE",
        "field": 13,
        "edge_id": 30,
        "sign": -1,
        "v_start": 19,
        "v_end": 11,
        "source_tag": [
          13,
          3
        ]
      },
      "geometry": {
        "type": "LineString",
        "coordinates": [
          [
            963.2533700043688,
            1735.0044304213634
          ],
          [
            935.5069213283081,
            1809.2750479431254
          ]
        ]
      }
    },
    {
      "type": "Feature",
      "properties": {
        "kind": "EDGE_OCCURRENCE",
        "field": 14,
        "edge_id": 33,
        "sign": 1,
        "v_start": 21,
        "v_end": 13,
        "source_tag": [
          14,
          0
        ]
      },
      "geometry": {
        "type": "LineString",
        "coordinates": [
          [
            669.3320830397569,
            2026.3213954253417
          ],
          [
            688.06055,
            2024.0
          ]
        ]
      }
    },
    {
      "type": "Feature",
      "properties": {
        "kind": "EDGE_OCCURRENCE",
        "field": 14,
        "edge_id": 21,
        "sign": -1,
        "v_start": 13,
        "v_end": 12,
        "source_tag": [
          14,
          1
        ]
      },
      "geometry": {
        "type": "LineString",
        "coordinates": [
          [
            688.06055,
            2024.0
          ],
          [
            717.0125937262387,
            1692.2939239560915
          ]
        ]
      }
    },
    {
      "type": "Feature",
      "properties": {
        "kind": "EDGE_OCCURRENCE",
        "field": 14,
        "edge_id": 34,
        "sign": 1,
        "v_start": 12,
        "v_end": 20,
        "source_tag": [
          14,
          2
        ]
      },
      "geometry": {
        "type": "LineString",
        "coordinates": [
          [
            717.0125937262387,
            1692.2939239560915
          ],
          [
            682.9488038535878,
            1800.3223446913858
          ]
        ]
      }
    },
    {
      "type": "Feature",
      "properties": {
        "kind": "EDGE_OCCURRENCE",
        "field": 14,
        "edge_id": 35,
        "sign": 1,
        "v_start": 20,
        "v_end": 21,
        "source_tag": [
          14,
          3
        ]
      },
      "geometry": {
        "type": "LineString",
        "coordinates": [
          [
            682.9488038535878,
            1800.3223446913858
          ],
          [
            669.3320830397569,
            2026.3213954253417
          ]
        ]
      }
    },
    {
      "type": "Feature",
      "properties": {
        "kind": "EDGE_OCCURRENCE",
        "field": 15,
        "edge_id": 20,
        "sign": -1,
        "v_start": 12,
        "v_end": 7,
        "source_tag": [
          15,
          0
        ]
      },
      "geometry": {
        "type": "LineString",
        "coordinates": [
          [
            717.0125937262387,
            1692.2939239560915
          ],
          [
            729.2349212245479,
            1717.9398067927382
          ]
        ]
      }
    },
    {
      "type": "Feature",
      "properties": {
        "kind": "EDGE_OCCURRENCE",
        "field": 15,
        "edge_id": 36,
        "sign": 1,
        "v_start": 7,
        "v_end": 22,
        "source_tag": [
          15,
          1
        ]
      },
      "geometry": {
        "type": "LineString",
        "coordinates": [
          [
            729.2349212245479,
            1717.9398067927382
          ],
          [
            726.3873376466739,
            1646.5286347308618
          ]
        ]
      }
    },
    {
      "type": "Feature",
      "properties": {
        "kind": "EDGE_OCCURRENCE",
        "field": 15,
        "edge_id": 37,
        "sign": 1,
        "v_start": 22,
        "v_end": 12,
        "source_tag": [
          15,
          2
        ]
      },
      "geometry": {
        "type": "LineString",
        "coordinates": [
          [
            726.3873376466739,
            1646.5286347308618
          ],
          [
            717.0125937262387,
            1692.2939239560915
          ]
        ]
      }
    },
    {
      "type": "Feature",
      "properties": {
        "kind": "EDGE_OCCURRENCE",
        "field": 16,
        "edge_id": 38,
        "sign": 1,
        "v_start": 22,
        "v_end": 14,
        "source_tag": [
          16,
          0
        ]
      },
      "geometry": {
        "type": "LineString",
        "coordinates": [
          [
            726.3873376466739,
            1646.5286347308618
          ],
          [
            729.4206967442831,
            1677.5341555301006
          ]
        ]
      }
    },
    {
      "type": "Feature",
      "properties": {
        "kind": "EDGE_OCCURRENCE",
        "field": 16,
        "edge_id": 22,
        "sign": -1,
        "v_start": 14,
        "v_end": 10,
        "source_tag": [
          16,
          1
        ]
      },
      "geometry": {
        "type": "LineString",
        "coordinates": [
          [
            729.4206967442831,
            1677.5341555301006
          ],
          [
            901.2873094260766,
            1649.4420440871763
          ]
        ]
      }
    },
    {
      "type": "Feature",
      "properties": {
        "kind": "EDGE_OCCURRENCE",
        "field": 16,
        "edge_id": 39,
        "sign": 1,
        "v_start": 10,
        "v_end": 23,
        "source_tag": [
          16,
          2
        ]
      },
      "geometry": {
        "type": "LineString",
        "coordinates": [
          [
            901.2873094260766,
            1649.4420440871763
          ],
          [
            895.8890174132108,
            1406.8999445545237
          ]
        ]
      }
    },
    {
      "type": "Feature",
      "properties": {
        "kind": "EDGE_OCCURRENCE",
        "field": 16,
        "edge_id": 40,
        "sign": 1,
        "v_start": 23,
        "v_end": 22,
        "source_tag": [
          16,
          3
        ]
      },
      "geometry": {
        "type": "LineString",
        "coordinates": [
          [
            895.8890174132108,
            1406.8999445545237
          ],
          [
            726.3873376466739,
            1646.5286347308618
          ]
        ]
      }
    },
    {
      "type": "Feature",
      "properties": {
        "kind": "EDGE_OCCURRENCE",
        "field": 17,
        "edge_id": 36,
        "sign": -1,
        "v_start": 22,
        "v_end": 7,
        "source_tag": [
          17,
          0
        ]
      },
      "geometry": {
        "type": "LineString",
        "coordinates": [
          [
            726.3873376466739,
            1646.5286347308618
          ],
          [
            729.2349212245479,
            1717.9398067927382
          ]
        ]
      }
    },
    {
      "type": "Feature",
      "properties": {
        "kind": "EDGE_OCCURRENCE",
        "field": 17,
        "edge_id": 23,
        "sign": -1,
        "v_start": 7,
        "v_end": 14,
        "source_tag": [
          17,
          1
        ]
      },
      "geometry": {
        "type": "LineString",
        "coordinates": [
          [
            729.2349212245479,
            1717.9398067927382
          ],
          [
            729.4206967442831,
            1677.5341555301006
          ]
        ]
      }
    },
    {
      "type": "Feature",
      "properties": {
        "kind": "EDGE_OCCURRENCE",
        "field": 17,
        "edge_id": 38,
        "sign": -1,
        "v_start": 14,
        "v_end": 22,
        "source_tag": [
          17,
          2
        ]
      },
      "geometry": {
        "type": "LineString",
        "coordinates": [
          [
            729.4206967442831,
            1677.5341555301006
          ],
          [
            726.3873376466739,
            1646.5286347308618
          ]
        ]
      }
    },
    {
      "type": "Feature",
      "properties": {
        "kind": "EDGE_OCCURRENCE",
        "field": 18,
        "edge_id": 41,
        "sign": 1,
        "v_start": 9,
        "v_end": 25,
        "source_tag": [
          18,
          0
        ]
      },
      "geometry": {
        "type": "LineString",
        "coordinates": [
          [
            918.609963918792,
            1995.423376193983
          ],
          [
            978.5,
            1988.0
          ]
        ]
      }
    },
    {
      "type": "Feature",
      "properties": {
        "kind": "EDGE_OCCURRENCE",
        "field": 18,
        "edge_id": 42,
        "sign": 1,
        "v_start": 25,
        "v_end": 24,
        "source_tag": [
          18,
          1
        ]
      },
      "geometry": {
        "type": "LineString",
        "coordinates": [
          [
            978.5,
            1988.0
          ],
          [
            1026.667821742324,
            1991.0157785407564
          ]
        ]
      }
    },
    {
      "type": "Feature",
      "properties": {
        "kind": "EDGE_OCCURRENCE",
        "field": 18,
        "edge_id": 43,
        "sign": 1,
        "v_start": 24,
        "v_end": 15,
        "source_tag": [
          18,
          2
        ]
      },
      "geometry": {
        "type": "LineString",
        "coordinates": [
          [
            1026.667821742324,
            1991.0157785407564
          ],
          [
            962.4082084068593,
            1926.8903748942096
          ]
        ]
      }
    },
    {
      "type": "Feature",
      "properties": {
        "kind": "EDGE_OCCURRENCE",
        "field": 18,
        "edge_id": 24,
        "sign": -1,
        "v_start": 15,
        "v_end": 9,
        "source_tag": [
          18,
          3
        ]
      },
      "geometry": {
        "type": "LineString",
        "coordinates": [
          [
            962.4082084068593,
            1926.8903748942096
          ],
          [
            918.609963918792,
            1995.423376193983
          ]
        ]
      }
    },
    {
      "type": "Feature",
      "properties": {
        "kind": "EDGE_OCCURRENCE",
        "field": 19,
        "edge_id": 25,
        "sign": -1,
        "v_start": 8,
        "v_end": 15,
        "source_tag": [
          19,
          0
        ]
      },
      "geometry": {
        "type": "LineString",
        "coordinates": [
          [
            972.7641768648441,
            1904.0507184332437
          ],
          [
            962.4082084068593,
            1926.8903748942096
          ]
        ]
      }
    },
    {
      "type": "Feature",
      "properties": {
        "kind": "EDGE_OCCURRENCE",
        "field": 19,
        "edge_id": 43,
        "sign": -1,
        "v_start": 15,
        "v_end": 24,
        "source_tag": [
          19,
          1
        ]
      },
      "geometry": {
        "type": "LineString",
        "coordinates": [
          [
            962.4082084068593,
            1926.8903748942096
          ],
          [
            1026.667821742324,
            1991.0157785407564
          ]
        ]
      }
    },
    {
      "type": "Feature",
      "properties": {
        "kind": "EDGE_OCCURRENCE",
        "field": 19,
        "edge_id": 44,
        "sign": 1,
        "v_start": 24,
        "v_end": 8,
        "source_tag": [
          19,
          2
        ]
      },
      "geometry": {
        "type": "LineString",
        "coordinates": [
          [
            1026.667821742324,
            1991.0157785407564
          ],
          [
            972.7641768648441,
            1904.0507184332437
          ]
        ]
      }
    },
    {
      "type": "Feature",
      "properties": {
        "kind": "EDGE_OCCURRENCE",
        "field": 20,
        "edge_id": 45,
        "sign": 1,
        "v_start": 27,
        "v_end": 17,
        "source_tag": [
          20,
          0
        ]
      },
      "geometry": {
        "type": "LineString",
        "coordinates": [
          [
            1056.7375462432506,
            1881.8464113773425
          ],
          [
            1014.2441973198668,
            1881.092856155653
          ]
        ]
      }
    },
    {
      "type": "Feature",
      "properties": {
        "kind": "EDGE_OCCURRENCE",
        "field": 20,
        "edge_id": 26,
        "sign": -1,
        "v_start": 17,
        "v_end": 8,
        "source_tag": [
          20,
          1
        ]
      },
      "geometry": {
        "type": "LineString",
        "coordinates": [
          [
            1014.2441973198668,
            1881.092856155653
          ],
          [
            972.7641768648441,
            1904.0507184332437
          ]
        ]
      }
    },
    {
      "type": "Feature",
      "properties": {
        "kind": "EDGE_OCCURRENCE",
        "field": 20,
        "edge_id": 46,
        "sign": 1,
        "v_start": 8,
        "v_end": 26,
        "source_tag": [
          20,
          2
        ]
      },
      "geometry": {
        "type": "LineString",
        "coordinates": [
          [
            972.7641768648441,
            1904.0507184332437
          ],
          [
            1015.3124528241736,
            1898.6271348445941
          ]
        ]
      }
    },
    {
      "type": "Feature",
      "properties": {
        "kind": "EDGE_OCCURRENCE",
        "field": 20,
        "edge_id": 47,
        "sign": 1,
        "v_start": 26,
        "v_end": 27,
        "source_tag": [
          20,
          3
        ]
      },
      "geometry": {
        "type": "LineString",
        "coordinates": [
          [
            1015.3124528241736,
            1898.6271348445941
          ],
          [
            1056.7375462432506,
            1881.8464113773425
          ]
        ]
      }
    },
    {
      "type": "Feature",
      "properties": {
        "kind": "EDGE_OCCURRENCE",
        "field": 21,
        "edge_id": 28,
        "sign": -1,
        "v_start": 16,
        "v_end": 18,
        "source_tag": [
          21,
          0
        ]
      },
      "geometry": {
        "type": "LineString",
        "coordinates": [
          [
            894.3868728528053,
            1881.9050434442852
          ],
          [
            1040.145005450804,
            1847.4919472820256
          ]
        ]
      }
    },
    {
      "type": "Feature",
      "properties": {
        "kind": "EDGE_OCCURRENCE",
        "field": 21,
        "edge_id": 48,
        "sign": 1,
        "v_start": 18,
        "v_end": 19,
        "source_tag": [
          21,
          1
        ]
      },
      "geometry": {
        "type": "LineString",
        "coordinates": [
          [
            1040.145005450804,
            1847.4919472820256
          ],
          [
            963.2533700043688,
            1735.0044304213634
          ]
        ]
      }
    },
    {
      "type": "Feature",
      "properties": {
        "kind": "EDGE_OCCURRENCE",
        "field": 21,
        "edge_id": 32,
        "sign": -1,
        "v_start": 19,
        "v_end": 16,
        "source_tag": [
          21,
          2
        ]
      },
      "geometry": {
        "type": "LineString",
        "coordinates": [
          [
            963.2533700043688,
            1735.0044304213634
          ],
          [
            894.3868728528053,
            1881.9050434442852
          ]
        ]
      }
    },
    {
      "type": "Feature",
      "properties": {
        "kind": "EDGE_OCCURRENCE",
        "field": 22,
        "edge_id": 27,
        "sign": -1,
        "v_start": 18,
        "v_end": 17,
        "source_tag": [
          22,
          0
        ]
      },
      "geometry": {
        "type": "LineString",
        "coordinates": [
          [
            1040.145005450804,
            1847.4919472820256
          ],
          [
            1014.2441973198668,
            1881.092856155653
          ]
        ]
      }
    },
    {
      "type": "Feature",
      "properties": {
        "kind": "EDGE_OCCURRENCE",
        "field": 22,
        "edge_id": 45,
        "sign": -1,
        "v_start": 17,
        "v_end": 27,
        "source_tag": [
          22,
          1
        ]
      },
      "geometry": {
        "type": "LineString",
        "coordinates": [
          [
            1014.2441973198668,
            1881.092856155653
          ],
          [
            1056.7375462432506,
            1881.8464113773425
          ]
        ]
      }
    },
    {
      "type": "Feature",
      "properties": {
        "kind": "EDGE_OCCURRENCE",
        "field": 22,
        "edge_id": 49,
        "sign": 1,
        "v_start": 27,
        "v_end": 18,
        "source_tag": [
          22,
          2
        ]
      },
      "geometry": {
        "type": "LineString",
        "coordinates": [
          [
            1056.7375462432506,
            1881.8464113773425
          ],
          [
            1040.145005450804,
            1847.4919472820256
          ]
        ]
      }
    },
    {
      "type": "Feature",
      "properties": {
        "kind": "EDGE_OCCURRENCE",
        "field": 23,
        "edge_id": 31,
        "sign": -1,
        "v_start": 10,
        "v_end": 19,
        "source_tag": [
          23,
          0
        ]
      },
      "geometry": {
        "type": "LineString",
        "coordinates": [
          [
            901.2873094260766,
            1649.4420440871763
          ],
          [
            963.2533700043688,
            1735.0044304213634
          ]
        ]
      }
    },
    {
      "type": "Feature",
      "properties": {
        "kind": "EDGE_OCCURRENCE",
        "field": 23,
        "edge_id": 50,
        "sign": 1,
        "v_start": 19,
        "v_end": 29,
        "source_tag": [
          23,
          1
        ]
      },
      "geometry": {
        "type": "LineString",
        "coordinates": [
          [
            963.2533700043688,
            1735.0044304213634
          ],
          [
            1128.0062493996818,
            1555.3129814428712
          ]
        ]
      }
    },
    {
      "type": "Feature",
      "properties": {
        "kind": "EDGE_OCCURRENCE",
        "field": 23,
        "edge_id": 51,
        "sign": 1,
        "v_start": 29,
        "v_end": 28,
        "source_tag": [
          23,
          2
        ]
      },
      "geometry": {
        "type": "LineString",
        "coordinates": [
          [
            1128.0062493996818,
            1555.3129814428712
          ],
          [
            1050.1009028745777,
            1553.031984169442
          ]
        ]
      }
    },
    {
      "type": "Feature",
      "properties": {
        "kind": "EDGE_OCCURRENCE",
        "field": 23,
        "edge_id": 52,
        "sign": 1,
        "v_start": 28,
        "v_end": 10,
        "source_tag": [
          23,
          3
        ]
      },
      "geometry": {
        "type": "LineString",
        "coordinates": [
          [
            1050.1009028745777,
            1553.031984169442
          ],
          [
            901.2873094260766,
            1649.4420440871763
          ]
        ]
      }
    },
    {
      "type": "Feature",
      "properties": {
        "kind": "EDGE_OCCURRENCE",
        "field": 24,
        "edge_id": 53,
        "sign": 1,
        "v_start": 30,
        "v_end": 21,
        "source_tag": [
          24,
          0
        ]
      },
      "geometry": {
        "type": "LineString",
        "coordinates": [
          [
            679.1764670885968,
            1637.9215342301877
          ],
          [
            669.3320830397569,
            2026.3213954253417
          ]
        ]
      }
    },
    {
      "type": "Feature",
      "properties": {
        "kind": "EDGE_OCCURRENCE",
        "field": 24,
        "edge_id": 35,
        "sign": -1,
        "v_start": 21,
        "v_end": 20,
        "source_tag": [
          24,
          1
        ]
      },
      "geometry": {
        "type": "LineString",
        "coordinates": [
          [
            669.3320830397569,
            2026.3213954253417
          ],
          [
            682.9488038535878,
            1800.3223446913858
          ]
        ]
      }
    },
    {
      "type": "Feature",
      "properties": {
        "kind": "EDGE_OCCURRENCE",
        "field": 24,
        "edge_id": 54,
        "sign": 1,
        "v_start": 20,
        "v_end": 30,
        "source_tag": [
          24,
          2
        ]
      },
      "geometry": {
        "type": "LineString",
        "coordinates": [
          [
            682.9488038535878,
            1800.3223446913858
          ],
          [
            679.1764670885968,
            1637.9215342301877
          ]
        ]
      }
    },
    {
      "type": "Feature",
      "properties": {
        "kind": "EDGE_OCCURRENCE",
        "field": 25,
        "edge_id": 54,
        "sign": -1,
        "v_start": 30,
        "v_end": 20,
        "source_tag": [
          25,
          0
        ]
      },
      "geometry": {
        "type": "LineString",
        "coordinates": [
          [
            679.1764670885968,
            1637.9215342301877
          ],
          [
            682.9488038535878,
            1800.3223446913858
          ]
        ]
      }
    },
    {
      "type": "Feature",
      "properties": {
        "kind": "EDGE_OCCURRENCE",
        "field": 25,
        "edge_id": 34,
        "sign": -1,
        "v_start": 20,
        "v_end": 12,
        "source_tag": [
          25,
          1
        ]
      },
      "geometry": {
        "type": "LineString",
        "coordinates": [
          [
            682.9488038535878,
            1800.3223446913858
          ],
          [
            717.0125937262387,
            1692.2939239560915
          ]
        ]
      }
    },
    {
      "type": "Feature",
      "properties": {
        "kind": "EDGE_OCCURRENCE",
        "field": 25,
        "edge_id": 55,
        "sign": 1,
        "v_start": 12,
        "v_end": 30,
        "source_tag": [
          25,
          2
        ]
      },
      "geometry": {
        "type": "LineString",
        "coordinates": [
          [
            717.0125937262387,
            1692.2939239560915
          ],
          [
            679.1764670885968,
            1637.9215342301877
          ]
        ]
      }
    },
    {
      "type": "Feature",
      "properties": {
        "kind": "EDGE_OCCURRENCE",
        "field": 26,
        "edge_id": 37,
        "sign": -1,
        "v_start": 12,
        "v_end": 22,
        "source_tag": [
          26,
          0
        ]
      },
      "geometry": {
        "type": "LineString",
        "coordinates": [
          [
            717.0125937262387,
            1692.2939239560915
          ],
          [
            726.3873376466739,
            1646.5286347308618
          ]
        ]
      }
    },
    {
      "type": "Feature",
      "properties": {
        "kind": "EDGE_OCCURRENCE",
        "field": 26,
        "edge_id": 56,
        "sign": 1,
        "v_start": 22,
        "v_end": 31,
        "source_tag": [
          26,
          1
        ]
      },
      "geometry": {
        "type": "LineString",
        "coordinates": [
          [
            726.3873376466739,
            1646.5286347308618
          ],
          [
            717.3459371444161,
            1558.0267932262757
          ]
        ]
      }
    },
    {
      "type": "Feature",
      "properties": {
        "kind": "EDGE_OCCURRENCE",
        "field": 26,
        "edge_id": 57,
        "sign": 1,
        "v_start": 31,
        "v_end": 12,
        "source_tag": [
          26,
          2
        ]
      },
      "geometry": {
        "type": "LineString",
        "coordinates": [
          [
            717.3459371444161,
            1558.0267932262757
          ],
          [
            717.0125937262387,
            1692.2939239560915
          ]
        ]
      }
    },
    {
      "type": "Feature",
      "properties": {
        "kind": "EDGE_OCCURRENCE",
        "field": 27,
        "edge_id": 58,
        "sign": 1,
        "v_start": 32,
        "v_end": 22,
        "source_tag": [
          27,
          0
        ]
      },
      "geometry": {
        "type": "LineString",
        "coordinates": [
          [
            735.2124118861224,
            1390.762301743975
          ],
          [
            726.3873376466739,
            1646.5286347308618
          ]
        ]
      }
    },
    {
      "type": "Feature",
      "properties": {
        "kind": "EDGE_OCCURRENCE",
        "field": 27,
        "edge_id": 40,
        "sign": -1,
        "v_start": 22,
        "v_end": 23,
        "source_tag": [
          27,
          1
        ]
      },
      "geometry": {
        "type": "LineString",
        "coordinates": [
          [
            726.3873376466739,
            1646.5286347308618
          ],
          [
            895.8890174132108,
            1406.8999445545237
          ]
        ]
      }
    },
    {
      "type": "Feature",
      "properties": {
        "kind": "EDGE_OCCURRENCE",
        "field": 27,
        "edge_id": 59,
        "sign": 1,
        "v_start": 23,
        "v_end": 32,
        "source_tag": [
          27,
          2
        ]
      },
      "geometry": {
        "type": "LineString",
        "coordinates": [
          [
            895.8890174132108,
            1406.8999445545237
          ],
          [
            735.2124118861224,
            1390.762301743975
          ]
        ]
      }
    },
    {
      "type": "Feature",
      "properties": {
        "kind": "EDGE_OCCURRENCE",
        "field": 28,
        "edge_id": 39,
        "sign": -1,
        "v_start": 23,
        "v_end": 10,
        "source_tag": [
          28,
          0
        ]
      },
      "geometry": {
        "type": "LineString",
        "coordinates": [
          [
            895.8890174132108,
            1406.8999445545237
          ],
          [
            901.2873094260766,
            1649.4420440871763
          ]
        ]
      }
    },
    {
      "type": "Feature",
      "properties": {
        "kind": "EDGE_OCCURRENCE",
        "field": 28,
        "edge_id": 52,
        "sign": -1,
        "v_start": 10,
        "v_end": 28,
        "source_tag": [
          28,
          1
        ]
      },
      "geometry": {
        "type": "LineString",
        "coordinates": [
          [
            901.2873094260766,
            1649.4420440871763
          ],
          [
            1050.1009028745777,
            1553.031984169442
          ]
        ]
      }
    },
    {
      "type": "Feature",
      "properties": {
        "kind": "EDGE_OCCURRENCE",
        "field": 28,
        "edge_id": 60,
        "sign": 1,
        "v_start": 28,
        "v_end": 33,
        "source_tag": [
          28,
          2
        ]
      },
      "geometry": {
        "type": "LineString",
        "coordinates": [
          [
            1050.1009028745777,
            1553.031984169442
          ],
          [
            906.0372932580194,
            1406.8045158550422
          ]
        ]
      }
    },
    {
      "type": "Feature",
      "properties": {
        "kind": "EDGE_OCCURRENCE",
        "field": 28,
        "edge_id": 61,
        "sign": 1,
        "v_start": 33,
        "v_end": 23,
        "source_tag": [
          28,
          3
        ]
      },
      "geometry": {
        "type": "LineString",
        "coordinates": [
          [
            906.0372932580194,
            1406.8045158550422
          ],
          [
            895.8890174132108,
            1406.8999445545237
          ]
        ]
      }
    },
    {
      "type": "Feature",
      "properties": {
        "kind": "EDGE_OCCURRENCE",
        "field": 29,
        "edge_id": 44,
        "sign": -1,
        "v_start": 8,
        "v_end": 24,
        "source_tag": [
          29,
          0
        ]
      },
      "geometry": {
        "type": "LineString",
        "coordinates": [
          [
            972.7641768648441,
            1904.0507184332437
          ],
          [
            1026.667821742324,
            1991.0157785407564
          ]
        ]
      }
    },
    {
      "type": "Feature",
      "properties": {
        "kind": "EDGE_OCCURRENCE",
        "field": 29,
        "edge_id": 62,
        "sign": 1,
        "v_start": 24,
        "v_end": 34,
        "source_tag": [
          29,
          1
        ]
      },
      "geometry": {
        "type": "LineString",
        "coordinates": [
          [
            1026.667821742324,
            1991.0157785407564
          ],
          [
            1082.309719203376,
            1994.4995076001208
          ]
        ]
      }
    },
    {
      "type": "Feature",
      "properties": {
        "kind": "EDGE_OCCURRENCE",
        "field": 29,
        "edge_id": 63,
        "sign": 1,
        "v_start": 34,
        "v_end": 26,
        "source_tag": [
          29,
          2
        ]
      },
      "geometry": {
        "type": "LineString",
        "coordinates": [
          [
            1082.309719203376,
            1994.4995076001208
          ],
          [
            1015.3124528241736,
            1898.6271348445941
          ]
        ]
      }
    },
    {
      "type": "Feature",
      "properties": {
        "kind": "EDGE_OCCURRENCE",
        "field": 29,
        "edge_id": 46,
        "sign": -1,
        "v_start": 26,
        "v_end": 8,
        "source_tag": [
          29,
          3
        ]
      },
      "geometry": {
        "type": "LineString",
        "coordinates": [
          [
            1015.3124528241736,
            1898.6271348445941
          ],
          [
            972.7641768648441,
            1904.0507184332437
          ]
        ]
      }
    },
    {
      "type": "Feature",
      "properties": {
        "kind": "EDGE_OCCURRENCE",
        "field": 30,
        "edge_id": 47,
        "sign": -1,
        "v_start": 27,
        "v_end": 26,
        "source_tag": [
          30,
          0
        ]
      },
      "geometry": {
        "type": "LineString",
        "coordinates": [
          [
            1056.7375462432506,
            1881.8464113773425
          ],
          [
            1015.3124528241736,
            1898.6271348445941
          ]
        ]
      }
    },
    {
      "type": "Feature",
      "properties": {
        "kind": "EDGE_OCCURRENCE",
        "field": 30,
        "edge_id": 63,
        "sign": -1,
        "v_start": 26,
        "v_end": 34,
        "source_tag": [
          30,
          1
        ]
      },
      "geometry": {
        "type": "LineString",
        "coordinates": [
          [
            1015.3124528241736,
            1898.6271348445941
          ],
          [
            1082.309719203376,
            1994.4995076001208
          ]
        ]
      }
    },
    {
      "type": "Feature",
      "properties": {
        "kind": "EDGE_OCCURRENCE",
        "field": 30,
        "edge_id": 64,
        "sign": 1,
        "v_start": 34,
        "v_end": 27,
        "source_tag": [
          30,
          2
        ]
      },
      "geometry": {
        "type": "LineString",
        "coordinates": [
          [
            1082.309719203376,
            1994.4995076001208
          ],
          [
            1056.7375462432506,
            1881.8464113773425
          ]
        ]
      }
    },
    {
      "type": "Feature",
      "properties": {
        "kind": "EDGE_OCCURRENCE",
        "field": 31,
        "edge_id": 48,
        "sign": -1,
        "v_start": 19,
        "v_end": 18,
        "source_tag": [
          31,
          0
        ]
      },
      "geometry": {
        "type": "LineString",
        "coordinates": [
          [
            963.2533700043688,
            1735.0044304213634
          ],
          [
            1040.145005450804,
            1847.4919472820256
          ]
        ]
      }
    },
    {
      "type": "Feature",
      "properties": {
        "kind": "EDGE_OCCURRENCE",
        "field": 31,
        "edge_id": 65,
        "sign": 1,
        "v_start": 18,
        "v_end": 36,
        "source_tag": [
          31,
          1
        ]
      },
      "geometry": {
        "type": "LineString",
        "coordinates": [
          [
            1040.145005450804,
            1847.4919472820256
          ],
          [
            1084.6966154589486,
            1729.912926312287
          ]
        ]
      }
    },
    {
      "type": "Feature",
      "properties": {
        "kind": "EDGE_OCCURRENCE",
        "field": 31,
        "edge_id": 66,
        "sign": 1,
        "v_start": 36,
        "v_end": 35,
        "source_tag": [
          31,
          2
        ]
      },
      "geometry": {
        "type": "LineString",
        "coordinates": [
          [
            1084.6966154589486,
            1729.912926312287
          ],
          [
            1136.50307202192,
            1636.7806626935426
          ]
        ]
      }
    },
    {
      "type": "Feature",
      "properties": {
        "kind": "EDGE_OCCURRENCE",
        "field": 31,
        "edge_id": 67,
        "sign": 1,
        "v_start": 35,
        "v_end": 19,
        "source_tag": [
          31,
          3
        ]
      },
      "geometry": {
        "type": "LineString",
        "coordinates": [
          [
            1136.50307202192,
            1636.7806626935426
          ],
          [
            963.2533700043688,
            1735.0044304213634
          ]
        ]
      }
    },
    {
      "type": "Feature",
      "properties": {
        "kind": "EDGE_OCCURRENCE",
        "field": 32,
        "edge_id": 49,
        "sign": -1,
        "v_start": 18,
        "v_end": 27,
        "source_tag": [
          32,
          0
        ]
      },
      "geometry": {
        "type": "LineString",
        "coordinates": [
          [
            1040.145005450804,
            1847.4919472820256
          ],
          [
            1056.7375462432506,
            1881.8464113773425
          ]
        ]
      }
    },
    {
      "type": "Feature",
      "properties": {
        "kind": "EDGE_OCCURRENCE",
        "field": 32,
        "edge_id": 68,
        "sign": 1,
        "v_start": 27,
        "v_end": 37,
        "source_tag": [
          32,
          1
        ]
      },
      "geometry": {
        "type": "LineString",
        "coordinates": [
          [
            1056.7375462432506,
            1881.8464113773425
          ],
          [
            1096.5843854579052,
            1870.0029253408748
          ]
        ]
      }
    },
    {
      "type": "Feature",
      "properties": {
        "kind": "EDGE_OCCURRENCE",
        "field": 32,
        "edge_id": 69,
        "sign": 1,
        "v_start": 37,
        "v_end": 18,
        "source_tag": [
          32,
          2
        ]
      },
      "geometry": {
        "type": "LineString",
        "coordinates": [
          [
            1096.5843854579052,
            1870.0029253408748
          ],
          [
            1040.145005450804,
            1847.4919472820256
          ]
        ]
      }
    },
    {
      "type": "Feature",
      "properties": {
        "kind": "EDGE_OCCURRENCE",
        "field": 33,
        "edge_id": 50,
        "sign": -1,
        "v_start": 29,
        "v_end": 19,
        "source_tag": [
          33,
          0
        ]
      },
      "geometry": {
        "type": "LineString",
        "coordinates": [
          [
            1128.0062493996818,
            1555.3129814428712
          ],
          [
            963.2533700043688,
            1735.0044304213634
          ]
        ]
      }
    },
    {
      "type": "Feature",
      "properties": {
        "kind": "EDGE_OCCURRENCE",
        "field": 33,
        "edge_id": 67,
        "sign": -1,
        "v_start": 19,
        "v_end": 35,
        "source_tag": [
          33,
          1
        ]
      },
      "geometry": {
        "type": "LineString",
        "coordinates": [
          [
            963.2533700043688,
            1735.0044304213634
          ],
          [
            1136.50307202192,
            1636.7806626935426
          ]
        ]
      }
    },
    {
      "type": "Feature",
      "properties": {
        "kind": "EDGE_OCCURRENCE",
        "field": 33,
        "edge_id": 70,
        "sign": 1,
        "v_start": 35,
        "v_end": 29,
        "source_tag": [
          33,
          2
        ]
      },
      "geometry": {
        "type": "LineString",
        "coordinates": [
          [
            1136.50307202192,
            1636.7806626935426
          ],
          [
            1128.0062493996818,
            1555.3129814428712
          ]
        ]
      }
    },
    {
      "type": "Feature",
      "properties": {
        "kind": "EDGE_OCCURRENCE",
        "field": 34,
        "edge_id": 60,
        "sign": -1,
        "v_start": 33,
        "v_end": 28,
        "source_tag": [
          34,
          0
        ]
      },
      "geometry": {
        "type": "LineString",
        "coordinates": [
          [
            906.0372932580194,
            1406.8045158550422
          ],
          [
            1050.1009028745777,
            1553.031984169442
          ]
        ]
      }
    },
    {
      "type": "Feature",
      "properties": {
        "kind": "EDGE_OCCURRENCE",
        "field": 34,
        "edge_id": 51,
        "sign": -1,
        "v_start": 28,
        "v_end": 29,
        "source_tag": [
          34,
          1
        ]
      },
      "geometry": {
        "type": "LineString",
        "coordinates": [
          [
            1050.1009028745777,
            1553.031984169442
          ],
          [
            1128.0062493996818,
            1555.3129814428712
          ]
        ]
      }
    },
    {
      "type": "Feature",
      "properties": {
        "kind": "EDGE_OCCURRENCE",
        "field": 34,
        "edge_id": 71,
        "sign": 1,
        "v_start": 29,
        "v_end": 38,
        "source_tag": [
          34,
          2
        ]
      },
      "geometry": {
        "type": "LineString",
        "coordinates": [
          [
            1128.0062493996818,
            1555.3129814428712
          ],
          [
            1113.5367033427835,
            1483.2478101163535
          ]
        ]
      }
    },
    {
      "type": "Feature",
      "properties": {
        "kind": "EDGE_OCCURRENCE",
        "field": 34,
        "edge_id": 72,
        "sign": 1,
        "v_start": 38,
        "v_end": 33,
        "source_tag": [
          34,
          3
        ]
      },
      "geometry": {
        "type": "LineString",
        "coordinates": [
          [
            1113.5367033427835,
            1483.2478101163535
          ],
          [
            906.0372932580194,
            1406.8045158550422
          ]
        ]
      }
    },
    {
      "type": "Feature",
      "properties": {
        "kind": "EDGE_OCCURRENCE",
        "field": 35,
        "edge_id": 73,
        "sign": 1,
        "v_start": 40,
        "v_end": 21,
        "source_tag": [
          35,
          0
        ]
      },
      "geometry": {
        "type": "LineString",
        "coordinates": [
          [
            655.7895,
            2028.0
          ],
          [
            669.3320830397569,
            2026.3213954253417
          ]
        ]
      }
    },
    {
      "type": "Feature",
      "properties": {
        "kind": "EDGE_OCCURRENCE",
        "field": 35,
        "edge_id": 53,
        "sign": -1,
        "v_start": 21,
        "v_end": 30,
        "source_tag": [
          35,
          1
        ]
      },
      "geometry": {
        "type": "LineString",
        "coordinates": [
          [
            669.3320830397569,
            2026.3213954253417
          ],
          [
            679.1764670885968,
            1637.9215342301877
          ]
        ]
      }
    },
    {
      "type": "Feature",
      "properties": {
        "kind": "EDGE_OCCURRENCE",
        "field": 35,
        "edge_id": 74,
        "sign": 1,
        "v_start": 30,
        "v_end": 39,
        "source_tag": [
          35,
          2
        ]
      },
      "geometry": {
        "type": "LineString",
        "coordinates": [
          [
            679.1764670885968,
            1637.9215342301877
          ],
          [
            656.7636279001451,
            1635.6317965674398
          ]
        ]
      }
    },
    {
      "type": "Feature",
      "properties": {
        "kind": "EDGE_OCCURRENCE",
        "field": 35,
        "edge_id": 75,
        "sign": 1,
        "v_start": 39,
        "v_end": 40,
        "source_tag": [
          35,
          3
        ]
      },
      "geometry": {
        "type": "LineString",
        "coordinates": [
          [
            656.7636279001451,
            1635.6317965674398
          ],
          [
            655.7895,
            2028.0
          ]
        ]
      }
    },
    {
      "type": "Feature",
      "properties": {
        "kind": "EDGE_OCCURRENCE",
        "field": 36,
        "edge_id": 55,
        "sign": -1,
        "v_start": 30,
        "v_end": 12,
        "source_tag": [
          36,
          0
        ]
      },
      "geometry": {
        "type": "LineString",
        "coordinates": [
          [
            679.1764670885968,
            1637.9215342301877
          ],
          [
            717.0125937262387,
            1692.2939239560915
          ]
        ]
      }
    },
    {
      "type": "Feature",
      "properties": {
        "kind": "EDGE_OCCURRENCE",
        "field": 36,
        "edge_id": 57,
        "sign": -1,
        "v_start": 12,
        "v_end": 31,
        "source_tag": [
          36,
          1
        ]
      },
      "geometry": {
        "type": "LineString",
        "coordinates": [
          [
            717.0125937262387,
            1692.2939239560915
          ],
          [
            717.3459371444161,
            1558.0267932262757
          ]
        ]
      }
    },
    {
      "type": "Feature",
      "properties": {
        "kind": "EDGE_OCCURRENCE",
        "field": 36,
        "edge_id": 76,
        "sign": 1,
        "v_start": 31,
        "v_end": 41,
        "source_tag": [
          36,
          2
        ]
      },
      "geometry": {
        "type": "LineString",
        "coordinates": [
          [
            717.3459371444161,
            1558.0267932262757
          ],
          [
            738.4529159114968,
            1345.0660180642983
          ]
        ]
      }
    },
    {
      "type": "Feature",
      "properties": {
        "kind": "EDGE_OCCURRENCE",
        "field": 36,
        "edge_id": 77,
        "sign": 1,
        "v_start": 41,
        "v_end": 42,
        "source_tag": [
          36,
          3
        ]
      },
      "geometry": {
        "type": "LineString",
        "coordinates": [
          [
            738.4529159114968,
            1345.0660180642983
          ],
          [
            680.4455000769375,
            1438.3494515820262
          ]
        ]
      }
    },
    {
      "type": "Feature",
      "properties": {
        "kind": "EDGE_OCCURRENCE",
        "field": 36,
        "edge_id": 78,
        "sign": 1,
        "v_start": 42,
        "v_end": 30,
        "source_tag": [
          36,
          4
        ]
      },
      "geometry": {
        "type": "LineString",
        "coordinates": [
          [
            680.4455000769375,
            1438.3494515820262
          ],
          [
            679.1764670885968,
            1637.9215342301877
          ]
        ]
      }
    },
    {
      "type": "Feature",
      "properties": {
        "kind": "EDGE_OCCURRENCE",
        "field": 37,
        "edge_id": 76,
        "sign": -1,
        "v_start": 41,
        "v_end": 31,
        "source_tag": [
          37,
          0
        ]
      },
      "geometry": {
        "type": "LineString",
        "coordinates": [
          [
            738.4529159114968,
            1345.0660180642983
          ],
          [
            717.3459371444161,
            1558.0267932262757
          ]
        ]
      }
    },
    {
      "type": "Feature",
      "properties": {
        "kind": "EDGE_OCCURRENCE",
        "field": 37,
        "edge_id": 56,
        "sign": -1,
        "v_start": 31,
        "v_end": 22,
        "source_tag": [
          37,
          1
        ]
      },
      "geometry": {
        "type": "LineString",
        "coordinates": [
          [
            717.3459371444161,
            1558.0267932262757
          ],
          [
            726.3873376466739,
            1646.5286347308618
          ]
        ]
      }
    },
    {
      "type": "Feature",
      "properties": {
        "kind": "EDGE_OCCURRENCE",
        "field": 37,
        "edge_id": 58,
        "sign": -1,
        "v_start": 22,
        "v_end": 32,
        "source_tag": [
          37,
          2
        ]
      },
      "geometry": {
        "type": "LineString",
        "coordinates": [
          [
            726.3873376466739,
            1646.5286347308618
          ],
          [
            735.2124118861224,
            1390.762301743975
          ]
        ]
      }
    },
    {
      "type": "Feature",
      "properties": {
        "kind": "EDGE_OCCURRENCE",
        "field": 37,
        "edge_id": 79,
        "sign": 1,
        "v_start": 32,
        "v_end": 41,
        "source_tag": [
          37,
          3
        ]
      },
      "geometry": {
        "type": "LineString",
        "coordinates": [
          [
            735.2124118861224,
            1390.762301743975
          ],
          [
            738.4529159114968,
            1345.0660180642983
          ]
        ]
      }
    },
    {
      "type": "Feature",
      "properties": {
        "kind": "EDGE_OCCURRENCE",
        "field": 38,
        "edge_id": 79,
        "sign": -1,
        "v_start": 41,
        "v_end": 32,
        "source_tag": [
          38,
          0
        ]
      },
      "geometry": {
        "type": "LineString",
        "coordinates": [
          [
            738.4529159114968,
            1345.0660180642983
          ],
          [
            735.2124118861224,
            1390.762301743975
          ]
        ]
      }
    },
    {
      "type": "Feature",
      "properties": {
        "kind": "EDGE_OCCURRENCE",
        "field": 38,
        "edge_id": 59,
        "sign": -1,
        "v_start": 32,
        "v_end": 23,
        "source_tag": [
          38,
          1
        ]
      },
      "geometry": {
        "type": "LineString",
        "coordinates": [
          [
            735.2124118861224,
            1390.762301743975
          ],
          [
            895.8890174132108,
            1406.8999445545237
          ]
        ]
      }
    },
    {
      "type": "Feature",
      "properties": {
        "kind": "EDGE_OCCURRENCE",
        "field": 38,
        "edge_id": 80,
        "sign": 1,
        "v_start": 23,
        "v_end": 60,
        "source_tag": [
          38,
          "half-fixed",
          2
        ]
      },
      "geometry": {
        "type": "LineString",
        "coordinates": [
          [
            895.8890174132108,
            1406.8999445545237
          ],
          [
            896.681995372352,
            1403.358001048643
          ]
        ]
      }
    },
    {
      "type": "Feature",
      "properties": {
        "kind": "EDGE_OCCURRENCE",
        "field": 38,
        "edge_id": 118,
        "sign": 1,
        "v_start": 60,
        "v_end": 41,
        "source_tag": [
          38,
          "mirror"
        ]
      },
      "geometry": {
        "type": "LineString",
        "coordinates": [
          [
            896.681995372352,
            1403.358001048643
          ],
          [
            738.4529159114968,
            1345.0660180642983
          ]
        ]
      }
    },
    {
      "type": "Feature",
      "properties": {
        "kind": "EDGE_OCCURRENCE",
        "field": 39,
        "edge_id": 61,
        "sign": -1,
        "v_start": 23,
        "v_end": 33,
        "source_tag": [
          39,
          0
        ]
      },
      "geometry": {
        "type": "LineString",
        "coordinates": [
          [
            895.8890174132108,
            1406.8999445545237
          ],
          [
            906.0372932580194,
            1406.8045158550422
          ]
        ]
      }
    },
    {
      "type": "Feature",
      "properties": {
        "kind": "EDGE_OCCURRENCE",
        "field": 39,
        "edge_id": 81,
        "sign": 1,
        "v_start": 33,
        "v_end": 43,
        "source_tag": [
          39,
          1
        ]
      },
      "geometry": {
        "type": "LineString",
        "coordinates": [
          [
            906.0372932580194,
            1406.8045158550422
          ],
          [
            900.5312863660222,
            1404.7760893410687
          ]
        ]
      }
    },
    {
      "type": "Feature",
      "properties": {
        "kind": "EDGE_OCCURRENCE",
        "field": 39,
        "edge_id": 82,
        "sign": 1,
        "v_start": 43,
        "v_end": 23,
        "source_tag": [
          39,
          2
        ]
      },
      "geometry": {
        "type": "LineString",
        "coordinates": [
          [
            900.5312863660222,
            1404.7760893410687
          ],
          [
            895.8890174132108,
            1406.8999445545237
          ]
        ]
      }
    },
    {
      "type": "Feature",
      "properties": {
        "kind": "EDGE_OCCURRENCE",
        "field": 40,
        "edge_id": 64,
        "sign": -1,
        "v_start": 27,
        "v_end": 34,
        "source_tag": [
          40,
          0
        ]
      },
      "geometry": {
        "type": "LineString",
        "coordinates": [
          [
            1056.7375462432506,
            1881.8464113773425
          ],
          [
            1082.309719203376,
            1994.4995076001208
          ]
        ]
      }
    },
    {
      "type": "Feature",
      "properties": {
        "kind": "EDGE_OCCURRENCE",
        "field": 40,
        "edge_id": 83,
        "sign": 1,
        "v_start": 34,
        "v_end": 45,
        "source_tag": [
          40,
          1
        ]
      },
      "geometry": {
        "type": "LineString",
        "coordinates": [
          [
            1082.309719203376,
            1994.4995076001208
          ],
          [
            1167.07,
            1999.8063333333332
          ]
        ]
      }
    },
    {
      "type": "Feature",
      "properties": {
        "kind": "EDGE_OCCURRENCE",
        "field": 40,
        "edge_id": 84,
        "sign": 1,
        "v_start": 45,
        "v_end": 44,
        "source_tag": [
          40,
          2
        ]
      },
      "geometry": {
        "type": "LineString",
        "coordinates": [
          [
            1167.07,
            1999.8063333333332
          ],
          [
            1079.9312797543575,
            1883.9283893927513
          ]
        ]
      }
    },
    {
      "type": "Feature",
      "properties": {
        "kind": "EDGE_OCCURRENCE",
        "field": 40,
        "edge_id": 85,
        "sign": 1,
        "v_start": 44,
        "v_end": 27,
        "source_tag": [
          40,
          3
        ]
      },
      "geometry": {
        "type": "LineString",
        "coordinates": [
          [
            1079.9312797543575,
            1883.9283893927513
          ],
          [
            1056.7375462432506,
            1881.8464113773425
          ]
        ]
      }
    },
    {
      "type": "Feature",
      "properties": {
        "kind": "EDGE_OCCURRENCE",
        "field": 41,
        "edge_id": 66,
        "sign": -1,
        "v_start": 35,
        "v_end": 36,
        "source_tag": [
          41,
          0
        ]
      },
      "geometry": {
        "type": "LineString",
        "coordinates": [
          [
            1136.50307202192,
            1636.7806626935426
          ],
          [
            1084.6966154589486,
            1729.912926312287
          ]
        ]
      }
    },
    {
      "type": "Feature",
      "properties": {
        "kind": "EDGE_OCCURRENCE",
        "field": 41,
        "edge_id": 86,
        "sign": 1,
        "v_start": 36,
        "v_end": 37,
        "source_tag": [
          41,
          1
        ]
      },
      "geometry": {
        "type": "LineString",
        "coordinates": [
          [
            1084.6966154589486,
            1729.912926312287
          ],
          [
            1096.5843854579052,
            1870.0029253408748
          ]
        ]
      }
    },
    {
      "type": "Feature",
      "properties": {
        "kind": "EDGE_OCCURRENCE",
        "field": 41,
        "edge_id": 87,
        "sign": 1,
        "v_start": 37,
        "v_end": 46,
        "source_tag": [
          41,
          2
        ]
      },
      "geometry": {
        "type": "LineString",
        "coordinates": [
          [
            1096.5843854579052,
            1870.0029253408748
          ],
          [
            1152.7656186780346,
            1719.527993369307
          ]
        ]
      }
    },
    {
      "type": "Feature",
      "properties": {
        "kind": "EDGE_OCCURRENCE",
        "field": 41,
        "edge_id": 88,
        "sign": 1,
        "v_start": 46,
        "v_end": 35,
        "source_tag": [
          41,
          3
        ]
      },
      "geometry": {
        "type": "LineString",
        "coordinates": [
          [
            1152.7656186780346,
            1719.527993369307
          ],
          [
            1136.50307202192,
            1636.7806626935426
          ]
        ]
      }
    },
    {
      "type": "Feature",
      "properties": {
        "kind": "EDGE_OCCURRENCE",
        "field": 42,
        "edge_id": 65,
        "sign": -1,
        "v_start": 36,
        "v_end": 18,
        "source_tag": [
          42,
          0
        ]
      },
      "geometry": {
        "type": "LineString",
        "coordinates": [
          [
            1084.6966154589486,
            1729.912926312287
          ],
          [
            1040.145005450804,
            1847.4919472820256
          ]
        ]
      }
    },
    {
      "type": "Feature",
      "properties": {
        "kind": "EDGE_OCCURRENCE",
        "field": 42,
        "edge_id": 69,
        "sign": -1,
        "v_start": 18,
        "v_end": 37,
        "source_tag": [
          42,
          1
        ]
      },
      "geometry": {
        "type": "LineString",
        "coordinates": [
          [
            1040.145005450804,
            1847.4919472820256
          ],
          [
            1096.5843854579052,
            1870.0029253408748
          ]
        ]
      }
    },
    {
      "type": "Feature",
      "properties": {
        "kind": "EDGE_OCCURRENCE",
        "field": 42,
        "edge_id": 86,
        "sign": -1,
        "v_start": 37,
        "v_end": 36,
        "source_tag": [
          42,
          2
        ]
      },
      "geometry": {
        "type": "LineString",
        "coordinates": [
          [
            1096.5843854579052,
            1870.0029253408748
          ],
          [
            1084.6966154589486,
            1729.912926312287
          ]
        ]
      }
    },
    {
      "type": "Feature",
      "properties": {
        "kind": "EDGE_OCCURRENCE",
        "field": 43,
        "edge_id": 68,
        "sign": -1,
        "v_start": 37,
        "v_end": 27,
        "source_tag": [
          43,
          0
        ]
      },
      "geometry": {
        "type": "LineString",
        "coordinates": [
          [
            1096.5843854579052,
            1870.0029253408748
          ],
          [
            1056.7375462432506,
            1881.8464113773425
          ]
        ]
      }
    },
    {
      "type": "Feature",
      "properties": {
        "kind": "EDGE_OCCURRENCE",
        "field": 43,
        "edge_id": 85,
        "sign": -1,
        "v_start": 27,
        "v_end": 44,
        "source_tag": [
          43,
          1
        ]
      },
      "geometry": {
        "type": "LineString",
        "coordinates": [
          [
            1056.7375462432506,
            1881.8464113773425
          ],
          [
            1079.9312797543575,
            1883.9283893927513
          ]
        ]
      }
    },
    {
      "type": "Feature",
      "properties": {
        "kind": "EDGE_OCCURRENCE",
        "field": 43,
        "edge_id": 89,
        "sign": 1,
        "v_start": 44,
        "v_end": 37,
        "source_tag": [
          43,
          2
        ]
      },
      "geometry": {
        "type": "LineString",
        "coordinates": [
          [
            1079.9312797543575,
            1883.9283893927513
          ],
          [
            1096.5843854579052,
            1870.0029253408748
          ]
        ]
      }
    },
    {
      "type": "Feature",
      "properties": {
        "kind": "EDGE_OCCURRENCE",
        "field": 44,
        "edge_id": 70,
        "sign": -1,
        "v_start": 29,
        "v_end": 35,
        "source_tag": [
          44,
          0
        ]
      },
      "geometry": {
        "type": "LineString",
        "coordinates": [
          [
            1128.0062493996818,
            1555.3129814428712
          ],
          [
            1136.50307202192,
            1636.7806626935426
          ]
        ]
      }
    },
    {
      "type": "Feature",
      "properties": {
        "kind": "EDGE_OCCURRENCE",
        "field": 44,
        "edge_id": 90,
        "sign": 1,
        "v_start": 35,
        "v_end": 47,
        "source_tag": [
          44,
          1
        ]
      },
      "geometry": {
        "type": "LineString",
        "coordinates": [
          [
            1136.50307202192,
            1636.7806626935426
          ],
          [
            1156.5133833220466,
            1603.4941058288478
          ]
        ]
      }
    },
    {
      "type": "Feature",
      "properties": {
        "kind": "EDGE_OCCURRENCE",
        "field": 44,
        "edge_id": 91,
        "sign": 1,
        "v_start": 47,
        "v_end": 48,
        "source_tag": [
          44,
          2
        ]
      },
      "geometry": {
        "type": "LineString",
        "coordinates": [
          [
            1156.5133833220466,
            1603.4941058288478
          ],
          [
            1148.4831092871295,
            1543.6860279908724
          ]
        ]
      }
    },
    {
      "type": "Feature",
      "properties": {
        "kind": "EDGE_OCCURRENCE",
        "field": 44,
        "edge_id": 92,
        "sign": 1,
        "v_start": 48,
        "v_end": 29,
        "source_tag": [
          44,
          3
        ]
      },
      "geometry": {
        "type": "LineString",
        "coordinates": [
          [
            1148.4831092871295,
            1543.6860279908724
          ],
          [
            1128.0062493996818,
            1555.3129814428712
          ]
        ]
      }
    },
    {
      "type": "Feature",
      "properties": {
        "kind": "EDGE_OCCURRENCE",
        "field": 45,
        "edge_id": 71,
        "sign": -1,
        "v_start": 38,
        "v_end": 29,
        "source_tag": [
          45,
          0
        ]
      },
      "geometry": {
        "type": "LineString",
        "coordinates": [
          [
            1113.5367033427835,
            1483.2478101163535
          ],
          [
            1128.0062493996818,
            1555.3129814428712
          ]
        ]
      }
    },
    {
      "type": "Feature",
      "properties": {
        "kind": "EDGE_OCCURRENCE",
        "field": 45,
        "edge_id": 93,
        "sign": 1,
        "v_start": 29,
        "v_end": 49,
        "source_tag": [
          45,
          1
        ]
      },
      "geometry": {
        "type": "LineString",
        "coordinates": [
          [
            1128.0062493996818,
            1555.3129814428712
          ],
          [
            1133.9356915204983,
            1545.6004580321905
          ]
        ]
      }
    },
    {
      "type": "Feature",
      "properties": {
        "kind": "EDGE_OCCURRENCE",
        "field": 45,
        "edge_id": 94,
        "sign": 1,
        "v_start": 49,
        "v_end": 38,
        "source_tag": [
          45,
          2
        ]
      },
      "geometry": {
        "type": "LineString",
        "coordinates": [
          [
            1133.9356915204983,
            1545.6004580321905
          ],
          [
            1113.5367033427835,
            1483.2478101163535
          ]
        ]
      }
    },
    {
      "type": "Feature",
      "properties": {
        "kind": "EDGE_OCCURRENCE",
        "field": 46,
        "edge_id": 74,
        "sign": -1,
        "v_start": 39,
        "v_end": 30,
        "source_tag": [
          46,
          0
        ]
      },
      "geometry": {
        "type": "LineString",
        "coordinates": [
          [
            656.7636279001451,
            1635.6317965674398
          ],
          [
            679.1764670885968,
            1637.9215342301877
          ]
        ]
      }
    },
    {
      "type": "Feature",
      "properties": {
        "kind": "EDGE_OCCURRENCE",
        "field": 46,
        "edge_id": 95,
        "sign": 1,
        "v_start": 30,
        "v_end": 50,
        "source_tag": [
          46,
          1
        ]
      },
      "geometry": {
        "type": "LineString",
        "coordinates": [
          [
            679.1764670885968,
            1637.9215342301877
          ],
          [
            688.7213655258486,
            1326.7447922899773
          ]
        ]
      }
    },
    {
      "type": "Feature",
      "properties": {
        "kind": "EDGE_OCCURRENCE",
        "field": 46,
        "edge_id": 96,
        "sign": 1,
        "v_start": 50,
        "v_end": 39,
        "source_tag": [
          46,
          2
        ]
      },
      "geometry": {
        "type": "LineString",
        "coordinates": [
          [
            688.7213655258486,
            1326.7447922899773
          ],
          [
            656.7636279001451,
            1635.6317965674398
          ]
        ]
      }
    },
    {
      "type": "Feature",
      "properties": {
        "kind": "EDGE_OCCURRENCE",
        "field": 47,
        "edge_id": 95,
        "sign": -1,
        "v_start": 50,
        "v_end": 30,
        "source_tag": [
          47,
          0
        ]
      },
      "geometry": {
        "type": "LineString",
        "coordinates": [
          [
            688.7213655258486,
            1326.7447922899773
          ],
          [
            679.1764670885968,
            1637.9215342301877
          ]
        ]
      }
    },
    {
      "type": "Feature",
      "properties": {
        "kind": "EDGE_OCCURRENCE",
        "field": 47,
        "edge_id": 78,
        "sign": -1,
        "v_start": 30,
        "v_end": 42,
        "source_tag": [
          47,
          1
        ]
      },
      "geometry": {
        "type": "LineString",
        "coordinates": [
          [
            679.1764670885968,
            1637.9215342301877
          ],
          [
            680.4455000769375,
            1438.3494515820262
          ]
        ]
      }
    },
    {
      "type": "Feature",
      "properties": {
        "kind": "EDGE_OCCURRENCE",
        "field": 47,
        "edge_id": 97,
        "sign": 1,
        "v_start": 42,
        "v_end": 50,
        "source_tag": [
          47,
          2
        ]
      },
      "geometry": {
        "type": "LineString",
        "coordinates": [
          [
            680.4455000769375,
            1438.3494515820262
          ],
          [
            688.7213655258486,
            1326.7447922899773
          ]
        ]
      }
    },
    {
      "type": "Feature",
      "properties": {
        "kind": "EDGE_OCCURRENCE",
        "field": 48,
        "edge_id": 97,
        "sign": -1,
        "v_start": 50,
        "v_end": 42,
        "source_tag": [
          48,
          0
        ]
      },
      "geometry": {
        "type": "LineString",
        "coordinates": [
          [
            688.7213655258486,
            1326.7447922899773
          ],
          [
            727.3252894318913,
            1306.9632392217181
          ]
        ]
      }
    },
    {
      "type": "Feature",
      "properties": {
        "kind": "EDGE_OCCURRENCE",
        "field": 48,
        "edge_id": 77,
        "sign": -1,
        "v_start": 42,
        "v_end": 41,
        "source_tag": [
          48,
          1
        ]
      },
      "geometry": {
        "type": "LineString",
        "coordinates": [
          [
            727.3252894318913,
            1306.9632392217181
          ],
          [
            738.4529159114968,
            1345.0660180642983
          ]
        ]
      }
    },
    {
      "type": "Feature",
      "properties": {
        "kind": "EDGE_OCCURRENCE",
        "field": 48,
        "edge_id": 119,
        "sign": 1,
        "v_start": 41,
        "v_end": 50,
        "source_tag": [
          48,
          "mirror"
        ]
      },
      "geometry": {
        "type": "LineString",
        "coordinates": [
          [
            738.4529159114968,
            1345.0660180642983
          ],
          [
            688.7213655258486,
            1326.7447922899773
          ]
        ]
      }
    },
    {
      "type": "Feature",
      "properties": {
        "kind": "EDGE_OCCURRENCE",
        "field": 49,
        "edge_id": 82,
        "sign": 1,
        "v_start": 43,
        "v_end": 23,
        "source_tag": [
          49,
          2
        ]
      },
      "geometry": {
        "type": "LineString",
        "coordinates": [
          [
            900.5312863660222,
            1404.7760893410687
          ],
          [
            897.5089013927034,
            1399.9209577373108
          ]
        ]
      }
    },
    {
      "type": "Feature",
      "properties": {
        "kind": "EDGE_OCCURRENCE",
        "field": 49,
        "edge_id": 80,
        "sign": 1,
        "v_start": 23,
        "v_end": 60,
        "source_tag": [
          49,
          "half-fixed",
          0
        ]
      },
      "geometry": {
        "type": "LineString",
        "coordinates": [
          [
            897.5089013927034,
            1399.9209577373108
          ],
          [
            896.681995372352,
            1403.358001048643
          ]
        ]
      }
    },
    {
      "type": "Feature",
      "properties": {
        "kind": "EDGE_OCCURRENCE",
        "field": 49,
        "edge_id": 120,
        "sign": 1,
        "v_start": 60,
        "v_end": 43,
        "source_tag": [
          49,
          "mirror"
        ]
      },
      "geometry": {
        "type": "LineString",
        "coordinates": [
          [
            896.681995372352,
            1403.358001048643
          ],
          [
            900.5312863660222,
            1404.7760893410687
          ]
        ]
      }
    },
    {
      "type": "Feature",
      "properties": {
        "kind": "EDGE_OCCURRENCE",
        "field": 50,
        "edge_id": 89,
        "sign": -1,
        "v_start": 37,
        "v_end": 44,
        "source_tag": [
          50,
          0
        ]
      },
      "geometry": {
        "type": "LineString",
        "coordinates": [
          [
            1096.5843854579052,
            1870.0029253408748
          ],
          [
            1079.9312797543575,
            1883.9283893927513
          ]
        ]
      }
    },
    {
      "type": "Feature",
      "properties": {
        "kind": "EDGE_OCCURRENCE",
        "field": 50,
        "edge_id": 84,
        "sign": -1,
        "v_start": 44,
        "v_end": 45,
        "source_tag": [
          50,
          1
        ]
      },
      "geometry": {
        "type": "LineString",
        "coordinates": [
          [
            1079.9312797543575,
            1883.9283893927513
          ],
          [
            1167.07,
            1999.8063333333332
          ]
        ]
      }
    },
    {
      "type": "Feature",
      "properties": {
        "kind": "EDGE_OCCURRENCE",
        "field": 50,
        "edge_id": 98,
        "sign": 1,
        "v_start": 45,
        "v_end": 52,
        "source_tag": [
          50,
          2
        ]
      },
      "geometry": {
        "type": "LineString",
        "coordinates": [
          [
            1167.07,
            1999.8063333333332
          ],
          [
            1215.1456806358947,
            1866.9604152338916
          ]
        ]
      }
    },
    {
      "type": "Feature",
      "properties": {
        "kind": "EDGE_OCCURRENCE",
        "field": 50,
        "edge_id": 99,
        "sign": 1,
        "v_start": 52,
        "v_end": 51,
        "source_tag": [
          50,
          3
        ]
      },
      "geometry": {
        "type": "LineString",
        "coordinates": [
          [
            1215.1456806358947,
            1866.9604152338916
          ],
          [
            1150.6673375886817,
            1793.9521077276422
          ]
        ]
      }
    },
    {
      "type": "Feature",
      "properties": {
        "kind": "EDGE_OCCURRENCE",
        "field": 50,
        "edge_id": 100,
        "sign": 1,
        "v_start": 51,
        "v_end": 37,
        "source_tag": [
          50,
          4
        ]
      },
      "geometry": {
        "type": "LineString",
        "coordinates": [
          [
            1150.6673375886817,
            1793.9521077276422
          ],
          [
            1096.5843854579052,
            1870.0029253408748
          ]
        ]
      }
    },
    {
      "type": "Feature",
      "properties": {
        "kind": "EDGE_OCCURRENCE",
        "field": 51,
        "edge_id": 88,
        "sign": -1,
        "v_start": 35,
        "v_end": 46,
        "source_tag": [
          51,
          0
        ]
      },
      "geometry": {
        "type": "LineString",
        "coordinates": [
          [
            1136.50307202192,
            1636.7806626935426
          ],
          [
            1152.7656186780346,
            1719.527993369307
          ]
        ]
      }
    },
    {
      "type": "Feature",
      "properties": {
        "kind": "EDGE_OCCURRENCE",
        "field": 51,
        "edge_id": 101,
        "sign": 1,
        "v_start": 46,
        "v_end": 53,
        "source_tag": [
          51,
          1
        ]
      },
      "geometry": {
        "type": "LineString",
        "coordinates": [
          [
            1152.7656186780346,
            1719.527993369307
          ],
          [
            1168.1970780848474,
            1690.5122228657413
          ]
        ]
      }
    },
    {
      "type": "Feature",
      "properties": {
        "kind": "EDGE_OCCURRENCE",
        "field": 51,
        "edge_id": 102,
        "sign": 1,
        "v_start": 53,
        "v_end": 54,
        "source_tag": [
          51,
          2
        ]
      },
      "geometry": {
        "type": "LineString",
        "coordinates": [
          [
            1168.1970780848474,
            1690.5122228657413
          ],
          [
            1158.9715305423879,
            1621.8019568003224
          ]
        ]
      }
    },
    {
      "type": "Feature",
      "properties": {
        "kind": "EDGE_OCCURRENCE",
        "field": 51,
        "edge_id": 103,
        "sign": 1,
        "v_start": 54,
        "v_end": 35,
        "source_tag": [
          51,
          3
        ]
      },
      "geometry": {
        "type": "LineString",
        "coordinates": [
          [
            1158.9715305423879,
            1621.8019568003224
          ],
          [
            1136.50307202192,
            1636.7806626935426
          ]
        ]
      }
    },
    {
      "type": "Feature",
      "properties": {
        "kind": "EDGE_OCCURRENCE",
        "field": 52,
        "edge_id": 87,
        "sign": -1,
        "v_start": 46,
        "v_end": 37,
        "source_tag": [
          52,
          0
        ]
      },
      "geometry": {
        "type": "LineString",
        "coordinates": [
          [
            1152.7656186780346,
            1719.527993369307
          ],
          [
            1096.5843854579052,
            1870.0029253408748
          ]
        ]
      }
    },
    {
      "type": "Feature",
      "properties": {
        "kind": "EDGE_OCCURRENCE",
        "field": 52,
        "edge_id": 100,
        "sign": -1,
        "v_start": 37,
        "v_end": 51,
        "source_tag": [
          52,
          1
        ]
      },
      "geometry": {
        "type": "LineString",
        "coordinates": [
          [
            1096.5843854579052,
            1870.0029253408748
          ],
          [
            1150.6673375886817,
            1793.9521077276422
          ]
        ]
      }
    },
    {
      "type": "Feature",
      "properties": {
        "kind": "EDGE_OCCURRENCE",
        "field": 52,
        "edge_id": 104,
        "sign": 1,
        "v_start": 51,
        "v_end": 46,
        "source_tag": [
          52,
          2
        ]
      },
      "geometry": {
        "type": "LineString",
        "coordinates": [
          [
            1150.6673375886817,
            1793.9521077276422
          ],
          [
            1152.7656186780346,
            1719.527993369307
          ]
        ]
      }
    },
    {
      "type": "Feature",
      "properties": {
        "kind": "EDGE_OCCURRENCE",
        "field": 53,
        "edge_id": 90,
        "sign": -1,
        "v_start": 47,
        "v_end": 35,
        "source_tag": [
          53,
          0
        ]
      },
      "geometry": {
        "type": "LineString",
        "coordinates": [
          [
            1156.5133833220466,
            1603.4941058288478
          ],
          [
            1172.6485809800984,
            1595.0559143268422
          ]
        ]
      }
    },
    {
      "type": "Feature",
      "properties": {
        "kind": "EDGE_OCCURRENCE",
        "field": 53,
        "edge_id": 103,
        "sign": -1,
        "v_start": 35,
        "v_end": 54,
        "source_tag": [
          53,
          1
        ]
      },
      "geometry": {
        "type": "LineString",
        "coordinates": [
          [
            1172.6485809800984,
            1595.0559143268422
          ],
          [
            1158.9715305423879,
            1621.8019568003224
          ]
        ]
      }
    },
    {
      "type": "Feature",
      "properties": {
        "kind": "EDGE_OCCURRENCE",
        "field": 53,
        "edge_id": 121,
        "sign": 1,
        "v_start": 54,
        "v_end": 47,
        "source_tag": [
          53,
          "mirror"
        ]
      },
      "geometry": {
        "type": "LineString",
        "coordinates": [
          [
            1158.9715305423879,
            1621.8019568003224
          ],
          [
            1156.5133833220466,
            1603.4941058288478
          ]
        ]
      }
    },
    {
      "type": "Feature",
      "properties": {
        "kind": "EDGE_OCCURRENCE",
        "field": 54,
        "edge_id": 93,
        "sign": -1,
        "v_start": 49,
        "v_end": 29,
        "source_tag": [
          54,
          0
        ]
      },
      "geometry": {
        "type": "LineString",
        "coordinates": [
          [
            1133.9356915204983,
            1545.6004580321905
          ],
          [
            1128.0062493996818,
            1555.3129814428712
          ]
        ]
      }
    },
    {
      "type": "Feature",
      "properties": {
        "kind": "EDGE_OCCURRENCE",
        "field": 54,
        "edge_id": 92,
        "sign": -1,
        "v_start": 29,
        "v_end": 48,
        "source_tag": [
          54,
          1
        ]
      },
      "geometry": {
        "type": "LineString",
        "coordinates": [
          [
            1128.0062493996818,
            1555.3129814428712
          ],
          [
            1148.4831092871295,
            1543.6860279908724
          ]
        ]
      }
    },
    {
      "type": "Feature",
      "properties": {
        "kind": "EDGE_OCCURRENCE",
        "field": 54,
        "edge_id": 105,
        "sign": 1,
        "v_start": 48,
        "v_end": 49,
        "source_tag": [
          54,
          2
        ]
      },
      "geometry": {
        "type": "LineString",
        "coordinates": [
          [
            1148.4831092871295,
            1543.6860279908724
          ],
          [
            1133.9356915204983,
            1545.6004580321905
          ]
        ]
      }
    },
    {
      "type": "Feature",
      "properties": {
        "kind": "EDGE_OCCURRENCE",
        "field": 55,
        "edge_id": 94,
        "sign": -1,
        "v_start": 38,
        "v_end": 49,
        "source_tag": [
          55,
          0
        ]
      },
      "geometry": {
        "type": "LineString",
        "coordinates": [
          [
            1113.5367033427835,
            1483.2478101163535
          ],
          [
            1133.9356915204983,
            1545.6004580321905
          ]
        ]
      }
    },
    {
      "type": "Feature",
      "properties": {
        "kind": "EDGE_OCCURRENCE",
        "field": 55,
        "edge_id": 105,
        "sign": -1,
        "v_start": 49,
        "v_end": 48,
        "source_tag": [
          55,
          1
        ]
      },
      "geometry": {
        "type": "LineString",
        "coordinates": [
          [
            1133.9356915204983,
            1545.6004580321905
          ],
          [
            1148.4831092871295,
            1543.6860279908724
          ]
        ]
      }
    },
    {
      "type": "Feature",
      "properties": {
        "kind": "EDGE_OCCURRENCE",
        "field": 55,
        "edge_id": 106,
        "sign": 1,
        "v_start": 48,
        "v_end": 55,
        "source_tag": [
          55,
          2
        ]
      },
      "geometry": {
        "type": "LineString",
        "coordinates": [
          [
            1148.4831092871295,
            1543.6860279908724
          ],
          [
            1141.7645,
            1493.647
          ]
        ]
      }
    },
    {
      "type": "Feature",
      "properties": {
        "kind": "EDGE_OCCURRENCE",
        "field": 55,
        "edge_id": 107,
        "sign": 1,
        "v_start": 55,
        "v_end": 38,
        "source_tag": [
          55,
          3
        ]
      },
      "geometry": {
        "type": "LineString",
        "coordinates": [
          [
            1141.7645,
            1493.647
          ],
          [
            1113.5367033427835,
            1483.2478101163535
          ]
        ]
      }
    },
    {
      "type": "Feature",
      "properties": {
        "kind": "EDGE_OCCURRENCE",
        "field": 56,
        "edge_id": 96,
        "sign": 1,
        "v_start": 50,
        "v_end": 39,
        "source_tag": [
          56,
          1
        ]
      },
      "geometry": {
        "type": "LineString",
        "coordinates": [
          [
            688.7213655258486,
            1326.7447922899773
          ],
          [
            704.9341158521192,
            1284.5721576402073
          ]
        ]
      }
    },
    {
      "type": "Feature",
      "properties": {
        "kind": "EDGE_OCCURRENCE",
        "field": 56,
        "edge_id": 108,
        "sign": 1,
        "v_start": 39,
        "v_end": 61,
        "source_tag": [
          56,
          "half-fixed",
          2
        ]
      },
      "geometry": {
        "type": "LineString",
        "coordinates": [
          [
            704.9341158521192,
            1284.5721576402073
          ],
          [
            657.559,
            1315.2645
          ]
        ]
      }
    },
    {
      "type": "Feature",
      "properties": {
        "kind": "EDGE_OCCURRENCE",
        "field": 56,
        "edge_id": 122,
        "sign": 1,
        "v_start": 61,
        "v_end": 50,
        "source_tag": [
          56,
          "mirror"
        ]
      },
      "geometry": {
        "type": "LineString",
        "coordinates": [
          [
            657.559,
            1315.2645
          ],
          [
            688.7213655258486,
            1326.7447922899773
          ]
        ]
      }
    },
    {
      "type": "Feature",
      "properties": {
        "kind": "EDGE_OCCURRENCE",
        "field": 57,
        "edge_id": 104,
        "sign": -1,
        "v_start": 46,
        "v_end": 51,
        "source_tag": [
          57,
          0
        ]
      },
      "geometry": {
        "type": "LineString",
        "coordinates": [
          [
            1152.7656186780346,
            1719.527993369307
          ],
          [
            1150.6673375886817,
            1793.9521077276422
          ]
        ]
      }
    },
    {
      "type": "Feature",
      "properties": {
        "kind": "EDGE_OCCURRENCE",
        "field": 57,
        "edge_id": 99,
        "sign": -1,
        "v_start": 51,
        "v_end": 52,
        "source_tag": [
          57,
          1
        ]
      },
      "geometry": {
        "type": "LineString",
        "coordinates": [
          [
            1150.6673375886817,
            1793.9521077276422
          ],
          [
            1215.1456806358947,
            1866.9604152338916
          ]
        ]
      }
    },
    {
      "type": "Feature",
      "properties": {
        "kind": "EDGE_OCCURRENCE",
        "field": 57,
        "edge_id": 109,
        "sign": 1,
        "v_start": 52,
        "v_end": 56,
        "source_tag": [
          57,
          2
        ]
      },
      "geometry": {
        "type": "LineString",
        "coordinates": [
          [
            1215.1456806358947,
            1866.9604152338916
          ],
          [
            1184.5420932799216,
            1775.0694331845148
          ]
        ]
      }
    },
    {
      "type": "Feature",
      "properties": {
        "kind": "EDGE_OCCURRENCE",
        "field": 57,
        "edge_id": 110,
        "sign": 1,
        "v_start": 56,
        "v_end": 46,
        "source_tag": [
          57,
          3
        ]
      },
      "geometry": {
        "type": "LineString",
        "coordinates": [
          [
            1184.5420932799216,
            1775.0694331845148
          ],
          [
            1152.7656186780346,
            1719.527993369307
          ]
        ]
      }
    },
    {
      "type": "Feature",
      "properties": {
        "kind": "EDGE_OCCURRENCE",
        "field": 58,
        "edge_id": 98,
        "sign": -1,
        "v_start": 52,
        "v_end": 45,
        "source_tag": [
          58,
          0
        ]
      },
      "geometry": {
        "type": "LineString",
        "coordinates": [
          [
            1215.1456806358947,
            1866.9604152338916
          ],
          [
            1167.07,
            1999.8063333333332
          ]
        ]
      }
    },
    {
      "type": "Feature",
      "properties": {
        "kind": "EDGE_OCCURRENCE",
        "field": 58,
        "edge_id": 111,
        "sign": 1,
        "v_start": 45,
        "v_end": 57,
        "source_tag": [
          58,
          1
        ]
      },
      "geometry": {
        "type": "LineString",
        "coordinates": [
          [
            1167.07,
            1999.8063333333332
          ],
          [
            1261.355,
            2005.7095
          ]
        ]
      }
    },
    {
      "type": "Feature",
      "properties": {
        "kind": "EDGE_OCCURRENCE",
        "field": 58,
        "edge_id": 112,
        "sign": 1,
        "v_start": 57,
        "v_end": 52,
        "source_tag": [
          58,
          2
        ]
      },
      "geometry": {
        "type": "LineString",
        "coordinates": [
          [
            1261.355,
            2005.7095
          ],
          [
            1215.1456806358947,
            1866.9604152338916
          ]
        ]
      }
    },
    {
      "type": "Feature",
      "properties": {
        "kind": "EDGE_OCCURRENCE",
        "field": 59,
        "edge_id": 101,
        "sign": -1,
        "v_start": 53,
        "v_end": 46,
        "source_tag": [
          59,
          0
        ]
      },
      "geometry": {
        "type": "LineString",
        "coordinates": [
          [
            1168.1970780848474,
            1690.5122228657413
          ],
          [
            1152.7656186780346,
            1719.527993369307
          ]
        ]
      }
    },
    {
      "type": "Feature",
      "properties": {
        "kind": "EDGE_OCCURRENCE",
        "field": 59,
        "edge_id": 113,
        "sign": 1,
        "v_start": 46,
        "v_end": 58,
        "source_tag": [
          59,
          1
        ]
      },
      "geometry": {
        "type": "LineString",
        "coordinates": [
          [
            1152.7656186780346,
            1719.527993369307
          ],
          [
            1159.4564616737644,
            1715.6628594472902
          ]
        ]
      }
    },
    {
      "type": "Feature",
      "properties": {
        "kind": "EDGE_OCCURRENCE",
        "field": 59,
        "edge_id": 114,
        "sign": 1,
        "v_start": 58,
        "v_end": 53,
        "source_tag": [
          59,
          2
        ]
      },
      "geometry": {
        "type": "LineString",
        "coordinates": [
          [
            1159.4564616737644,
            1715.6628594472902
          ],
          [
            1168.1970780848474,
            1690.5122228657413
          ]
        ]
      }
    },
    {
      "type": "Feature",
      "properties": {
        "kind": "EDGE_OCCURRENCE",
        "field": 60,
        "edge_id": 110,
        "sign": -1,
        "v_start": 46,
        "v_end": 56,
        "source_tag": [
          60,
          0
        ]
      },
      "geometry": {
        "type": "LineString",
        "coordinates": [
          [
            1152.7656186780346,
            1719.527993369307
          ],
          [
            1184.5420932799216,
            1775.0694331845148
          ]
        ]
      }
    },
    {
      "type": "Feature",
      "properties": {
        "kind": "EDGE_OCCURRENCE",
        "field": 60,
        "edge_id": 115,
        "sign": 1,
        "v_start": 56,
        "v_end": 58,
        "source_tag": [
          60,
          1
        ]
      },
      "geometry": {
        "type": "LineString",
        "coordinates": [
          [
            1184.5420932799216,
            1775.0694331845148
          ],
          [
            1159.4564616737644,
            1715.6628594472902
          ]
        ]
      }
    },
    {
      "type": "Feature",
      "properties": {
        "kind": "EDGE_OCCURRENCE",
        "field": 60,
        "edge_id": 113,
        "sign": -1,
        "v_start": 58,
        "v_end": 46,
        "source_tag": [
          60,
          2
        ]
      },
      "geometry": {
        "type": "LineString",
        "coordinates": [
          [
            1159.4564616737644,
            1715.6628594472902
          ],
          [
            1152.7656186780346,
            1719.527993369307
          ]
        ]
      }
    },
    {
      "type": "Feature",
      "properties": {
        "kind": "EDGE_OCCURRENCE",
        "field": 61,
        "edge_id": 114,
        "sign": -1,
        "v_start": 53,
        "v_end": 58,
        "source_tag": [
          61,
          0
        ]
      },
      "geometry": {
        "type": "LineString",
        "coordinates": [
          [
            1168.1970780848474,
            1690.5122228657413
          ],
          [
            1159.4564616737644,
            1715.6628594472902
          ]
        ]
      }
    },
    {
      "type": "Feature",
      "properties": {
        "kind": "EDGE_OCCURRENCE",
        "field": 61,
        "edge_id": 115,
        "sign": -1,
        "v_start": 58,
        "v_end": 56,
        "source_tag": [
          61,
          1
        ]
      },
      "geometry": {
        "type": "LineString",
        "coordinates": [
          [
            1159.4564616737644,
            1715.6628594472902
          ],
          [
            1184.5420932799216,
            1775.0694331845148
          ]
        ]
      }
    },
    {
      "type": "Feature",
      "properties": {
        "kind": "EDGE_OCCURRENCE",
        "field": 61,
        "edge_id": 116,
        "sign": 1,
        "v_start": 56,
        "v_end": 59,
        "source_tag": [
          61,
          2
        ]
      },
      "geometry": {
        "type": "LineString",
        "coordinates": [
          [
            1184.5420932799216,
            1775.0694331845148
          ],
          [
            1176.1785610847755,
            1749.9569136006448
          ]
        ]
      }
    },
    {
      "type": "Feature",
      "properties": {
        "kind": "EDGE_OCCURRENCE",
        "field": 61,
        "edge_id": 117,
        "sign": 1,
        "v_start": 59,
        "v_end": 53,
        "source_tag": [
          61,
          3
        ]
      },
      "geometry": {
        "type": "LineString",
        "coordinates": [
          [
            1176.1785610847755,
            1749.9569136006448
          ],
          [
            1168.1970780848474,
            1690.5122228657413
          ]
        ]
      }
    },
    {
      "type": "Feature",
      "properties": {
        "kind": "VERTEX_OCCURRENCE",
        "field": 0,
        "vertex_id": 1
      },
      "geometry": {
        "type": "Point",
        "coordinates": [
          784.8736999999999,
          2011.9999999999998
        ]
      }
    },
    {
      "type": "Feature",
      "properties": {
        "kind": "VERTEX_OCCURRENCE",
        "field": 0,
        "vertex_id": 3
      },
      "geometry": {
        "type": "Point",
        "coordinates": [
          812.057546077343,
          2008.630559454701
        ]
      }
    },
    {
      "type": "Feature",
      "properties": {
        "kind": "VERTEX_OCCURRENCE",
        "field": 0,
        "vertex_id": 3
      },
      "geometry": {
        "type": "Point",
        "coordinates": [
          812.057546077343,
          2008.630559454701
        ]
      }
    },
    {
      "type": "Feature",
      "properties": {
        "kind": "VERTEX_OCCURRENCE",
        "field": 0,
        "vertex_id": 2
      },
      "geometry": {
        "type": "Point",
        "coordinates": [
          867.0781509722156,
          1918.57388025486
        ]
      }
    },
    {
      "type": "Feature",
      "properties": {
        "kind": "VERTEX_OCCURRENCE",
        "field": 0,
        "vertex_id": 2
      },
      "geometry": {
        "type": "Point",
        "coordinates": [
          867.0781509722156,
          1918.57388025486
        ]
      }
    },
    {
      "type": "Feature",
      "properties": {
        "kind": "VERTEX_OCCURRENCE",
        "field": 0,
        "vertex_id": 0
      },
      "geometry": {
        "type": "Point",
        "coordinates": [
          845.590685048493,
          1913.949559589299
        ]
      }
    },
    {
      "type": "Feature",
      "properties": {
        "kind": "VERTEX_OCCURRENCE",
        "field": 0,
        "vertex_id": 0
      },
      "geometry": {
        "type": "Point",
        "coordinates": [
          845.590685048493,
          1913.949559589299
        ]
      }
    },
    {
      "type": "Feature",
      "properties": {
        "kind": "VERTEX_OCCURRENCE",
        "field": 0,
        "vertex_id": 1
      },
      "geometry": {
        "type": "Point",
        "coordinates": [
          784.8736999999999,
          2011.9999999999998
        ]
      }
    },
    {
      "type": "Feature",
      "properties": {
        "kind": "VERTEX_OCCURRENCE",
        "field": 1,
        "vertex_id": 5
      },
      "geometry": {
        "type": "Point",
        "coordinates": [
          700.3417496786246,
          2022.4777440239936
        ]
      }
    },
    {
      "type": "Feature",
      "properties": {
        "kind": "VERTEX_OCCURRENCE",
        "field": 1,
        "vertex_id": 1
      },
      "geometry": {
        "type": "Point",
        "coordinates": [
          784.8736999999999,
          2011.9999999999998
        ]
      }
    },
    {
      "type": "Feature",
      "properties": {
        "kind": "VERTEX_OCCURRENCE",
        "field": 1,
        "vertex_id": 1
      },
      "geometry": {
        "type": "Point",
        "coordinates": [
          784.8736999999999,
          2011.9999999999998
        ]
      }
    },
    {
      "type": "Feature",
      "properties": {
        "kind": "VERTEX_OCCURRENCE",
        "field": 1,
        "vertex_id": 0
      },
      "geometry": {
        "type": "Point",
        "coordinates": [
          845.590685048493,
          1913.949559589299
        ]
      }
    },
    {
      "type": "Feature",
      "properties": {
        "kind": "VERTEX_OCCURRENCE",
        "field": 1,
        "vertex_id": 0
      },
      "geometry": {
        "type": "Point",
        "coordinates": [
          845.590685048493,
          1913.949559589299
        ]
      }
    },
    {
      "type": "Feature",
      "properties": {
        "kind": "VERTEX_OCCURRENCE",
        "field": 1,
        "vertex_id": 4
      },
      "geometry": {
        "type": "Point",
        "coordinates": [
          739.4716651982583,
          1961.7534594075746
        ]
      }
    },
    {
      "type": "Feature",
      "properties": {
        "kind": "VERTEX_OCCURRENCE",
        "field": 1,
        "vertex_id": 4
      },
      "geometry": {
        "type": "Point",
        "coordinates": [
          739.4716651982583,
          1961.7534594075746
        ]
      }
    },
    {
      "type": "Feature",
      "properties": {
        "kind": "VERTEX_OCCURRENCE",
        "field": 1,
        "vertex_id": 5
      },
      "geometry": {
        "type": "Point",
        "coordinates": [
          700.3417496786246,
          2022.4777440239936
        ]
      }
    },
    {
      "type": "Feature",
      "properties": {
        "kind": "VERTEX_OCCURRENCE",
        "field": 2,
        "vertex_id": 2
      },
      "geometry": {
        "type": "Point",
        "coordinates": [
          867.0781509722156,
          1918.57388025486
        ]
      }
    },
    {
      "type": "Feature",
      "properties": {
        "kind": "VERTEX_OCCURRENCE",
        "field": 2,
        "vertex_id": 3
      },
      "geometry": {
        "type": "Point",
        "coordinates": [
          812.057546077343,
          2008.630559454701
        ]
      }
    },
    {
      "type": "Feature",
      "properties": {
        "kind": "VERTEX_OCCURRENCE",
        "field": 2,
        "vertex_id": 3
      },
      "geometry": {
        "type": "Point",
        "coordinates": [
          812.057546077343,
          2008.630559454701
        ]
      }
    },
    {
      "type": "Feature",
      "properties": {
        "kind": "VERTEX_OCCURRENCE",
        "field": 2,
        "vertex_id": 6
      },
      "geometry": {
        "type": "Point",
        "coordinates": [
          877.2682449802126,
          1904.9124301436657
        ]
      }
    },
    {
      "type": "Feature",
      "properties": {
        "kind": "VERTEX_OCCURRENCE",
        "field": 2,
        "vertex_id": 6
      },
      "geometry": {
        "type": "Point",
        "coordinates": [
          877.2682449802126,
          1904.9124301436657
        ]
      }
    },
    {
      "type": "Feature",
      "properties": {
        "kind": "VERTEX_OCCURRENCE",
        "field": 2,
        "vertex_id": 2
      },
      "geometry": {
        "type": "Point",
        "coordinates": [
          867.0781509722156,
          1918.57388025486
        ]
      }
    },
    {
      "type": "Feature",
      "properties": {
        "kind": "VERTEX_OCCURRENCE",
        "field": 3,
        "vertex_id": 0
      },
      "geometry": {
        "type": "Point",
        "coordinates": [
          845.590685048493,
          1913.949559589299
        ]
      }
    },
    {
      "type": "Feature",
      "properties": {
        "kind": "VERTEX_OCCURRENCE",
        "field": 3,
        "vertex_id": 2
      },
      "geometry": {
        "type": "Point",
        "coordinates": [
          867.0781509722156,
          1918.57388025486
        ]
      }
    },
    {
      "type": "Feature",
      "properties": {
        "kind": "VERTEX_OCCURRENCE",
        "field": 3,
        "vertex_id": 2
      },
      "geometry": {
        "type": "Point",
        "coordinates": [
          867.0781509722156,
          1918.57388025486
        ]
      }
    },
    {
      "type": "Feature",
      "properties": {
        "kind": "VERTEX_OCCURRENCE",
        "field": 3,
        "vertex_id": 6
      },
      "geometry": {
        "type": "Point",
        "coordinates": [
          877.2682449802126,
          1904.9124301436657
        ]
      }
    },
    {
      "type": "Feature",
      "properties": {
        "kind": "VERTEX_OCCURRENCE",
        "field": 3,
        "vertex_id": 6
      },
      "geometry": {
        "type": "Point",
        "coordinates": [
          877.2682449802126,
          1904.9124301436657
        ]
      }
    },
    {
      "type": "Feature",
      "properties": {
        "kind": "VERTEX_OCCURRENCE",
        "field": 3,
        "vertex_id": 0
      },
      "geometry": {
        "type": "Point",
        "coordinates": [
          845.590685048493,
          1913.949559589299
        ]
      }
    },
    {
      "type": "Feature",
      "properties": {
        "kind": "VERTEX_OCCURRENCE",
        "field": 4,
        "vertex_id": 7
      },
      "geometry": {
        "type": "Point",
        "coordinates": [
          729.2349212245479,
          1717.9398067927382
        ]
      }
    },
    {
      "type": "Feature",
      "properties": {
        "kind": "VERTEX_OCCURRENCE",
        "field": 4,
        "vertex_id": 5
      },
      "geometry": {
        "type": "Point",
        "coordinates": [
          700.3417496786246,
          2022.4777440239936
        ]
      }
    },
    {
      "type": "Feature",
      "properties": {
        "kind": "VERTEX_OCCURRENCE",
        "field": 4,
        "vertex_id": 5
      },
      "geometry": {
        "type": "Point",
        "coordinates": [
          700.3417496786246,
          2022.4777440239936
        ]
      }
    },
    {
      "type": "Feature",
      "properties": {
        "kind": "VERTEX_OCCURRENCE",
        "field": 4,
        "vertex_id": 4
      },
      "geometry": {
        "type": "Point",
        "coordinates": [
          739.4716651982583,
          1961.7534594075746
        ]
      }
    },
    {
      "type": "Feature",
      "properties": {
        "kind": "VERTEX_OCCURRENCE",
        "field": 4,
        "vertex_id": 4
      },
      "geometry": {
        "type": "Point",
        "coordinates": [
          739.4716651982583,
          1961.7534594075746
        ]
      }
    },
    {
      "type": "Feature",
      "properties": {
        "kind": "VERTEX_OCCURRENCE",
        "field": 4,
        "vertex_id": 7
      },
      "geometry": {
        "type": "Point",
        "coordinates": [
          729.2349212245479,
          1717.9398067927382
        ]
      }
    },
    {
      "type": "Feature",
      "properties": {
        "kind": "VERTEX_OCCURRENCE",
        "field": 5,
        "vertex_id": 7
      },
      "geometry": {
        "type": "Point",
        "coordinates": [
          729.2349212245479,
          1717.9398067927382
        ]
      }
    },
    {
      "type": "Feature",
      "properties": {
        "kind": "VERTEX_OCCURRENCE",
        "field": 5,
        "vertex_id": 4
      },
      "geometry": {
        "type": "Point",
        "coordinates": [
          739.4716651982583,
          1961.7534594075746
        ]
      }
    },
    {
      "type": "Feature",
      "properties": {
        "kind": "VERTEX_OCCURRENCE",
        "field": 5,
        "vertex_id": 4
      },
      "geometry": {
        "type": "Point",
        "coordinates": [
          739.4716651982583,
          1961.7534594075746
        ]
      }
    },
    {
      "type": "Feature",
      "properties": {
        "kind": "VERTEX_OCCURRENCE",
        "field": 5,
        "vertex_id": 0
      },
      "geometry": {
        "type": "Point",
        "coordinates": [
          845.590685048493,
          1913.949559589299
        ]
      }
    },
    {
      "type": "Feature",
      "properties": {
        "kind": "VERTEX_OCCURRENCE",
        "field": 5,
        "vertex_id": 0
      },
      "geometry": {
        "type": "Point",
        "coordinates": [
          845.590685048493,
          1913.949559589299
        ]
      }
    },
    {
      "type": "Feature",
      "properties": {
        "kind": "VERTEX_OCCURRENCE",
        "field": 5,
        "vertex_id": 7
      },
      "geometry": {
        "type": "Point",
        "coordinates": [
          729.2349212245479,
          1717.9398067927382
        ]
      }
    },
    {
      "type": "Feature",
      "properties": {
        "kind": "VERTEX_OCCURRENCE",
        "field": 6,
        "vertex_id": 3
      },
      "geometry": {
        "type": "Point",
        "coordinates": [
          812.057546077343,
          2008.630559454701
        ]
      }
    },
    {
      "type": "Feature",
      "properties": {
        "kind": "VERTEX_OCCURRENCE",
        "field": 6,
        "vertex_id": 9
      },
      "geometry": {
        "type": "Point",
        "coordinates": [
          918.609963918792,
          1995.423376193983
        ]
      }
    },
    {
      "type": "Feature",
      "properties": {
        "kind": "VERTEX_OCCURRENCE",
        "field": 6,
        "vertex_id": 9
      },
      "geometry": {
        "type": "Point",
        "coordinates": [
          918.609963918792,
          1995.423376193983
        ]
      }
    },
    {
      "type": "Feature",
      "properties": {
        "kind": "VERTEX_OCCURRENCE",
        "field": 6,
        "vertex_id": 8
      },
      "geometry": {
        "type": "Point",
        "coordinates": [
          972.7641768648441,
          1904.0507184332437
        ]
      }
    },
    {
      "type": "Feature",
      "properties": {
        "kind": "VERTEX_OCCURRENCE",
        "field": 6,
        "vertex_id": 8
      },
      "geometry": {
        "type": "Point",
        "coordinates": [
          972.7641768648441,
          1904.0507184332437
        ]
      }
    },
    {
      "type": "Feature",
      "properties": {
        "kind": "VERTEX_OCCURRENCE",
        "field": 6,
        "vertex_id": 6
      },
      "geometry": {
        "type": "Point",
        "coordinates": [
          877.2682449802126,
          1904.9124301436657
        ]
      }
    },
    {
      "type": "Feature",
      "properties": {
        "kind": "VERTEX_OCCURRENCE",
        "field": 6,
        "vertex_id": 6
      },
      "geometry": {
        "type": "Point",
        "coordinates": [
          877.2682449802126,
          1904.9124301436657
        ]
      }
    },
    {
      "type": "Feature",
      "properties": {
        "kind": "VERTEX_OCCURRENCE",
        "field": 6,
        "vertex_id": 3
      },
      "geometry": {
        "type": "Point",
        "coordinates": [
          812.057546077343,
          2008.630559454701
        ]
      }
    },
    {
      "type": "Feature",
      "properties": {
        "kind": "VERTEX_OCCURRENCE",
        "field": 7,
        "vertex_id": 0
      },
      "geometry": {
        "type": "Point",
        "coordinates": [
          845.590685048493,
          1913.949559589299
        ]
      }
    },
    {
      "type": "Feature",
      "properties": {
        "kind": "VERTEX_OCCURRENCE",
        "field": 7,
        "vertex_id": 6
      },
      "geometry": {
        "type": "Point",
        "coordinates": [
          877.2682449802126,
          1904.9124301436657
        ]
      }
    },
    {
      "type": "Feature",
      "properties": {
        "kind": "VERTEX_OCCURRENCE",
        "field": 7,
        "vertex_id": 6
      },
      "geometry": {
        "type": "Point",
        "coordinates": [
          877.2682449802126,
          1904.9124301436657
        ]
      }
    },
    {
      "type": "Feature",
      "properties": {
        "kind": "VERTEX_OCCURRENCE",
        "field": 7,
        "vertex_id": 11
      },
      "geometry": {
        "type": "Point",
        "coordinates": [
          935.5069213283081,
          1809.2750479431254
        ]
      }
    },
    {
      "type": "Feature",
      "properties": {
        "kind": "VERTEX_OCCURRENCE",
        "field": 7,
        "vertex_id": 11
      },
      "geometry": {
        "type": "Point",
        "coordinates": [
          935.5069213283081,
          1809.2750479431254
        ]
      }
    },
    {
      "type": "Feature",
      "properties": {
        "kind": "VERTEX_OCCURRENCE",
        "field": 7,
        "vertex_id": 10
      },
      "geometry": {
        "type": "Point",
        "coordinates": [
          901.2873094260766,
          1649.4420440871763
        ]
      }
    },
    {
      "type": "Feature",
      "properties": {
        "kind": "VERTEX_OCCURRENCE",
        "field": 7,
        "vertex_id": 10
      },
      "geometry": {
        "type": "Point",
        "coordinates": [
          901.2873094260766,
          1649.4420440871763
        ]
      }
    },
    {
      "type": "Feature",
      "properties": {
        "kind": "VERTEX_OCCURRENCE",
        "field": 7,
        "vertex_id": 0
      },
      "geometry": {
        "type": "Point",
        "coordinates": [
          845.590685048493,
          1913.949559589299
        ]
      }
    },
    {
      "type": "Feature",
      "properties": {
        "kind": "VERTEX_OCCURRENCE",
        "field": 8,
        "vertex_id": 13
      },
      "geometry": {
        "type": "Point",
        "coordinates": [
          688.06055,
          2024.0
        ]
      }
    },
    {
      "type": "Feature",
      "properties": {
        "kind": "VERTEX_OCCURRENCE",
        "field": 8,
        "vertex_id": 5
      },
      "geometry": {
        "type": "Point",
        "coordinates": [
          700.3417496786246,
          2022.4777440239936
        ]
      }
    },
    {
      "type": "Feature",
      "properties": {
        "kind": "VERTEX_OCCURRENCE",
        "field": 8,
        "vertex_id": 5
      },
      "geometry": {
        "type": "Point",
        "coordinates": [
          700.3417496786246,
          2022.4777440239936
        ]
      }
    },
    {
      "type": "Feature",
      "properties": {
        "kind": "VERTEX_OCCURRENCE",
        "field": 8,
        "vertex_id": 7
      },
      "geometry": {
        "type": "Point",
        "coordinates": [
          729.2349212245479,
          1717.9398067927382
        ]
      }
    },
    {
      "type": "Feature",
      "properties": {
        "kind": "VERTEX_OCCURRENCE",
        "field": 8,
        "vertex_id": 7
      },
      "geometry": {
        "type": "Point",
        "coordinates": [
          729.2349212245479,
          1717.9398067927382
        ]
      }
    },
    {
      "type": "Feature",
      "properties": {
        "kind": "VERTEX_OCCURRENCE",
        "field": 8,
        "vertex_id": 12
      },
      "geometry": {
        "type": "Point",
        "coordinates": [
          717.0125937262387,
          1692.2939239560915
        ]
      }
    },
    {
      "type": "Feature",
      "properties": {
        "kind": "VERTEX_OCCURRENCE",
        "field": 8,
        "vertex_id": 12
      },
      "geometry": {
        "type": "Point",
        "coordinates": [
          717.0125937262387,
          1692.2939239560915
        ]
      }
    },
    {
      "type": "Feature",
      "properties": {
        "kind": "VERTEX_OCCURRENCE",
        "field": 8,
        "vertex_id": 13
      },
      "geometry": {
        "type": "Point",
        "coordinates": [
          688.06055,
          2024.0
        ]
      }
    },
    {
      "type": "Feature",
      "properties": {
        "kind": "VERTEX_OCCURRENCE",
        "field": 9,
        "vertex_id": 7
      },
      "geometry": {
        "type": "Point",
        "coordinates": [
          729.2349212245479,
          1717.9398067927382
        ]
      }
    },
    {
      "type": "Feature",
      "properties": {
        "kind": "VERTEX_OCCURRENCE",
        "field": 9,
        "vertex_id": 0
      },
      "geometry": {
        "type": "Point",
        "coordinates": [
          845.590685048493,
          1913.949559589299
        ]
      }
    },
    {
      "type": "Feature",
      "properties": {
        "kind": "VERTEX_OCCURRENCE",
        "field": 9,
        "vertex_id": 0
      },
      "geometry": {
        "type": "Point",
        "coordinates": [
          845.590685048493,
          1913.949559589299
        ]
      }
    },
    {
      "type": "Feature",
      "properties": {
        "kind": "VERTEX_OCCURRENCE",
        "field": 9,
        "vertex_id": 10
      },
      "geometry": {
        "type": "Point",
        "coordinates": [
          901.2873094260766,
          1649.4420440871763
        ]
      }
    },
    {
      "type": "Feature",
      "properties": {
        "kind": "VERTEX_OCCURRENCE",
        "field": 9,
        "vertex_id": 10
      },
      "geometry": {
        "type": "Point",
        "coordinates": [
          901.2873094260766,
          1649.4420440871763
        ]
      }
    },
    {
      "type": "Feature",
      "properties": {
        "kind": "VERTEX_OCCURRENCE",
        "field": 9,
        "vertex_id": 14
      },
      "geometry": {
        "type": "Point",
        "coordinates": [
          729.4206967442831,
          1677.5341555301006
        ]
      }
    },
    {
      "type": "Feature",
      "properties": {
        "kind": "VERTEX_OCCURRENCE",
        "field": 9,
        "vertex_id": 14
      },
      "geometry": {
        "type": "Point",
        "coordinates": [
          729.4206967442831,
          1677.5341555301006
        ]
      }
    },
    {
      "type": "Feature",
      "properties": {
        "kind": "VERTEX_OCCURRENCE",
        "field": 9,
        "vertex_id": 7
      },
      "geometry": {
        "type": "Point",
        "coordinates": [
          729.2349212245479,
          1717.9398067927382
        ]
      }
    },
    {
      "type": "Feature",
      "properties": {
        "kind": "VERTEX_OCCURRENCE",
        "field": 10,
        "vertex_id": 8
      },
      "geometry": {
        "type": "Point",
        "coordinates": [
          972.7641768648441,
          1904.0507184332437
        ]
      }
    },
    {
      "type": "Feature",
      "properties": {
        "kind": "VERTEX_OCCURRENCE",
        "field": 10,
        "vertex_id": 9
      },
      "geometry": {
        "type": "Point",
        "coordinates": [
          918.609963918792,
          1995.423376193983
        ]
      }
    },
    {
      "type": "Feature",
      "properties": {
        "kind": "VERTEX_OCCURRENCE",
        "field": 10,
        "vertex_id": 9
      },
      "geometry": {
        "type": "Point",
        "coordinates": [
          918.609963918792,
          1995.423376193983
        ]
      }
    },
    {
      "type": "Feature",
      "properties": {
        "kind": "VERTEX_OCCURRENCE",
        "field": 10,
        "vertex_id": 15
      },
      "geometry": {
        "type": "Point",
        "coordinates": [
          962.4082084068593,
          1926.8903748942096
        ]
      }
    },
    {
      "type": "Feature",
      "properties": {
        "kind": "VERTEX_OCCURRENCE",
        "field": 10,
        "vertex_id": 15
      },
      "geometry": {
        "type": "Point",
        "coordinates": [
          962.4082084068593,
          1926.8903748942096
        ]
      }
    },
    {
      "type": "Feature",
      "properties": {
        "kind": "VERTEX_OCCURRENCE",
        "field": 10,
        "vertex_id": 8
      },
      "geometry": {
        "type": "Point",
        "coordinates": [
          972.7641768648441,
          1904.0507184332437
        ]
      }
    },
    {
      "type": "Feature",
      "properties": {
        "kind": "VERTEX_OCCURRENCE",
        "field": 11,
        "vertex_id": 6
      },
      "geometry": {
        "type": "Point",
        "coordinates": [
          877.2682449802126,
          1904.9124301436657
        ]
      }
    },
    {
      "type": "Feature",
      "properties": {
        "kind": "VERTEX_OCCURRENCE",
        "field": 11,
        "vertex_id": 8
      },
      "geometry": {
        "type": "Point",
        "coordinates": [
          972.7641768648441,
          1904.0507184332437
        ]
      }
    },
    {
      "type": "Feature",
      "properties": {
        "kind": "VERTEX_OCCURRENCE",
        "field": 11,
        "vertex_id": 8
      },
      "geometry": {
        "type": "Point",
        "coordinates": [
          972.7641768648441,
          1904.0507184332437
        ]
      }
    },
    {
      "type": "Feature",
      "properties": {
        "kind": "VERTEX_OCCURRENCE",
        "field": 11,
        "vertex_id": 17
      },
      "geometry": {
        "type": "Point",
        "coordinates": [
          1014.2441973198668,
          1881.092856155653
        ]
      }
    },
    {
      "type": "Feature",
      "properties": {
        "kind": "VERTEX_OCCURRENCE",
        "field": 11,
        "vertex_id": 17
      },
      "geometry": {
        "type": "Point",
        "coordinates": [
          1014.2441973198668,
          1881.092856155653
        ]
      }
    },
    {
      "type": "Feature",
      "properties": {
        "kind": "VERTEX_OCCURRENCE",
        "field": 11,
        "vertex_id": 18
      },
      "geometry": {
        "type": "Point",
        "coordinates": [
          1040.145005450804,
          1847.4919472820256
        ]
      }
    },
    {
      "type": "Feature",
      "properties": {
        "kind": "VERTEX_OCCURRENCE",
        "field": 11,
        "vertex_id": 18
      },
      "geometry": {
        "type": "Point",
        "coordinates": [
          1040.145005450804,
          1847.4919472820256
        ]
      }
    },
    {
      "type": "Feature",
      "properties": {
        "kind": "VERTEX_OCCURRENCE",
        "field": 11,
        "vertex_id": 16
      },
      "geometry": {
        "type": "Point",
        "coordinates": [
          894.3868728528053,
          1881.9050434442852
        ]
      }
    },
    {
      "type": "Feature",
      "properties": {
        "kind": "VERTEX_OCCURRENCE",
        "field": 11,
        "vertex_id": 16
      },
      "geometry": {
        "type": "Point",
        "coordinates": [
          894.3868728528053,
          1881.9050434442852
        ]
      }
    },
    {
      "type": "Feature",
      "properties": {
        "kind": "VERTEX_OCCURRENCE",
        "field": 11,
        "vertex_id": 6
      },
      "geometry": {
        "type": "Point",
        "coordinates": [
          877.2682449802126,
          1904.9124301436657
        ]
      }
    },
    {
      "type": "Feature",
      "properties": {
        "kind": "VERTEX_OCCURRENCE",
        "field": 12,
        "vertex_id": 10
      },
      "geometry": {
        "type": "Point",
        "coordinates": [
          901.2873094260766,
          1649.4420440871763
        ]
      }
    },
    {
      "type": "Feature",
      "properties": {
        "kind": "VERTEX_OCCURRENCE",
        "field": 12,
        "vertex_id": 11
      },
      "geometry": {
        "type": "Point",
        "coordinates": [
          935.5069213283081,
          1809.2750479431254
        ]
      }
    },
    {
      "type": "Feature",
      "properties": {
        "kind": "VERTEX_OCCURRENCE",
        "field": 12,
        "vertex_id": 11
      },
      "geometry": {
        "type": "Point",
        "coordinates": [
          935.5069213283081,
          1809.2750479431254
        ]
      }
    },
    {
      "type": "Feature",
      "properties": {
        "kind": "VERTEX_OCCURRENCE",
        "field": 12,
        "vertex_id": 19
      },
      "geometry": {
        "type": "Point",
        "coordinates": [
          963.2533700043688,
          1735.0044304213634
        ]
      }
    },
    {
      "type": "Feature",
      "properties": {
        "kind": "VERTEX_OCCURRENCE",
        "field": 12,
        "vertex_id": 19
      },
      "geometry": {
        "type": "Point",
        "coordinates": [
          963.2533700043688,
          1735.0044304213634
        ]
      }
    },
    {
      "type": "Feature",
      "properties": {
        "kind": "VERTEX_OCCURRENCE",
        "field": 12,
        "vertex_id": 10
      },
      "geometry": {
        "type": "Point",
        "coordinates": [
          901.2873094260766,
          1649.4420440871763
        ]
      }
    },
    {
      "type": "Feature",
      "properties": {
        "kind": "VERTEX_OCCURRENCE",
        "field": 13,
        "vertex_id": 11
      },
      "geometry": {
        "type": "Point",
        "coordinates": [
          935.5069213283081,
          1809.2750479431254
        ]
      }
    },
    {
      "type": "Feature",
      "properties": {
        "kind": "VERTEX_OCCURRENCE",
        "field": 13,
        "vertex_id": 6
      },
      "geometry": {
        "type": "Point",
        "coordinates": [
          877.2682449802126,
          1904.9124301436657
        ]
      }
    },
    {
      "type": "Feature",
      "properties": {
        "kind": "VERTEX_OCCURRENCE",
        "field": 13,
        "vertex_id": 6
      },
      "geometry": {
        "type": "Point",
        "coordinates": [
          877.2682449802126,
          1904.9124301436657
        ]
      }
    },
    {
      "type": "Feature",
      "properties": {
        "kind": "VERTEX_OCCURRENCE",
        "field": 13,
        "vertex_id": 16
      },
      "geometry": {
        "type": "Point",
        "coordinates": [
          894.3868728528053,
          1881.9050434442852
        ]
      }
    },
    {
      "type": "Feature",
      "properties": {
        "kind": "VERTEX_OCCURRENCE",
        "field": 13,
        "vertex_id": 16
      },
      "geometry": {
        "type": "Point",
        "coordinates": [
          894.3868728528053,
          1881.9050434442852
        ]
      }
    },
    {
      "type": "Feature",
      "properties": {
        "kind": "VERTEX_OCCURRENCE",
        "field": 13,
        "vertex_id": 19
      },
      "geometry": {
        "type": "Point",
        "coordinates": [
          963.2533700043688,
          1735.0044304213634
        ]
      }
    },
    {
      "type": "Feature",
      "properties": {
        "kind": "VERTEX_OCCURRENCE",
        "field": 13,
        "vertex_id": 19
      },
      "geometry": {
        "type": "Point",
        "coordinates": [
          963.2533700043688,
          1735.0044304213634
        ]
      }
    },
    {
      "type": "Feature",
      "properties": {
        "kind": "VERTEX_OCCURRENCE",
        "field": 13,
        "vertex_id": 11
      },
      "geometry": {
        "type": "Point",
        "coordinates": [
          935.5069213283081,
          1809.2750479431254
        ]
      }
    },
    {
      "type": "Feature",
      "properties": {
        "kind": "VERTEX_OCCURRENCE",
        "field": 14,
        "vertex_id": 21
      },
      "geometry": {
        "type": "Point",
        "coordinates": [
          669.3320830397569,
          2026.3213954253417
        ]
      }
    },
    {
      "type": "Feature",
      "properties": {
        "kind": "VERTEX_OCCURRENCE",
        "field": 14,
        "vertex_id": 13
      },
      "geometry": {
        "type": "Point",
        "coordinates": [
          688.06055,
          2024.0
        ]
      }
    },
    {
      "type": "Feature",
      "properties": {
        "kind": "VERTEX_OCCURRENCE",
        "field": 14,
        "vertex_id": 13
      },
      "geometry": {
        "type": "Point",
        "coordinates": [
          688.06055,
          2024.0
        ]
      }
    },
    {
      "type": "Feature",
      "properties": {
        "kind": "VERTEX_OCCURRENCE",
        "field": 14,
        "vertex_id": 12
      },
      "geometry": {
        "type": "Point",
        "coordinates": [
          717.0125937262387,
          1692.2939239560915
        ]
      }
    },
    {
      "type": "Feature",
      "properties": {
        "kind": "VERTEX_OCCURRENCE",
        "field": 14,
        "vertex_id": 12
      },
      "geometry": {
        "type": "Point",
        "coordinates": [
          717.0125937262387,
          1692.2939239560915
        ]
      }
    },
    {
      "type": "Feature",
      "properties": {
        "kind": "VERTEX_OCCURRENCE",
        "field": 14,
        "vertex_id": 20
      },
      "geometry": {
        "type": "Point",
        "coordinates": [
          682.9488038535878,
          1800.3223446913858
        ]
      }
    },
    {
      "type": "Feature",
      "properties": {
        "kind": "VERTEX_OCCURRENCE",
        "field": 14,
        "vertex_id": 20
      },
      "geometry": {
        "type": "Point",
        "coordinates": [
          682.9488038535878,
          1800.3223446913858
        ]
      }
    },
    {
      "type": "Feature",
      "properties": {
        "kind": "VERTEX_OCCURRENCE",
        "field": 14,
        "vertex_id": 21
      },
      "geometry": {
        "type": "Point",
        "coordinates": [
          669.3320830397569,
          2026.3213954253417
        ]
      }
    },
    {
      "type": "Feature",
      "properties": {
        "kind": "VERTEX_OCCURRENCE",
        "field": 15,
        "vertex_id": 12
      },
      "geometry": {
        "type": "Point",
        "coordinates": [
          717.0125937262387,
          1692.2939239560915
        ]
      }
    },
    {
      "type": "Feature",
      "properties": {
        "kind": "VERTEX_OCCURRENCE",
        "field": 15,
        "vertex_id": 7
      },
      "geometry": {
        "type": "Point",
        "coordinates": [
          729.2349212245479,
          1717.9398067927382
        ]
      }
    },
    {
      "type": "Feature",
      "properties": {
        "kind": "VERTEX_OCCURRENCE",
        "field": 15,
        "vertex_id": 7
      },
      "geometry": {
        "type": "Point",
        "coordinates": [
          729.2349212245479,
          1717.9398067927382
        ]
      }
    },
    {
      "type": "Feature",
      "properties": {
        "kind": "VERTEX_OCCURRENCE",
        "field": 15,
        "vertex_id": 22
      },
      "geometry": {
        "type": "Point",
        "coordinates": [
          726.3873376466739,
          1646.5286347308618
        ]
      }
    },
    {
      "type": "Feature",
      "properties": {
        "kind": "VERTEX_OCCURRENCE",
        "field": 15,
        "vertex_id": 22
      },
      "geometry": {
        "type": "Point",
        "coordinates": [
          726.3873376466739,
          1646.5286347308618
        ]
      }
    },
    {
      "type": "Feature",
      "properties": {
        "kind": "VERTEX_OCCURRENCE",
        "field": 15,
        "vertex_id": 12
      },
      "geometry": {
        "type": "Point",
        "coordinates": [
          717.0125937262387,
          1692.2939239560915
        ]
      }
    },
    {
      "type": "Feature",
      "properties": {
        "kind": "VERTEX_OCCURRENCE",
        "field": 16,
        "vertex_id": 22
      },
      "geometry": {
        "type": "Point",
        "coordinates": [
          726.3873376466739,
          1646.5286347308618
        ]
      }
    },
    {
      "type": "Feature",
      "properties": {
        "kind": "VERTEX_OCCURRENCE",
        "field": 16,
        "vertex_id": 14
      },
      "geometry": {
        "type": "Point",
        "coordinates": [
          729.4206967442831,
          1677.5341555301006
        ]
      }
    },
    {
      "type": "Feature",
      "properties": {
        "kind": "VERTEX_OCCURRENCE",
        "field": 16,
        "vertex_id": 14
      },
      "geometry": {
        "type": "Point",
        "coordinates": [
          729.4206967442831,
          1677.5341555301006
        ]
      }
    },
    {
      "type": "Feature",
      "properties": {
        "kind": "VERTEX_OCCURRENCE",
        "field": 16,
        "vertex_id": 10
      },
      "geometry": {
        "type": "Point",
        "coordinates": [
          901.2873094260766,
          1649.4420440871763
        ]
      }
    },
    {
      "type": "Feature",
      "properties": {
        "kind": "VERTEX_OCCURRENCE",
        "field": 16,
        "vertex_id": 10
      },
      "geometry": {
        "type": "Point",
        "coordinates": [
          901.2873094260766,
          1649.4420440871763
        ]
      }
    },
    {
      "type": "Feature",
      "properties": {
        "kind": "VERTEX_OCCURRENCE",
        "field": 16,
        "vertex_id": 23
      },
      "geometry": {
        "type": "Point",
        "coordinates": [
          895.8890174132108,
          1406.8999445545237
        ]
      }
    },
    {
      "type": "Feature",
      "properties": {
        "kind": "VERTEX_OCCURRENCE",
        "field": 16,
        "vertex_id": 23
      },
      "geometry": {
        "type": "Point",
        "coordinates": [
          895.8890174132108,
          1406.8999445545237
        ]
      }
    },
    {
      "type": "Feature",
      "properties": {
        "kind": "VERTEX_OCCURRENCE",
        "field": 16,
        "vertex_id": 22
      },
      "geometry": {
        "type": "Point",
        "coordinates": [
          726.3873376466739,
          1646.5286347308618
        ]
      }
    },
    {
      "type": "Feature",
      "properties": {
        "kind": "VERTEX_OCCURRENCE",
        "field": 17,
        "vertex_id": 22
      },
      "geometry": {
        "type": "Point",
        "coordinates": [
          726.3873376466739,
          1646.5286347308618
        ]
      }
    },
    {
      "type": "Feature",
      "properties": {
        "kind": "VERTEX_OCCURRENCE",
        "field": 17,
        "vertex_id": 7
      },
      "geometry": {
        "type": "Point",
        "coordinates": [
          729.2349212245479,
          1717.9398067927382
        ]
      }
    },
    {
      "type": "Feature",
      "properties": {
        "kind": "VERTEX_OCCURRENCE",
        "field": 17,
        "vertex_id": 7
      },
      "geometry": {
        "type": "Point",
        "coordinates": [
          729.2349212245479,
          1717.9398067927382
        ]
      }
    },
    {
      "type": "Feature",
      "properties": {
        "kind": "VERTEX_OCCURRENCE",
        "field": 17,
        "vertex_id": 14
      },
      "geometry": {
        "type": "Point",
        "coordinates": [
          729.4206967442831,
          1677.5341555301006
        ]
      }
    },
    {
      "type": "Feature",
      "properties": {
        "kind": "VERTEX_OCCURRENCE",
        "field": 17,
        "vertex_id": 14
      },
      "geometry": {
        "type": "Point",
        "coordinates": [
          729.4206967442831,
          1677.5341555301006
        ]
      }
    },
    {
      "type": "Feature",
      "properties": {
        "kind": "VERTEX_OCCURRENCE",
        "field": 17,
        "vertex_id": 22
      },
      "geometry": {
        "type": "Point",
        "coordinates": [
          726.3873376466739,
          1646.5286347308618
        ]
      }
    },
    {
      "type": "Feature",
      "properties": {
        "kind": "VERTEX_OCCURRENCE",
        "field": 18,
        "vertex_id": 9
      },
      "geometry": {
        "type": "Point",
        "coordinates": [
          918.609963918792,
          1995.423376193983
        ]
      }
    },
    {
      "type": "Feature",
      "properties": {
        "kind": "VERTEX_OCCURRENCE",
        "field": 18,
        "vertex_id": 25
      },
      "geometry": {
        "type": "Point",
        "coordinates": [
          978.5,
          1988.0
        ]
      }
    },
    {
      "type": "Feature",
      "properties": {
        "kind": "VERTEX_OCCURRENCE",
        "field": 18,
        "vertex_id": 25
      },
      "geometry": {
        "type": "Point",
        "coordinates": [
          978.5,
          1988.0
        ]
      }
    },
    {
      "type": "Feature",
      "properties": {
        "kind": "VERTEX_OCCURRENCE",
        "field": 18,
        "vertex_id": 24
      },
      "geometry": {
        "type": "Point",
        "coordinates": [
          1026.667821742324,
          1991.0157785407564
        ]
      }
    },
    {
      "type": "Feature",
      "properties": {
        "kind": "VERTEX_OCCURRENCE",
        "field": 18,
        "vertex_id": 24
      },
      "geometry": {
        "type": "Point",
        "coordinates": [
          1026.667821742324,
          1991.0157785407564
        ]
      }
    },
    {
      "type": "Feature",
      "properties": {
        "kind": "VERTEX_OCCURRENCE",
        "field": 18,
        "vertex_id": 15
      },
      "geometry": {
        "type": "Point",
        "coordinates": [
          962.4082084068593,
          1926.8903748942096
        ]
      }
    },
    {
      "type": "Feature",
      "properties": {
        "kind": "VERTEX_OCCURRENCE",
        "field": 18,
        "vertex_id": 15
      },
      "geometry": {
        "type": "Point",
        "coordinates": [
          962.4082084068593,
          1926.8903748942096
        ]
      }
    },
    {
      "type": "Feature",
      "properties": {
        "kind": "VERTEX_OCCURRENCE",
        "field": 18,
        "vertex_id": 9
      },
      "geometry": {
        "type": "Point",
        "coordinates": [
          918.609963918792,
          1995.423376193983
        ]
      }
    },
    {
      "type": "Feature",
      "properties": {
        "kind": "VERTEX_OCCURRENCE",
        "field": 19,
        "vertex_id": 8
      },
      "geometry": {
        "type": "Point",
        "coordinates": [
          972.7641768648441,
          1904.0507184332437
        ]
      }
    },
    {
      "type": "Feature",
      "properties": {
        "kind": "VERTEX_OCCURRENCE",
        "field": 19,
        "vertex_id": 15
      },
      "geometry": {
        "type": "Point",
        "coordinates": [
          962.4082084068593,
          1926.8903748942096
        ]
      }
    },
    {
      "type": "Feature",
      "properties": {
        "kind": "VERTEX_OCCURRENCE",
        "field": 19,
        "vertex_id": 15
      },
      "geometry": {
        "type": "Point",
        "coordinates": [
          962.4082084068593,
          1926.8903748942096
        ]
      }
    },
    {
      "type": "Feature",
      "properties": {
        "kind": "VERTEX_OCCURRENCE",
        "field": 19,
        "vertex_id": 24
      },
      "geometry": {
        "type": "Point",
        "coordinates": [
          1026.667821742324,
          1991.0157785407564
        ]
      }
    },
    {
      "type": "Feature",
      "properties": {
        "kind": "VERTEX_OCCURRENCE",
        "field": 19,
        "vertex_id": 24
      },
      "geometry": {
        "type": "Point",
        "coordinates": [
          1026.667821742324,
          1991.0157785407564
        ]
      }
    },
    {
      "type": "Feature",
      "properties": {
        "kind": "VERTEX_OCCURRENCE",
        "field": 19,
        "vertex_id": 8
      },
      "geometry": {
        "type": "Point",
        "coordinates": [
          972.7641768648441,
          1904.0507184332437
        ]
      }
    },
    {
      "type": "Feature",
      "properties": {
        "kind": "VERTEX_OCCURRENCE",
        "field": 20,
        "vertex_id": 27
      },
      "geometry": {
        "type": "Point",
        "coordinates": [
          1056.7375462432506,
          1881.8464113773425
        ]
      }
    },
    {
      "type": "Feature",
      "properties": {
        "kind": "VERTEX_OCCURRENCE",
        "field": 20,
        "vertex_id": 17
      },
      "geometry": {
        "type": "Point",
        "coordinates": [
          1014.2441973198668,
          1881.092856155653
        ]
      }
    },
    {
      "type": "Feature",
      "properties": {
        "kind": "VERTEX_OCCURRENCE",
        "field": 20,
        "vertex_id": 17
      },
      "geometry": {
        "type": "Point",
        "coordinates": [
          1014.2441973198668,
          1881.092856155653
        ]
      }
    },
    {
      "type": "Feature",
      "properties": {
        "kind": "VERTEX_OCCURRENCE",
        "field": 20,
        "vertex_id": 8
      },
      "geometry": {
        "type": "Point",
        "coordinates": [
          972.7641768648441,
          1904.0507184332437
        ]
      }
    },
    {
      "type": "Feature",
      "properties": {
        "kind": "VERTEX_OCCURRENCE",
        "field": 20,
        "vertex_id": 8
      },
      "geometry": {
        "type": "Point",
        "coordinates": [
          972.7641768648441,
          1904.0507184332437
        ]
      }
    },
    {
      "type": "Feature",
      "properties": {
        "kind": "VERTEX_OCCURRENCE",
        "field": 20,
        "vertex_id": 26
      },
      "geometry": {
        "type": "Point",
        "coordinates": [
          1015.3124528241736,
          1898.6271348445941
        ]
      }
    },
    {
      "type": "Feature",
      "properties": {
        "kind": "VERTEX_OCCURRENCE",
        "field": 20,
        "vertex_id": 26
      },
      "geometry": {
        "type": "Point",
        "coordinates": [
          1015.3124528241736,
          1898.6271348445941
        ]
      }
    },
    {
      "type": "Feature",
      "properties": {
        "kind": "VERTEX_OCCURRENCE",
        "field": 20,
        "vertex_id": 27
      },
      "geometry": {
        "type": "Point",
        "coordinates": [
          1056.7375462432506,
          1881.8464113773425
        ]
      }
    },
    {
      "type": "Feature",
      "properties": {
        "kind": "VERTEX_OCCURRENCE",
        "field": 21,
        "vertex_id": 16
      },
      "geometry": {
        "type": "Point",
        "coordinates": [
          894.3868728528053,
          1881.9050434442852
        ]
      }
    },
    {
      "type": "Feature",
      "properties": {
        "kind": "VERTEX_OCCURRENCE",
        "field": 21,
        "vertex_id": 18
      },
      "geometry": {
        "type": "Point",
        "coordinates": [
          1040.145005450804,
          1847.4919472820256
        ]
      }
    },
    {
      "type": "Feature",
      "properties": {
        "kind": "VERTEX_OCCURRENCE",
        "field": 21,
        "vertex_id": 18
      },
      "geometry": {
        "type": "Point",
        "coordinates": [
          1040.145005450804,
          1847.4919472820256
        ]
      }
    },
    {
      "type": "Feature",
      "properties": {
        "kind": "VERTEX_OCCURRENCE",
        "field": 21,
        "vertex_id": 19
      },
      "geometry": {
        "type": "Point",
        "coordinates": [
          963.2533700043688,
          1735.0044304213634
        ]
      }
    },
    {
      "type": "Feature",
      "properties": {
        "kind": "VERTEX_OCCURRENCE",
        "field": 21,
        "vertex_id": 19
      },
      "geometry": {
        "type": "Point",
        "coordinates": [
          963.2533700043688,
          1735.0044304213634
        ]
      }
    },
    {
      "type": "Feature",
      "properties": {
        "kind": "VERTEX_OCCURRENCE",
        "field": 21,
        "vertex_id": 16
      },
      "geometry": {
        "type": "Point",
        "coordinates": [
          894.3868728528053,
          1881.9050434442852
        ]
      }
    },
    {
      "type": "Feature",
      "properties": {
        "kind": "VERTEX_OCCURRENCE",
        "field": 22,
        "vertex_id": 18
      },
      "geometry": {
        "type": "Point",
        "coordinates": [
          1040.145005450804,
          1847.4919472820256
        ]
      }
    },
    {
      "type": "Feature",
      "properties": {
        "kind": "VERTEX_OCCURRENCE",
        "field": 22,
        "vertex_id": 17
      },
      "geometry": {
        "type": "Point",
        "coordinates": [
          1014.2441973198668,
          1881.092856155653
        ]
      }
    },
    {
      "type": "Feature",
      "properties": {
        "kind": "VERTEX_OCCURRENCE",
        "field": 22,
        "vertex_id": 17
      },
      "geometry": {
        "type": "Point",
        "coordinates": [
          1014.2441973198668,
          1881.092856155653
        ]
      }
    },
    {
      "type": "Feature",
      "properties": {
        "kind": "VERTEX_OCCURRENCE",
        "field": 22,
        "vertex_id": 27
      },
      "geometry": {
        "type": "Point",
        "coordinates": [
          1056.7375462432506,
          1881.8464113773425
        ]
      }
    },
    {
      "type": "Feature",
      "properties": {
        "kind": "VERTEX_OCCURRENCE",
        "field": 22,
        "vertex_id": 27
      },
      "geometry": {
        "type": "Point",
        "coordinates": [
          1056.7375462432506,
          1881.8464113773425
        ]
      }
    },
    {
      "type": "Feature",
      "properties": {
        "kind": "VERTEX_OCCURRENCE",
        "field": 22,
        "vertex_id": 18
      },
      "geometry": {
        "type": "Point",
        "coordinates": [
          1040.145005450804,
          1847.4919472820256
        ]
      }
    },
    {
      "type": "Feature",
      "properties": {
        "kind": "VERTEX_OCCURRENCE",
        "field": 23,
        "vertex_id": 10
      },
      "geometry": {
        "type": "Point",
        "coordinates": [
          901.2873094260766,
          1649.4420440871763
        ]
      }
    },
    {
      "type": "Feature",
      "properties": {
        "kind": "VERTEX_OCCURRENCE",
        "field": 23,
        "vertex_id": 19
      },
      "geometry": {
        "type": "Point",
        "coordinates": [
          963.2533700043688,
          1735.0044304213634
        ]
      }
    },
    {
      "type": "Feature",
      "properties": {
        "kind": "VERTEX_OCCURRENCE",
        "field": 23,
        "vertex_id": 19
      },
      "geometry": {
        "type": "Point",
        "coordinates": [
          963.2533700043688,
          1735.0044304213634
        ]
      }
    },
    {
      "type": "Feature",
      "properties": {
        "kind": "VERTEX_OCCURRENCE",
        "field": 23,
        "vertex_id": 29
      },
      "geometry": {
        "type": "Point",
        "coordinates": [
          1128.0062493996818,
          1555.3129814428712
        ]
      }
    },
    {
      "type": "Feature",
      "properties": {
        "kind": "VERTEX_OCCURRENCE",
        "field": 23,
        "vertex_id": 29
      },
      "geometry": {
        "type": "Point",
        "coordinates": [
          1128.0062493996818,
          1555.3129814428712
        ]
      }
    },
    {
      "type": "Feature",
      "properties": {
        "kind": "VERTEX_OCCURRENCE",
        "field": 23,
        "vertex_id": 28
      },
      "geometry": {
        "type": "Point",
        "coordinates": [
          1050.1009028745777,
          1553.031984169442
        ]
      }
    },
    {
      "type": "Feature",
      "properties": {
        "kind": "VERTEX_OCCURRENCE",
        "field": 23,
        "vertex_id": 28
      },
      "geometry": {
        "type": "Point",
        "coordinates": [
          1050.1009028745777,
          1553.031984169442
        ]
      }
    },
    {
      "type": "Feature",
      "properties": {
        "kind": "VERTEX_OCCURRENCE",
        "field": 23,
        "vertex_id": 10
      },
      "geometry": {
        "type": "Point",
        "coordinates": [
          901.2873094260766,
          1649.4420440871763
        ]
      }
    },
    {
      "type": "Feature",
      "properties": {
        "kind": "VERTEX_OCCURRENCE",
        "field": 24,
        "vertex_id": 30
      },
      "geometry": {
        "type": "Point",
        "coordinates": [
          679.1764670885968,
          1637.9215342301877
        ]
      }
    },
    {
      "type": "Feature",
      "properties": {
        "kind": "VERTEX_OCCURRENCE",
        "field": 24,
        "vertex_id": 21
      },
      "geometry": {
        "type": "Point",
        "coordinates": [
          669.3320830397569,
          2026.3213954253417
        ]
      }
    },
    {
      "type": "Feature",
      "properties": {
        "kind": "VERTEX_OCCURRENCE",
        "field": 24,
        "vertex_id": 21
      },
      "geometry": {
        "type": "Point",
        "coordinates": [
          669.3320830397569,
          2026.3213954253417
        ]
      }
    },
    {
      "type": "Feature",
      "properties": {
        "kind": "VERTEX_OCCURRENCE",
        "field": 24,
        "vertex_id": 20
      },
      "geometry": {
        "type": "Point",
        "coordinates": [
          682.9488038535878,
          1800.3223446913858
        ]
      }
    },
    {
      "type": "Feature",
      "properties": {
        "kind": "VERTEX_OCCURRENCE",
        "field": 24,
        "vertex_id": 20
      },
      "geometry": {
        "type": "Point",
        "coordinates": [
          682.9488038535878,
          1800.3223446913858
        ]
      }
    },
    {
      "type": "Feature",
      "properties": {
        "kind": "VERTEX_OCCURRENCE",
        "field": 24,
        "vertex_id": 30
      },
      "geometry": {
        "type": "Point",
        "coordinates": [
          679.1764670885968,
          1637.9215342301877
        ]
      }
    },
    {
      "type": "Feature",
      "properties": {
        "kind": "VERTEX_OCCURRENCE",
        "field": 25,
        "vertex_id": 30
      },
      "geometry": {
        "type": "Point",
        "coordinates": [
          679.1764670885968,
          1637.9215342301877
        ]
      }
    },
    {
      "type": "Feature",
      "properties": {
        "kind": "VERTEX_OCCURRENCE",
        "field": 25,
        "vertex_id": 20
      },
      "geometry": {
        "type": "Point",
        "coordinates": [
          682.9488038535878,
          1800.3223446913858
        ]
      }
    },
    {
      "type": "Feature",
      "properties": {
        "kind": "VERTEX_OCCURRENCE",
        "field": 25,
        "vertex_id": 20
      },
      "geometry": {
        "type": "Point",
        "coordinates": [
          682.9488038535878,
          1800.3223446913858
        ]
      }
    },
    {
      "type": "Feature",
      "properties": {
        "kind": "VERTEX_OCCURRENCE",
        "field": 25,
        "vertex_id": 12
      },
      "geometry": {
        "type": "Point",
        "coordinates": [
          717.0125937262387,
          1692.2939239560915
        ]
      }
    },
    {
      "type": "Feature",
      "properties": {
        "kind": "VERTEX_OCCURRENCE",
        "field": 25,
        "vertex_id": 12
      },
      "geometry": {
        "type": "Point",
        "coordinates": [
          717.0125937262387,
          1692.2939239560915
        ]
      }
    },
    {
      "type": "Feature",
      "properties": {
        "kind": "VERTEX_OCCURRENCE",
        "field": 25,
        "vertex_id": 30
      },
      "geometry": {
        "type": "Point",
        "coordinates": [
          679.1764670885968,
          1637.9215342301877
        ]
      }
    },
    {
      "type": "Feature",
      "properties": {
        "kind": "VERTEX_OCCURRENCE",
        "field": 26,
        "vertex_id": 12
      },
      "geometry": {
        "type": "Point",
        "coordinates": [
          717.0125937262387,
          1692.2939239560915
        ]
      }
    },
    {
      "type": "Feature",
      "properties": {
        "kind": "VERTEX_OCCURRENCE",
        "field": 26,
        "vertex_id": 22
      },
      "geometry": {
        "type": "Point",
        "coordinates": [
          726.3873376466739,
          1646.5286347308618
        ]
      }
    },
    {
      "type": "Feature",
      "properties": {
        "kind": "VERTEX_OCCURRENCE",
        "field": 26,
        "vertex_id": 22
      },
      "geometry": {
        "type": "Point",
        "coordinates": [
          726.3873376466739,
          1646.5286347308618
        ]
      }
    },
    {
      "type": "Feature",
      "properties": {
        "kind": "VERTEX_OCCURRENCE",
        "field": 26,
        "vertex_id": 31
      },
      "geometry": {
        "type": "Point",
        "coordinates": [
          717.3459371444161,
          1558.0267932262757
        ]
      }
    },
    {
      "type": "Feature",
      "properties": {
        "kind": "VERTEX_OCCURRENCE",
        "field": 26,
        "vertex_id": 31
      },
      "geometry": {
        "type": "Point",
        "coordinates": [
          717.3459371444161,
          1558.0267932262757
        ]
      }
    },
    {
      "type": "Feature",
      "properties": {
        "kind": "VERTEX_OCCURRENCE",
        "field": 26,
        "vertex_id": 12
      },
      "geometry": {
        "type": "Point",
        "coordinates": [
          717.0125937262387,
          1692.2939239560915
        ]
      }
    },
    {
      "type": "Feature",
      "properties": {
        "kind": "VERTEX_OCCURRENCE",
        "field": 27,
        "vertex_id": 32
      },
      "geometry": {
        "type": "Point",
        "coordinates": [
          735.2124118861224,
          1390.762301743975
        ]
      }
    },
    {
      "type": "Feature",
      "properties": {
        "kind": "VERTEX_OCCURRENCE",
        "field": 27,
        "vertex_id": 22
      },
      "geometry": {
        "type": "Point",
        "coordinates": [
          726.3873376466739,
          1646.5286347308618
        ]
      }
    },
    {
      "type": "Feature",
      "properties": {
        "kind": "VERTEX_OCCURRENCE",
        "field": 27,
        "vertex_id": 22
      },
      "geometry": {
        "type": "Point",
        "coordinates": [
          726.3873376466739,
          1646.5286347308618
        ]
      }
    },
    {
      "type": "Feature",
      "properties": {
        "kind": "VERTEX_OCCURRENCE",
        "field": 27,
        "vertex_id": 23
      },
      "geometry": {
        "type": "Point",
        "coordinates": [
          895.8890174132108,
          1406.8999445545237
        ]
      }
    },
    {
      "type": "Feature",
      "properties": {
        "kind": "VERTEX_OCCURRENCE",
        "field": 27,
        "vertex_id": 23
      },
      "geometry": {
        "type": "Point",
        "coordinates": [
          895.8890174132108,
          1406.8999445545237
        ]
      }
    },
    {
      "type": "Feature",
      "properties": {
        "kind": "VERTEX_OCCURRENCE",
        "field": 27,
        "vertex_id": 32
      },
      "geometry": {
        "type": "Point",
        "coordinates": [
          735.2124118861224,
          1390.762301743975
        ]
      }
    },
    {
      "type": "Feature",
      "properties": {
        "kind": "VERTEX_OCCURRENCE",
        "field": 28,
        "vertex_id": 23
      },
      "geometry": {
        "type": "Point",
        "coordinates": [
          895.8890174132108,
          1406.8999445545237
        ]
      }
    },
    {
      "type": "Feature",
      "properties": {
        "kind": "VERTEX_OCCURRENCE",
        "field": 28,
        "vertex_id": 10
      },
      "geometry": {
        "type": "Point",
        "coordinates": [
          901.2873094260766,
          1649.4420440871763
        ]
      }
    },
    {
      "type": "Feature",
      "properties": {
        "kind": "VERTEX_OCCURRENCE",
        "field": 28,
        "vertex_id": 10
      },
      "geometry": {
        "type": "Point",
        "coordinates": [
          901.2873094260766,
          1649.4420440871763
        ]
      }
    },
    {
      "type": "Feature",
      "properties": {
        "kind": "VERTEX_OCCURRENCE",
        "field": 28,
        "vertex_id": 28
      },
      "geometry": {
        "type": "Point",
        "coordinates": [
          1050.1009028745777,
          1553.031984169442
        ]
      }
    },
    {
      "type": "Feature",
      "properties": {
        "kind": "VERTEX_OCCURRENCE",
        "field": 28,
        "vertex_id": 28
      },
      "geometry": {
        "type": "Point",
        "coordinates": [
          1050.1009028745777,
          1553.031984169442
        ]
      }
    },
    {
      "type": "Feature",
      "properties": {
        "kind": "VERTEX_OCCURRENCE",
        "field": 28,
        "vertex_id": 33
      },
      "geometry": {
        "type": "Point",
        "coordinates": [
          906.0372932580194,
          1406.8045158550422
        ]
      }
    },
    {
      "type": "Feature",
      "properties": {
        "kind": "VERTEX_OCCURRENCE",
        "field": 28,
        "vertex_id": 33
      },
      "geometry": {
        "type": "Point",
        "coordinates": [
          906.0372932580194,
          1406.8045158550422
        ]
      }
    },
    {
      "type": "Feature",
      "properties": {
        "kind": "VERTEX_OCCURRENCE",
        "field": 28,
        "vertex_id": 23
      },
      "geometry": {
        "type": "Point",
        "coordinates": [
          895.8890174132108,
          1406.8999445545237
        ]
      }
    },
    {
      "type": "Feature",
      "properties": {
        "kind": "VERTEX_OCCURRENCE",
        "field": 29,
        "vertex_id": 8
      },
      "geometry": {
        "type": "Point",
        "coordinates": [
          972.7641768648441,
          1904.0507184332437
        ]
      }
    },
    {
      "type": "Feature",
      "properties": {
        "kind": "VERTEX_OCCURRENCE",
        "field": 29,
        "vertex_id": 24
      },
      "geometry": {
        "type": "Point",
        "coordinates": [
          1026.667821742324,
          1991.0157785407564
        ]
      }
    },
    {
      "type": "Feature",
      "properties": {
        "kind": "VERTEX_OCCURRENCE",
        "field": 29,
        "vertex_id": 24
      },
      "geometry": {
        "type": "Point",
        "coordinates": [
          1026.667821742324,
          1991.0157785407564
        ]
      }
    },
    {
      "type": "Feature",
      "properties": {
        "kind": "VERTEX_OCCURRENCE",
        "field": 29,
        "vertex_id": 34
      },
      "geometry": {
        "type": "Point",
        "coordinates": [
          1082.309719203376,
          1994.4995076001208
        ]
      }
    },
    {
      "type": "Feature",
      "properties": {
        "kind": "VERTEX_OCCURRENCE",
        "field": 29,
        "vertex_id": 34
      },
      "geometry": {
        "type": "Point",
        "coordinates": [
          1082.309719203376,
          1994.4995076001208
        ]
      }
    },
    {
      "type": "Feature",
      "properties": {
        "kind": "VERTEX_OCCURRENCE",
        "field": 29,
        "vertex_id": 26
      },
      "geometry": {
        "type": "Point",
        "coordinates": [
          1015.3124528241736,
          1898.6271348445941
        ]
      }
    },
    {
      "type": "Feature",
      "properties": {
        "kind": "VERTEX_OCCURRENCE",
        "field": 29,
        "vertex_id": 26
      },
      "geometry": {
        "type": "Point",
        "coordinates": [
          1015.3124528241736,
          1898.6271348445941
        ]
      }
    },
    {
      "type": "Feature",
      "properties": {
        "kind": "VERTEX_OCCURRENCE",
        "field": 29,
        "vertex_id": 8
      },
      "geometry": {
        "type": "Point",
        "coordinates": [
          972.7641768648441,
          1904.0507184332437
        ]
      }
    },
    {
      "type": "Feature",
      "properties": {
        "kind": "VERTEX_OCCURRENCE",
        "field": 30,
        "vertex_id": 27
      },
      "geometry": {
        "type": "Point",
        "coordinates": [
          1056.7375462432506,
          1881.8464113773425
        ]
      }
    },
    {
      "type": "Feature",
      "properties": {
        "kind": "VERTEX_OCCURRENCE",
        "field": 30,
        "vertex_id": 26
      },
      "geometry": {
        "type": "Point",
        "coordinates": [
          1015.3124528241736,
          1898.6271348445941
        ]
      }
    },
    {
      "type": "Feature",
      "properties": {
        "kind": "VERTEX_OCCURRENCE",
        "field": 30,
        "vertex_id": 26
      },
      "geometry": {
        "type": "Point",
        "coordinates": [
          1015.3124528241736,
          1898.6271348445941
        ]
      }
    },
    {
      "type": "Feature",
      "properties": {
        "kind": "VERTEX_OCCURRENCE",
        "field": 30,
        "vertex_id": 34
      },
      "geometry": {
        "type": "Point",
        "coordinates": [
          1082.309719203376,
          1994.4995076001208
        ]
      }
    },
    {
      "type": "Feature",
      "properties": {
        "kind": "VERTEX_OCCURRENCE",
        "field": 30,
        "vertex_id": 34
      },
      "geometry": {
        "type": "Point",
        "coordinates": [
          1082.309719203376,
          1994.4995076001208
        ]
      }
    },
    {
      "type": "Feature",
      "properties": {
        "kind": "VERTEX_OCCURRENCE",
        "field": 30,
        "vertex_id": 27
      },
      "geometry": {
        "type": "Point",
        "coordinates": [
          1056.7375462432506,
          1881.8464113773425
        ]
      }
    },
    {
      "type": "Feature",
      "properties": {
        "kind": "VERTEX_OCCURRENCE",
        "field": 31,
        "vertex_id": 19
      },
      "geometry": {
        "type": "Point",
        "coordinates": [
          963.2533700043688,
          1735.0044304213634
        ]
      }
    },
    {
      "type": "Feature",
      "properties": {
        "kind": "VERTEX_OCCURRENCE",
        "field": 31,
        "vertex_id": 18
      },
      "geometry": {
        "type": "Point",
        "coordinates": [
          1040.145005450804,
          1847.4919472820256
        ]
      }
    },
    {
      "type": "Feature",
      "properties": {
        "kind": "VERTEX_OCCURRENCE",
        "field": 31,
        "vertex_id": 18
      },
      "geometry": {
        "type": "Point",
        "coordinates": [
          1040.145005450804,
          1847.4919472820256
        ]
      }
    },
    {
      "type": "Feature",
      "properties": {
        "kind": "VERTEX_OCCURRENCE",
        "field": 31,
        "vertex_id": 36
      },
      "geometry": {
        "type": "Point",
        "coordinates": [
          1084.6966154589486,
          1729.912926312287
        ]
      }
    },
    {
      "type": "Feature",
      "properties": {
        "kind": "VERTEX_OCCURRENCE",
        "field": 31,
        "vertex_id": 36
      },
      "geometry": {
        "type": "Point",
        "coordinates": [
          1084.6966154589486,
          1729.912926312287
        ]
      }
    },
    {
      "type": "Feature",
      "properties": {
        "kind": "VERTEX_OCCURRENCE",
        "field": 31,
        "vertex_id": 35
      },
      "geometry": {
        "type": "Point",
        "coordinates": [
          1136.50307202192,
          1636.7806626935426
        ]
      }
    },
    {
      "type": "Feature",
      "properties": {
        "kind": "VERTEX_OCCURRENCE",
        "field": 31,
        "vertex_id": 35
      },
      "geometry": {
        "type": "Point",
        "coordinates": [
          1136.50307202192,
          1636.7806626935426
        ]
      }
    },
    {
      "type": "Feature",
      "properties": {
        "kind": "VERTEX_OCCURRENCE",
        "field": 31,
        "vertex_id": 19
      },
      "geometry": {
        "type": "Point",
        "coordinates": [
          963.2533700043688,
          1735.0044304213634
        ]
      }
    },
    {
      "type": "Feature",
      "properties": {
        "kind": "VERTEX_OCCURRENCE",
        "field": 32,
        "vertex_id": 18
      },
      "geometry": {
        "type": "Point",
        "coordinates": [
          1040.145005450804,
          1847.4919472820256
        ]
      }
    },
    {
      "type": "Feature",
      "properties": {
        "kind": "VERTEX_OCCURRENCE",
        "field": 32,
        "vertex_id": 27
      },
      "geometry": {
        "type": "Point",
        "coordinates": [
          1056.7375462432506,
          1881.8464113773425
        ]
      }
    },
    {
      "type": "Feature",
      "properties": {
        "kind": "VERTEX_OCCURRENCE",
        "field": 32,
        "vertex_id": 27
      },
      "geometry": {
        "type": "Point",
        "coordinates": [
          1056.7375462432506,
          1881.8464113773425
        ]
      }
    },
    {
      "type": "Feature",
      "properties": {
        "kind": "VERTEX_OCCURRENCE",
        "field": 32,
        "vertex_id": 37
      },
      "geometry": {
        "type": "Point",
        "coordinates": [
          1096.5843854579052,
          1870.0029253408748
        ]
      }
    },
    {
      "type": "Feature",
      "properties": {
        "kind": "VERTEX_OCCURRENCE",
        "field": 32,
        "vertex_id": 37
      },
      "geometry": {
        "type": "Point",
        "coordinates": [
          1096.5843854579052,
          1870.0029253408748
        ]
      }
    },
    {
      "type": "Feature",
      "properties": {
        "kind": "VERTEX_OCCURRENCE",
        "field": 32,
        "vertex_id": 18
      },
      "geometry": {
        "type": "Point",
        "coordinates": [
          1040.145005450804,
          1847.4919472820256
        ]
      }
    },
    {
      "type": "Feature",
      "properties": {
        "kind": "VERTEX_OCCURRENCE",
        "field": 33,
        "vertex_id": 29
      },
      "geometry": {
        "type": "Point",
        "coordinates": [
          1128.0062493996818,
          1555.3129814428712
        ]
      }
    },
    {
      "type": "Feature",
      "properties": {
        "kind": "VERTEX_OCCURRENCE",
        "field": 33,
        "vertex_id": 19
      },
      "geometry": {
        "type": "Point",
        "coordinates": [
          963.2533700043688,
          1735.0044304213634
        ]
      }
    },
    {
      "type": "Feature",
      "properties": {
        "kind": "VERTEX_OCCURRENCE",
        "field": 33,
        "vertex_id": 19
      },
      "geometry": {
        "type": "Point",
        "coordinates": [
          963.2533700043688,
          1735.0044304213634
        ]
      }
    },
    {
      "type": "Feature",
      "properties": {
        "kind": "VERTEX_OCCURRENCE",
        "field": 33,
        "vertex_id": 35
      },
      "geometry": {
        "type": "Point",
        "coordinates": [
          1136.50307202192,
          1636.7806626935426
        ]
      }
    },
    {
      "type": "Feature",
      "properties": {
        "kind": "VERTEX_OCCURRENCE",
        "field": 33,
        "vertex_id": 35
      },
      "geometry": {
        "type": "Point",
        "coordinates": [
          1136.50307202192,
          1636.7806626935426
        ]
      }
    },
    {
      "type": "Feature",
      "properties": {
        "kind": "VERTEX_OCCURRENCE",
        "field": 33,
        "vertex_id": 29
      },
      "geometry": {
        "type": "Point",
        "coordinates": [
          1128.0062493996818,
          1555.3129814428712
        ]
      }
    },
    {
      "type": "Feature",
      "properties": {
        "kind": "VERTEX_OCCURRENCE",
        "field": 34,
        "vertex_id": 33
      },
      "geometry": {
        "type": "Point",
        "coordinates": [
          906.0372932580194,
          1406.8045158550422
        ]
      }
    },
    {
      "type": "Feature",
      "properties": {
        "kind": "VERTEX_OCCURRENCE",
        "field": 34,
        "vertex_id": 28
      },
      "geometry": {
        "type": "Point",
        "coordinates": [
          1050.1009028745777,
          1553.031984169442
        ]
      }
    },
    {
      "type": "Feature",
      "properties": {
        "kind": "VERTEX_OCCURRENCE",
        "field": 34,
        "vertex_id": 28
      },
      "geometry": {
        "type": "Point",
        "coordinates": [
          1050.1009028745777,
          1553.031984169442
        ]
      }
    },
    {
      "type": "Feature",
      "properties": {
        "kind": "VERTEX_OCCURRENCE",
        "field": 34,
        "vertex_id": 29
      },
      "geometry": {
        "type": "Point",
        "coordinates": [
          1128.0062493996818,
          1555.3129814428712
        ]
      }
    },
    {
      "type": "Feature",
      "properties": {
        "kind": "VERTEX_OCCURRENCE",
        "field": 34,
        "vertex_id": 29
      },
      "geometry": {
        "type": "Point",
        "coordinates": [
          1128.0062493996818,
          1555.3129814428712
        ]
      }
    },
    {
      "type": "Feature",
      "properties": {
        "kind": "VERTEX_OCCURRENCE",
        "field": 34,
        "vertex_id": 38
      },
      "geometry": {
        "type": "Point",
        "coordinates": [
          1113.5367033427835,
          1483.2478101163535
        ]
      }
    },
    {
      "type": "Feature",
      "properties": {
        "kind": "VERTEX_OCCURRENCE",
        "field": 34,
        "vertex_id": 38
      },
      "geometry": {
        "type": "Point",
        "coordinates": [
          1113.5367033427835,
          1483.2478101163535
        ]
      }
    },
    {
      "type": "Feature",
      "properties": {
        "kind": "VERTEX_OCCURRENCE",
        "field": 34,
        "vertex_id": 33
      },
      "geometry": {
        "type": "Point",
        "coordinates": [
          906.0372932580194,
          1406.8045158550422
        ]
      }
    },
    {
      "type": "Feature",
      "properties": {
        "kind": "VERTEX_OCCURRENCE",
        "field": 35,
        "vertex_id": 40
      },
      "geometry": {
        "type": "Point",
        "coordinates": [
          655.7895,
          2028.0
        ]
      }
    },
    {
      "type": "Feature",
      "properties": {
        "kind": "VERTEX_OCCURRENCE",
        "field": 35,
        "vertex_id": 21
      },
      "geometry": {
        "type": "Point",
        "coordinates": [
          669.3320830397569,
          2026.3213954253417
        ]
      }
    },
    {
      "type": "Feature",
      "properties": {
        "kind": "VERTEX_OCCURRENCE",
        "field": 35,
        "vertex_id": 21
      },
      "geometry": {
        "type": "Point",
        "coordinates": [
          669.3320830397569,
          2026.3213954253417
        ]
      }
    },
    {
      "type": "Feature",
      "properties": {
        "kind": "VERTEX_OCCURRENCE",
        "field": 35,
        "vertex_id": 30
      },
      "geometry": {
        "type": "Point",
        "coordinates": [
          679.1764670885968,
          1637.9215342301877
        ]
      }
    },
    {
      "type": "Feature",
      "properties": {
        "kind": "VERTEX_OCCURRENCE",
        "field": 35,
        "vertex_id": 30
      },
      "geometry": {
        "type": "Point",
        "coordinates": [
          679.1764670885968,
          1637.9215342301877
        ]
      }
    },
    {
      "type": "Feature",
      "properties": {
        "kind": "VERTEX_OCCURRENCE",
        "field": 35,
        "vertex_id": 39
      },
      "geometry": {
        "type": "Point",
        "coordinates": [
          656.7636279001451,
          1635.6317965674398
        ]
      }
    },
    {
      "type": "Feature",
      "properties": {
        "kind": "VERTEX_OCCURRENCE",
        "field": 35,
        "vertex_id": 39
      },
      "geometry": {
        "type": "Point",
        "coordinates": [
          656.7636279001451,
          1635.6317965674398
        ]
      }
    },
    {
      "type": "Feature",
      "properties": {
        "kind": "VERTEX_OCCURRENCE",
        "field": 35,
        "vertex_id": 40
      },
      "geometry": {
        "type": "Point",
        "coordinates": [
          655.7895,
          2028.0
        ]
      }
    },
    {
      "type": "Feature",
      "properties": {
        "kind": "VERTEX_OCCURRENCE",
        "field": 36,
        "vertex_id": 30
      },
      "geometry": {
        "type": "Point",
        "coordinates": [
          679.1764670885968,
          1637.9215342301877
        ]
      }
    },
    {
      "type": "Feature",
      "properties": {
        "kind": "VERTEX_OCCURRENCE",
        "field": 36,
        "vertex_id": 12
      },
      "geometry": {
        "type": "Point",
        "coordinates": [
          717.0125937262387,
          1692.2939239560915
        ]
      }
    },
    {
      "type": "Feature",
      "properties": {
        "kind": "VERTEX_OCCURRENCE",
        "field": 36,
        "vertex_id": 12
      },
      "geometry": {
        "type": "Point",
        "coordinates": [
          717.0125937262387,
          1692.2939239560915
        ]
      }
    },
    {
      "type": "Feature",
      "properties": {
        "kind": "VERTEX_OCCURRENCE",
        "field": 36,
        "vertex_id": 31
      },
      "geometry": {
        "type": "Point",
        "coordinates": [
          717.3459371444161,
          1558.0267932262757
        ]
      }
    },
    {
      "type": "Feature",
      "properties": {
        "kind": "VERTEX_OCCURRENCE",
        "field": 36,
        "vertex_id": 31
      },
      "geometry": {
        "type": "Point",
        "coordinates": [
          717.3459371444161,
          1558.0267932262757
        ]
      }
    },
    {
      "type": "Feature",
      "properties": {
        "kind": "VERTEX_OCCURRENCE",
        "field": 36,
        "vertex_id": 41
      },
      "geometry": {
        "type": "Point",
        "coordinates": [
          738.4529159114968,
          1345.0660180642983
        ]
      }
    },
    {
      "type": "Feature",
      "properties": {
        "kind": "VERTEX_OCCURRENCE",
        "field": 36,
        "vertex_id": 41
      },
      "geometry": {
        "type": "Point",
        "coordinates": [
          738.4529159114968,
          1345.0660180642983
        ]
      }
    },
    {
      "type": "Feature",
      "properties": {
        "kind": "VERTEX_OCCURRENCE",
        "field": 36,
        "vertex_id": 42
      },
      "geometry": {
        "type": "Point",
        "coordinates": [
          680.4455000769375,
          1438.3494515820262
        ]
      }
    },
    {
      "type": "Feature",
      "properties": {
        "kind": "VERTEX_OCCURRENCE",
        "field": 36,
        "vertex_id": 42
      },
      "geometry": {
        "type": "Point",
        "coordinates": [
          680.4455000769375,
          1438.3494515820262
        ]
      }
    },
    {
      "type": "Feature",
      "properties": {
        "kind": "VERTEX_OCCURRENCE",
        "field": 36,
        "vertex_id": 30
      },
      "geometry": {
        "type": "Point",
        "coordinates": [
          679.1764670885968,
          1637.9215342301877
        ]
      }
    },
    {
      "type": "Feature",
      "properties": {
        "kind": "VERTEX_OCCURRENCE",
        "field": 37,
        "vertex_id": 41
      },
      "geometry": {
        "type": "Point",
        "coordinates": [
          738.4529159114968,
          1345.0660180642983
        ]
      }
    },
    {
      "type": "Feature",
      "properties": {
        "kind": "VERTEX_OCCURRENCE",
        "field": 37,
        "vertex_id": 31
      },
      "geometry": {
        "type": "Point",
        "coordinates": [
          717.3459371444161,
          1558.0267932262757
        ]
      }
    },
    {
      "type": "Feature",
      "properties": {
        "kind": "VERTEX_OCCURRENCE",
        "field": 37,
        "vertex_id": 31
      },
      "geometry": {
        "type": "Point",
        "coordinates": [
          717.3459371444161,
          1558.0267932262757
        ]
      }
    },
    {
      "type": "Feature",
      "properties": {
        "kind": "VERTEX_OCCURRENCE",
        "field": 37,
        "vertex_id": 22
      },
      "geometry": {
        "type": "Point",
        "coordinates": [
          726.3873376466739,
          1646.5286347308618
        ]
      }
    },
    {
      "type": "Feature",
      "properties": {
        "kind": "VERTEX_OCCURRENCE",
        "field": 37,
        "vertex_id": 22
      },
      "geometry": {
        "type": "Point",
        "coordinates": [
          726.3873376466739,
          1646.5286347308618
        ]
      }
    },
    {
      "type": "Feature",
      "properties": {
        "kind": "VERTEX_OCCURRENCE",
        "field": 37,
        "vertex_id": 32
      },
      "geometry": {
        "type": "Point",
        "coordinates": [
          735.2124118861224,
          1390.762301743975
        ]
      }
    },
    {
      "type": "Feature",
      "properties": {
        "kind": "VERTEX_OCCURRENCE",
        "field": 37,
        "vertex_id": 32
      },
      "geometry": {
        "type": "Point",
        "coordinates": [
          735.2124118861224,
          1390.762301743975
        ]
      }
    },
    {
      "type": "Feature",
      "properties": {
        "kind": "VERTEX_OCCURRENCE",
        "field": 37,
        "vertex_id": 41
      },
      "geometry": {
        "type": "Point",
        "coordinates": [
          738.4529159114968,
          1345.0660180642983
        ]
      }
    },
    {
      "type": "Feature",
      "properties": {
        "kind": "VERTEX_OCCURRENCE",
        "field": 38,
        "vertex_id": 41
      },
      "geometry": {
        "type": "Point",
        "coordinates": [
          738.4529159114968,
          1345.0660180642983
        ]
      }
    },
    {
      "type": "Feature",
      "properties": {
        "kind": "VERTEX_OCCURRENCE",
        "field": 38,
        "vertex_id": 32
      },
      "geometry": {
        "type": "Point",
        "coordinates": [
          735.2124118861224,
          1390.762301743975
        ]
      }
    },
    {
      "type": "Feature",
      "properties": {
        "kind": "VERTEX_OCCURRENCE",
        "field": 38,
        "vertex_id": 32
      },
      "geometry": {
        "type": "Point",
        "coordinates": [
          735.2124118861224,
          1390.762301743975
        ]
      }
    },
    {
      "type": "Feature",
      "properties": {
        "kind": "VERTEX_OCCURRENCE",
        "field": 38,
        "vertex_id": 23
      },
      "geometry": {
        "type": "Point",
        "coordinates": [
          895.8890174132108,
          1406.8999445545237
        ]
      }
    },
    {
      "type": "Feature",
      "properties": {
        "kind": "VERTEX_OCCURRENCE",
        "field": 38,
        "vertex_id": 23
      },
      "geometry": {
        "type": "Point",
        "coordinates": [
          895.8890174132108,
          1406.8999445545237
        ]
      }
    },
    {
      "type": "Feature",
      "properties": {
        "kind": "VERTEX_OCCURRENCE",
        "field": 38,
        "vertex_id": 60
      },
      "geometry": {
        "type": "Point",
        "coordinates": [
          896.681995372352,
          1403.358001048643
        ]
      }
    },
    {
      "type": "Feature",
      "properties": {
        "kind": "VERTEX_OCCURRENCE",
        "field": 38,
        "vertex_id": 60
      },
      "geometry": {
        "type": "Point",
        "coordinates": [
          896.681995372352,
          1403.358001048643
        ]
      }
    },
    {
      "type": "Feature",
      "properties": {
        "kind": "VERTEX_OCCURRENCE",
        "field": 38,
        "vertex_id": 41
      },
      "geometry": {
        "type": "Point",
        "coordinates": [
          738.4529159114968,
          1345.0660180642983
        ]
      }
    },
    {
      "type": "Feature",
      "properties": {
        "kind": "VERTEX_OCCURRENCE",
        "field": 39,
        "vertex_id": 23
      },
      "geometry": {
        "type": "Point",
        "coordinates": [
          895.8890174132108,
          1406.8999445545237
        ]
      }
    },
    {
      "type": "Feature",
      "properties": {
        "kind": "VERTEX_OCCURRENCE",
        "field": 39,
        "vertex_id": 33
      },
      "geometry": {
        "type": "Point",
        "coordinates": [
          906.0372932580194,
          1406.8045158550422
        ]
      }
    },
    {
      "type": "Feature",
      "properties": {
        "kind": "VERTEX_OCCURRENCE",
        "field": 39,
        "vertex_id": 33
      },
      "geometry": {
        "type": "Point",
        "coordinates": [
          906.0372932580194,
          1406.8045158550422
        ]
      }
    },
    {
      "type": "Feature",
      "properties": {
        "kind": "VERTEX_OCCURRENCE",
        "field": 39,
        "vertex_id": 43
      },
      "geometry": {
        "type": "Point",
        "coordinates": [
          900.5312863660222,
          1404.7760893410687
        ]
      }
    },
    {
      "type": "Feature",
      "properties": {
        "kind": "VERTEX_OCCURRENCE",
        "field": 39,
        "vertex_id": 43
      },
      "geometry": {
        "type": "Point",
        "coordinates": [
          900.5312863660222,
          1404.7760893410687
        ]
      }
    },
    {
      "type": "Feature",
      "properties": {
        "kind": "VERTEX_OCCURRENCE",
        "field": 39,
        "vertex_id": 23
      },
      "geometry": {
        "type": "Point",
        "coordinates": [
          895.8890174132108,
          1406.8999445545237
        ]
      }
    },
    {
      "type": "Feature",
      "properties": {
        "kind": "VERTEX_OCCURRENCE",
        "field": 40,
        "vertex_id": 27
      },
      "geometry": {
        "type": "Point",
        "coordinates": [
          1056.7375462432506,
          1881.8464113773425
        ]
      }
    },
    {
      "type": "Feature",
      "properties": {
        "kind": "VERTEX_OCCURRENCE",
        "field": 40,
        "vertex_id": 34
      },
      "geometry": {
        "type": "Point",
        "coordinates": [
          1082.309719203376,
          1994.4995076001208
        ]
      }
    },
    {
      "type": "Feature",
      "properties": {
        "kind": "VERTEX_OCCURRENCE",
        "field": 40,
        "vertex_id": 34
      },
      "geometry": {
        "type": "Point",
        "coordinates": [
          1082.309719203376,
          1994.4995076001208
        ]
      }
    },
    {
      "type": "Feature",
      "properties": {
        "kind": "VERTEX_OCCURRENCE",
        "field": 40,
        "vertex_id": 45
      },
      "geometry": {
        "type": "Point",
        "coordinates": [
          1167.07,
          1999.8063333333332
        ]
      }
    },
    {
      "type": "Feature",
      "properties": {
        "kind": "VERTEX_OCCURRENCE",
        "field": 40,
        "vertex_id": 45
      },
      "geometry": {
        "type": "Point",
        "coordinates": [
          1167.07,
          1999.8063333333332
        ]
      }
    },
    {
      "type": "Feature",
      "properties": {
        "kind": "VERTEX_OCCURRENCE",
        "field": 40,
        "vertex_id": 44
      },
      "geometry": {
        "type": "Point",
        "coordinates": [
          1079.9312797543575,
          1883.9283893927513
        ]
      }
    },
    {
      "type": "Feature",
      "properties": {
        "kind": "VERTEX_OCCURRENCE",
        "field": 40,
        "vertex_id": 44
      },
      "geometry": {
        "type": "Point",
        "coordinates": [
          1079.9312797543575,
          1883.9283893927513
        ]
      }
    },
    {
      "type": "Feature",
      "properties": {
        "kind": "VERTEX_OCCURRENCE",
        "field": 40,
        "vertex_id": 27
      },
      "geometry": {
        "type": "Point",
        "coordinates": [
          1056.7375462432506,
          1881.8464113773425
        ]
      }
    },
    {
      "type": "Feature",
      "properties": {
        "kind": "VERTEX_OCCURRENCE",
        "field": 41,
        "vertex_id": 35
      },
      "geometry": {
        "type": "Point",
        "coordinates": [
          1136.50307202192,
          1636.7806626935426
        ]
      }
    },
    {
      "type": "Feature",
      "properties": {
        "kind": "VERTEX_OCCURRENCE",
        "field": 41,
        "vertex_id": 36
      },
      "geometry": {
        "type": "Point",
        "coordinates": [
          1084.6966154589486,
          1729.912926312287
        ]
      }
    },
    {
      "type": "Feature",
      "properties": {
        "kind": "VERTEX_OCCURRENCE",
        "field": 41,
        "vertex_id": 36
      },
      "geometry": {
        "type": "Point",
        "coordinates": [
          1084.6966154589486,
          1729.912926312287
        ]
      }
    },
    {
      "type": "Feature",
      "properties": {
        "kind": "VERTEX_OCCURRENCE",
        "field": 41,
        "vertex_id": 37
      },
      "geometry": {
        "type": "Point",
        "coordinates": [
          1096.5843854579052,
          1870.0029253408748
        ]
      }
    },
    {
      "type": "Feature",
      "properties": {
        "kind": "VERTEX_OCCURRENCE",
        "field": 41,
        "vertex_id": 37
      },
      "geometry": {
        "type": "Point",
        "coordinates": [
          1096.5843854579052,
          1870.0029253408748
        ]
      }
    },
    {
      "type": "Feature",
      "properties": {
        "kind": "VERTEX_OCCURRENCE",
        "field": 41,
        "vertex_id": 46
      },
      "geometry": {
        "type": "Point",
        "coordinates": [
          1152.7656186780346,
          1719.527993369307
        ]
      }
    },
    {
      "type": "Feature",
      "properties": {
        "kind": "VERTEX_OCCURRENCE",
        "field": 41,
        "vertex_id": 46
      },
      "geometry": {
        "type": "Point",
        "coordinates": [
          1152.7656186780346,
          1719.527993369307
        ]
      }
    },
    {
      "type": "Feature",
      "properties": {
        "kind": "VERTEX_OCCURRENCE",
        "field": 41,
        "vertex_id": 35
      },
      "geometry": {
        "type": "Point",
        "coordinates": [
          1136.50307202192,
          1636.7806626935426
        ]
      }
    },
    {
      "type": "Feature",
      "properties": {
        "kind": "VERTEX_OCCURRENCE",
        "field": 42,
        "vertex_id": 36
      },
      "geometry": {
        "type": "Point",
        "coordinates": [
          1084.6966154589486,
          1729.912926312287
        ]
      }
    },
    {
      "type": "Feature",
      "properties": {
        "kind": "VERTEX_OCCURRENCE",
        "field": 42,
        "vertex_id": 18
      },
      "geometry": {
        "type": "Point",
        "coordinates": [
          1040.145005450804,
          1847.4919472820256
        ]
      }
    },
    {
      "type": "Feature",
      "properties": {
        "kind": "VERTEX_OCCURRENCE",
        "field": 42,
        "vertex_id": 18
      },
      "geometry": {
        "type": "Point",
        "coordinates": [
          1040.145005450804,
          1847.4919472820256
        ]
      }
    },
    {
      "type": "Feature",
      "properties": {
        "kind": "VERTEX_OCCURRENCE",
        "field": 42,
        "vertex_id": 37
      },
      "geometry": {
        "type": "Point",
        "coordinates": [
          1096.5843854579052,
          1870.0029253408748
        ]
      }
    },
    {
      "type": "Feature",
      "properties": {
        "kind": "VERTEX_OCCURRENCE",
        "field": 42,
        "vertex_id": 37
      },
      "geometry": {
        "type": "Point",
        "coordinates": [
          1096.5843854579052,
          1870.0029253408748
        ]
      }
    },
    {
      "type": "Feature",
      "properties": {
        "kind": "VERTEX_OCCURRENCE",
        "field": 42,
        "vertex_id": 36
      },
      "geometry": {
        "type": "Point",
        "coordinates": [
          1084.6966154589486,
          1729.912926312287
        ]
      }
    },
    {
      "type": "Feature",
      "properties": {
        "kind": "VERTEX_OCCURRENCE",
        "field": 43,
        "vertex_id": 37
      },
      "geometry": {
        "type": "Point",
        "coordinates": [
          1096.5843854579052,
          1870.0029253408748
        ]
      }
    },
    {
      "type": "Feature",
      "properties": {
        "kind": "VERTEX_OCCURRENCE",
        "field": 43,
        "vertex_id": 27
      },
      "geometry": {
        "type": "Point",
        "coordinates": [
          1056.7375462432506,
          1881.8464113773425
        ]
      }
    },
    {
      "type": "Feature",
      "properties": {
        "kind": "VERTEX_OCCURRENCE",
        "field": 43,
        "vertex_id": 27
      },
      "geometry": {
        "type": "Point",
        "coordinates": [
          1056.7375462432506,
          1881.8464113773425
        ]
      }
    },
    {
      "type": "Feature",
      "properties": {
        "kind": "VERTEX_OCCURRENCE",
        "field": 43,
        "vertex_id": 44
      },
      "geometry": {
        "type": "Point",
        "coordinates": [
          1079.9312797543575,
          1883.9283893927513
        ]
      }
    },
    {
      "type": "Feature",
      "properties": {
        "kind": "VERTEX_OCCURRENCE",
        "field": 43,
        "vertex_id": 44
      },
      "geometry": {
        "type": "Point",
        "coordinates": [
          1079.9312797543575,
          1883.9283893927513
        ]
      }
    },
    {
      "type": "Feature",
      "properties": {
        "kind": "VERTEX_OCCURRENCE",
        "field": 43,
        "vertex_id": 37
      },
      "geometry": {
        "type": "Point",
        "coordinates": [
          1096.5843854579052,
          1870.0029253408748
        ]
      }
    },
    {
      "type": "Feature",
      "properties": {
        "kind": "VERTEX_OCCURRENCE",
        "field": 44,
        "vertex_id": 29
      },
      "geometry": {
        "type": "Point",
        "coordinates": [
          1128.0062493996818,
          1555.3129814428712
        ]
      }
    },
    {
      "type": "Feature",
      "properties": {
        "kind": "VERTEX_OCCURRENCE",
        "field": 44,
        "vertex_id": 35
      },
      "geometry": {
        "type": "Point",
        "coordinates": [
          1136.50307202192,
          1636.7806626935426
        ]
      }
    },
    {
      "type": "Feature",
      "properties": {
        "kind": "VERTEX_OCCURRENCE",
        "field": 44,
        "vertex_id": 35
      },
      "geometry": {
        "type": "Point",
        "coordinates": [
          1136.50307202192,
          1636.7806626935426
        ]
      }
    },
    {
      "type": "Feature",
      "properties": {
        "kind": "VERTEX_OCCURRENCE",
        "field": 44,
        "vertex_id": 47
      },
      "geometry": {
        "type": "Point",
        "coordinates": [
          1156.5133833220466,
          1603.4941058288478
        ]
      }
    },
    {
      "type": "Feature",
      "properties": {
        "kind": "VERTEX_OCCURRENCE",
        "field": 44,
        "vertex_id": 47
      },
      "geometry": {
        "type": "Point",
        "coordinates": [
          1156.5133833220466,
          1603.4941058288478
        ]
      }
    },
    {
      "type": "Feature",
      "properties": {
        "kind": "VERTEX_OCCURRENCE",
        "field": 44,
        "vertex_id": 48
      },
      "geometry": {
        "type": "Point",
        "coordinates": [
          1148.4831092871295,
          1543.6860279908724
        ]
      }
    },
    {
      "type": "Feature",
      "properties": {
        "kind": "VERTEX_OCCURRENCE",
        "field": 44,
        "vertex_id": 48
      },
      "geometry": {
        "type": "Point",
        "coordinates": [
          1148.4831092871295,
          1543.6860279908724
        ]
      }
    },
    {
      "type": "Feature",
      "properties": {
        "kind": "VERTEX_OCCURRENCE",
        "field": 44,
        "vertex_id": 29
      },
      "geometry": {
        "type": "Point",
        "coordinates": [
          1128.0062493996818,
          1555.3129814428712
        ]
      }
    },
    {
      "type": "Feature",
      "properties": {
        "kind": "VERTEX_OCCURRENCE",
        "field": 45,
        "vertex_id": 38
      },
      "geometry": {
        "type": "Point",
        "coordinates": [
          1113.5367033427835,
          1483.2478101163535
        ]
      }
    },
    {
      "type": "Feature",
      "properties": {
        "kind": "VERTEX_OCCURRENCE",
        "field": 45,
        "vertex_id": 29
      },
      "geometry": {
        "type": "Point",
        "coordinates": [
          1128.0062493996818,
          1555.3129814428712
        ]
      }
    },
    {
      "type": "Feature",
      "properties": {
        "kind": "VERTEX_OCCURRENCE",
        "field": 45,
        "vertex_id": 29
      },
      "geometry": {
        "type": "Point",
        "coordinates": [
          1128.0062493996818,
          1555.3129814428712
        ]
      }
    },
    {
      "type": "Feature",
      "properties": {
        "kind": "VERTEX_OCCURRENCE",
        "field": 45,
        "vertex_id": 49
      },
      "geometry": {
        "type": "Point",
        "coordinates": [
          1133.9356915204983,
          1545.6004580321905
        ]
      }
    },
    {
      "type": "Feature",
      "properties": {
        "kind": "VERTEX_OCCURRENCE",
        "field": 45,
        "vertex_id": 49
      },
      "geometry": {
        "type": "Point",
        "coordinates": [
          1133.9356915204983,
          1545.6004580321905
        ]
      }
    },
    {
      "type": "Feature",
      "properties": {
        "kind": "VERTEX_OCCURRENCE",
        "field": 45,
        "vertex_id": 38
      },
      "geometry": {
        "type": "Point",
        "coordinates": [
          1113.5367033427835,
          1483.2478101163535
        ]
      }
    },
    {
      "type": "Feature",
      "properties": {
        "kind": "VERTEX_OCCURRENCE",
        "field": 46,
        "vertex_id": 39
      },
      "geometry": {
        "type": "Point",
        "coordinates": [
          656.7636279001451,
          1635.6317965674398
        ]
      }
    },
    {
      "type": "Feature",
      "properties": {
        "kind": "VERTEX_OCCURRENCE",
        "field": 46,
        "vertex_id": 30
      },
      "geometry": {
        "type": "Point",
        "coordinates": [
          679.1764670885968,
          1637.9215342301877
        ]
      }
    },
    {
      "type": "Feature",
      "properties": {
        "kind": "VERTEX_OCCURRENCE",
        "field": 46,
        "vertex_id": 30
      },
      "geometry": {
        "type": "Point",
        "coordinates": [
          679.1764670885968,
          1637.9215342301877
        ]
      }
    },
    {
      "type": "Feature",
      "properties": {
        "kind": "VERTEX_OCCURRENCE",
        "field": 46,
        "vertex_id": 50
      },
      "geometry": {
        "type": "Point",
        "coordinates": [
          688.7213655258486,
          1326.7447922899773
        ]
      }
    },
    {
      "type": "Feature",
      "properties": {
        "kind": "VERTEX_OCCURRENCE",
        "field": 46,
        "vertex_id": 50
      },
      "geometry": {
        "type": "Point",
        "coordinates": [
          688.7213655258486,
          1326.7447922899773
        ]
      }
    },
    {
      "type": "Feature",
      "properties": {
        "kind": "VERTEX_OCCURRENCE",
        "field": 46,
        "vertex_id": 39
      },
      "geometry": {
        "type": "Point",
        "coordinates": [
          656.7636279001451,
          1635.6317965674398
        ]
      }
    },
    {
      "type": "Feature",
      "properties": {
        "kind": "VERTEX_OCCURRENCE",
        "field": 47,
        "vertex_id": 50
      },
      "geometry": {
        "type": "Point",
        "coordinates": [
          688.7213655258486,
          1326.7447922899773
        ]
      }
    },
    {
      "type": "Feature",
      "properties": {
        "kind": "VERTEX_OCCURRENCE",
        "field": 47,
        "vertex_id": 30
      },
      "geometry": {
        "type": "Point",
        "coordinates": [
          679.1764670885968,
          1637.9215342301877
        ]
      }
    },
    {
      "type": "Feature",
      "properties": {
        "kind": "VERTEX_OCCURRENCE",
        "field": 47,
        "vertex_id": 30
      },
      "geometry": {
        "type": "Point",
        "coordinates": [
          679.1764670885968,
          1637.9215342301877
        ]
      }
    },
    {
      "type": "Feature",
      "properties": {
        "kind": "VERTEX_OCCURRENCE",
        "field": 47,
        "vertex_id": 42
      },
      "geometry": {
        "type": "Point",
        "coordinates": [
          680.4455000769375,
          1438.3494515820262
        ]
      }
    },
    {
      "type": "Feature",
      "properties": {
        "kind": "VERTEX_OCCURRENCE",
        "field": 47,
        "vertex_id": 42
      },
      "geometry": {
        "type": "Point",
        "coordinates": [
          680.4455000769375,
          1438.3494515820262
        ]
      }
    },
    {
      "type": "Feature",
      "properties": {
        "kind": "VERTEX_OCCURRENCE",
        "field": 47,
        "vertex_id": 50
      },
      "geometry": {
        "type": "Point",
        "coordinates": [
          688.7213655258486,
          1326.7447922899773
        ]
      }
    },
    {
      "type": "Feature",
      "properties": {
        "kind": "VERTEX_OCCURRENCE",
        "field": 48,
        "vertex_id": 50
      },
      "geometry": {
        "type": "Point",
        "coordinates": [
          688.7213655258486,
          1326.7447922899773
        ]
      }
    },
    {
      "type": "Feature",
      "properties": {
        "kind": "VERTEX_OCCURRENCE",
        "field": 48,
        "vertex_id": 42
      },
      "geometry": {
        "type": "Point",
        "coordinates": [
          727.3252894318913,
          1306.9632392217181
        ]
      }
    },
    {
      "type": "Feature",
      "properties": {
        "kind": "VERTEX_OCCURRENCE",
        "field": 48,
        "vertex_id": 42
      },
      "geometry": {
        "type": "Point",
        "coordinates": [
          727.3252894318913,
          1306.9632392217181
        ]
      }
    },
    {
      "type": "Feature",
      "properties": {
        "kind": "VERTEX_OCCURRENCE",
        "field": 48,
        "vertex_id": 41
      },
      "geometry": {
        "type": "Point",
        "coordinates": [
          738.4529159114968,
          1345.0660180642983
        ]
      }
    },
    {
      "type": "Feature",
      "properties": {
        "kind": "VERTEX_OCCURRENCE",
        "field": 48,
        "vertex_id": 41
      },
      "geometry": {
        "type": "Point",
        "coordinates": [
          738.4529159114968,
          1345.0660180642983
        ]
      }
    },
    {
      "type": "Feature",
      "properties": {
        "kind": "VERTEX_OCCURRENCE",
        "field": 48,
        "vertex_id": 50
      },
      "geometry": {
        "type": "Point",
        "coordinates": [
          688.7213655258486,
          1326.7447922899773
        ]
      }
    },
    {
      "type": "Feature",
      "properties": {
        "kind": "VERTEX_OCCURRENCE",
        "field": 49,
        "vertex_id": 43
      },
      "geometry": {
        "type": "Point",
        "coordinates": [
          900.5312863660222,
          1404.7760893410687
        ]
      }
    },
    {
      "type": "Feature",
      "properties": {
        "kind": "VERTEX_OCCURRENCE",
        "field": 49,
        "vertex_id": 23
      },
      "geometry": {
        "type": "Point",
        "coordinates": [
          897.5089013927034,
          1399.9209577373108
        ]
      }
    },
    {
      "type": "Feature",
      "properties": {
        "kind": "VERTEX_OCCURRENCE",
        "field": 49,
        "vertex_id": 23
      },
      "geometry": {
        "type": "Point",
        "coordinates": [
          897.5089013927034,
          1399.9209577373108
        ]
      }
    },
    {
      "type": "Feature",
      "properties": {
        "kind": "VERTEX_OCCURRENCE",
        "field": 49,
        "vertex_id": 60
      },
      "geometry": {
        "type": "Point",
        "coordinates": [
          896.681995372352,
          1403.358001048643
        ]
      }
    },
    {
      "type": "Feature",
      "properties": {
        "kind": "VERTEX_OCCURRENCE",
        "field": 49,
        "vertex_id": 60
      },
      "geometry": {
        "type": "Point",
        "coordinates": [
          896.681995372352,
          1403.358001048643
        ]
      }
    },
    {
      "type": "Feature",
      "properties": {
        "kind": "VERTEX_OCCURRENCE",
        "field": 49,
        "vertex_id": 43
      },
      "geometry": {
        "type": "Point",
        "coordinates": [
          900.5312863660222,
          1404.7760893410687
        ]
      }
    },
    {
      "type": "Feature",
      "properties": {
        "kind": "VERTEX_OCCURRENCE",
        "field": 50,
        "vertex_id": 37
      },
      "geometry": {
        "type": "Point",
        "coordinates": [
          1096.5843854579052,
          1870.0029253408748
        ]
      }
    },
    {
      "type": "Feature",
      "properties": {
        "kind": "VERTEX_OCCURRENCE",
        "field": 50,
        "vertex_id": 44
      },
      "geometry": {
        "type": "Point",
        "coordinates": [
          1079.9312797543575,
          1883.9283893927513
        ]
      }
    },
    {
      "type": "Feature",
      "properties": {
        "kind": "VERTEX_OCCURRENCE",
        "field": 50,
        "vertex_id": 44
      },
      "geometry": {
        "type": "Point",
        "coordinates": [
          1079.9312797543575,
          1883.9283893927513
        ]
      }
    },
    {
      "type": "Feature",
      "properties": {
        "kind": "VERTEX_OCCURRENCE",
        "field": 50,
        "vertex_id": 45
      },
      "geometry": {
        "type": "Point",
        "coordinates": [
          1167.07,
          1999.8063333333332
        ]
      }
    },
    {
      "type": "Feature",
      "properties": {
        "kind": "VERTEX_OCCURRENCE",
        "field": 50,
        "vertex_id": 45
      },
      "geometry": {
        "type": "Point",
        "coordinates": [
          1167.07,
          1999.8063333333332
        ]
      }
    },
    {
      "type": "Feature",
      "properties": {
        "kind": "VERTEX_OCCURRENCE",
        "field": 50,
        "vertex_id": 52
      },
      "geometry": {
        "type": "Point",
        "coordinates": [
          1215.1456806358947,
          1866.9604152338916
        ]
      }
    },
    {
      "type": "Feature",
      "properties": {
        "kind": "VERTEX_OCCURRENCE",
        "field": 50,
        "vertex_id": 52
      },
      "geometry": {
        "type": "Point",
        "coordinates": [
          1215.1456806358947,
          1866.9604152338916
        ]
      }
    },
    {
      "type": "Feature",
      "properties": {
        "kind": "VERTEX_OCCURRENCE",
        "field": 50,
        "vertex_id": 51
      },
      "geometry": {
        "type": "Point",
        "coordinates": [
          1150.6673375886817,
          1793.9521077276422
        ]
      }
    },
    {
      "type": "Feature",
      "properties": {
        "kind": "VERTEX_OCCURRENCE",
        "field": 50,
        "vertex_id": 51
      },
      "geometry": {
        "type": "Point",
        "coordinates": [
          1150.6673375886817,
          1793.9521077276422
        ]
      }
    },
    {
      "type": "Feature",
      "properties": {
        "kind": "VERTEX_OCCURRENCE",
        "field": 50,
        "vertex_id": 37
      },
      "geometry": {
        "type": "Point",
        "coordinates": [
          1096.5843854579052,
          1870.0029253408748
        ]
      }
    },
    {
      "type": "Feature",
      "properties": {
        "kind": "VERTEX_OCCURRENCE",
        "field": 51,
        "vertex_id": 35
      },
      "geometry": {
        "type": "Point",
        "coordinates": [
          1136.50307202192,
          1636.7806626935426
        ]
      }
    },
    {
      "type": "Feature",
      "properties": {
        "kind": "VERTEX_OCCURRENCE",
        "field": 51,
        "vertex_id": 46
      },
      "geometry": {
        "type": "Point",
        "coordinates": [
          1152.7656186780346,
          1719.527993369307
        ]
      }
    },
    {
      "type": "Feature",
      "properties": {
        "kind": "VERTEX_OCCURRENCE",
        "field": 51,
        "vertex_id": 46
      },
      "geometry": {
        "type": "Point",
        "coordinates": [
          1152.7656186780346,
          1719.527993369307
        ]
      }
    },
    {
      "type": "Feature",
      "properties": {
        "kind": "VERTEX_OCCURRENCE",
        "field": 51,
        "vertex_id": 53
      },
      "geometry": {
        "type": "Point",
        "coordinates": [
          1168.1970780848474,
          1690.5122228657413
        ]
      }
    },
    {
      "type": "Feature",
      "properties": {
        "kind": "VERTEX_OCCURRENCE",
        "field": 51,
        "vertex_id": 53
      },
      "geometry": {
        "type": "Point",
        "coordinates": [
          1168.1970780848474,
          1690.5122228657413
        ]
      }
    },
    {
      "type": "Feature",
      "properties": {
        "kind": "VERTEX_OCCURRENCE",
        "field": 51,
        "vertex_id": 54
      },
      "geometry": {
        "type": "Point",
        "coordinates": [
          1158.9715305423879,
          1621.8019568003224
        ]
      }
    },
    {
      "type": "Feature",
      "properties": {
        "kind": "VERTEX_OCCURRENCE",
        "field": 51,
        "vertex_id": 54
      },
      "geometry": {
        "type": "Point",
        "coordinates": [
          1158.9715305423879,
          1621.8019568003224
        ]
      }
    },
    {
      "type": "Feature",
      "properties": {
        "kind": "VERTEX_OCCURRENCE",
        "field": 51,
        "vertex_id": 35
      },
      "geometry": {
        "type": "Point",
        "coordinates": [
          1136.50307202192,
          1636.7806626935426
        ]
      }
    },
    {
      "type": "Feature",
      "properties": {
        "kind": "VERTEX_OCCURRENCE",
        "field": 52,
        "vertex_id": 46
      },
      "geometry": {
        "type": "Point",
        "coordinates": [
          1152.7656186780346,
          1719.527993369307
        ]
      }
    },
    {
      "type": "Feature",
      "properties": {
        "kind": "VERTEX_OCCURRENCE",
        "field": 52,
        "vertex_id": 37
      },
      "geometry": {
        "type": "Point",
        "coordinates": [
          1096.5843854579052,
          1870.0029253408748
        ]
      }
    },
    {
      "type": "Feature",
      "properties": {
        "kind": "VERTEX_OCCURRENCE",
        "field": 52,
        "vertex_id": 37
      },
      "geometry": {
        "type": "Point",
        "coordinates": [
          1096.5843854579052,
          1870.0029253408748
        ]
      }
    },
    {
      "type": "Feature",
      "properties": {
        "kind": "VERTEX_OCCURRENCE",
        "field": 52,
        "vertex_id": 51
      },
      "geometry": {
        "type": "Point",
        "coordinates": [
          1150.6673375886817,
          1793.9521077276422
        ]
      }
    },
    {
      "type": "Feature",
      "properties": {
        "kind": "VERTEX_OCCURRENCE",
        "field": 52,
        "vertex_id": 51
      },
      "geometry": {
        "type": "Point",
        "coordinates": [
          1150.6673375886817,
          1793.9521077276422
        ]
      }
    },
    {
      "type": "Feature",
      "properties": {
        "kind": "VERTEX_OCCURRENCE",
        "field": 52,
        "vertex_id": 46
      },
      "geometry": {
        "type": "Point",
        "coordinates": [
          1152.7656186780346,
          1719.527993369307
        ]
      }
    },
    {
      "type": "Feature",
      "properties": {
        "kind": "VERTEX_OCCURRENCE",
        "field": 53,
        "vertex_id": 47
      },
      "geometry": {
        "type": "Point",
        "coordinates": [
          1156.5133833220466,
          1603.4941058288478
        ]
      }
    },
    {
      "type": "Feature",
      "properties": {
        "kind": "VERTEX_OCCURRENCE",
        "field": 53,
        "vertex_id": 35
      },
      "geometry": {
        "type": "Point",
        "coordinates": [
          1172.6485809800984,
          1595.0559143268422
        ]
      }
    },
    {
      "type": "Feature",
      "properties": {
        "kind": "VERTEX_OCCURRENCE",
        "field": 53,
        "vertex_id": 35
      },
      "geometry": {
        "type": "Point",
        "coordinates": [
          1172.6485809800984,
          1595.0559143268422
        ]
      }
    },
    {
      "type": "Feature",
      "properties": {
        "kind": "VERTEX_OCCURRENCE",
        "field": 53,
        "vertex_id": 54
      },
      "geometry": {
        "type": "Point",
        "coordinates": [
          1158.9715305423879,
          1621.8019568003224
        ]
      }
    },
    {
      "type": "Feature",
      "properties": {
        "kind": "VERTEX_OCCURRENCE",
        "field": 53,
        "vertex_id": 54
      },
      "geometry": {
        "type": "Point",
        "coordinates": [
          1158.9715305423879,
          1621.8019568003224
        ]
      }
    },
    {
      "type": "Feature",
      "properties": {
        "kind": "VERTEX_OCCURRENCE",
        "field": 53,
        "vertex_id": 47
      },
      "geometry": {
        "type": "Point",
        "coordinates": [
          1156.5133833220466,
          1603.4941058288478
        ]
      }
    },
    {
      "type": "Feature",
      "properties": {
        "kind": "VERTEX_OCCURRENCE",
        "field": 54,
        "vertex_id": 49
      },
      "geometry": {
        "type": "Point",
        "coordinates": [
          1133.9356915204983,
          1545.6004580321905
        ]
      }
    },
    {
      "type": "Feature",
      "properties": {
        "kind": "VERTEX_OCCURRENCE",
        "field": 54,
        "vertex_id": 29
      },
      "geometry": {
        "type": "Point",
        "coordinates": [
          1128.0062493996818,
          1555.3129814428712
        ]
      }
    },
    {
      "type": "Feature",
      "properties": {
        "kind": "VERTEX_OCCURRENCE",
        "field": 54,
        "vertex_id": 29
      },
      "geometry": {
        "type": "Point",
        "coordinates": [
          1128.0062493996818,
          1555.3129814428712
        ]
      }
    },
    {
      "type": "Feature",
      "properties": {
        "kind": "VERTEX_OCCURRENCE",
        "field": 54,
        "vertex_id": 48
      },
      "geometry": {
        "type": "Point",
        "coordinates": [
          1148.4831092871295,
          1543.6860279908724
        ]
      }
    },
    {
      "type": "Feature",
      "properties": {
        "kind": "VERTEX_OCCURRENCE",
        "field": 54,
        "vertex_id": 48
      },
      "geometry": {
        "type": "Point",
        "coordinates": [
          1148.4831092871295,
          1543.6860279908724
        ]
      }
    },
    {
      "type": "Feature",
      "properties": {
        "kind": "VERTEX_OCCURRENCE",
        "field": 54,
        "vertex_id": 49
      },
      "geometry": {
        "type": "Point",
        "coordinates": [
          1133.9356915204983,
          1545.6004580321905
        ]
      }
    },
    {
      "type": "Feature",
      "properties": {
        "kind": "VERTEX_OCCURRENCE",
        "field": 55,
        "vertex_id": 38
      },
      "geometry": {
        "type": "Point",
        "coordinates": [
          1113.5367033427835,
          1483.2478101163535
        ]
      }
    },
    {
      "type": "Feature",
      "properties": {
        "kind": "VERTEX_OCCURRENCE",
        "field": 55,
        "vertex_id": 49
      },
      "geometry": {
        "type": "Point",
        "coordinates": [
          1133.9356915204983,
          1545.6004580321905
        ]
      }
    },
    {
      "type": "Feature",
      "properties": {
        "kind": "VERTEX_OCCURRENCE",
        "field": 55,
        "vertex_id": 49
      },
      "geometry": {
        "type": "Point",
        "coordinates": [
          1133.9356915204983,
          1545.6004580321905
        ]
      }
    },
    {
      "type": "Feature",
      "properties": {
        "kind": "VERTEX_OCCURRENCE",
        "field": 55,
        "vertex_id": 48
      },
      "geometry": {
        "type": "Point",
        "coordinates": [
          1148.4831092871295,
          1543.6860279908724
        ]
      }
    },
    {
      "type": "Feature",
      "properties": {
        "kind": "VERTEX_OCCURRENCE",
        "field": 55,
        "vertex_id": 48
      },
      "geometry": {
        "type": "Point",
        "coordinates": [
          1148.4831092871295,
          1543.6860279908724
        ]
      }
    },
    {
      "type": "Feature",
      "properties": {
        "kind": "VERTEX_OCCURRENCE",
        "field": 55,
        "vertex_id": 55
      },
      "geometry": {
        "type": "Point",
        "coordinates": [
          1141.7645,
          1493.647
        ]
      }
    },
    {
      "type": "Feature",
      "properties": {
        "kind": "VERTEX_OCCURRENCE",
        "field": 55,
        "vertex_id": 55
      },
      "geometry": {
        "type": "Point",
        "coordinates": [
          1141.7645,
          1493.647
        ]
      }
    },
    {
      "type": "Feature",
      "properties": {
        "kind": "VERTEX_OCCURRENCE",
        "field": 55,
        "vertex_id": 38
      },
      "geometry": {
        "type": "Point",
        "coordinates": [
          1113.5367033427835,
          1483.2478101163535
        ]
      }
    },
    {
      "type": "Feature",
      "properties": {
        "kind": "VERTEX_OCCURRENCE",
        "field": 56,
        "vertex_id": 50
      },
      "geometry": {
        "type": "Point",
        "coordinates": [
          688.7213655258486,
          1326.7447922899773
        ]
      }
    },
    {
      "type": "Feature",
      "properties": {
        "kind": "VERTEX_OCCURRENCE",
        "field": 56,
        "vertex_id": 39
      },
      "geometry": {
        "type": "Point",
        "coordinates": [
          704.9341158521192,
          1284.5721576402073
        ]
      }
    },
    {
      "type": "Feature",
      "properties": {
        "kind": "VERTEX_OCCURRENCE",
        "field": 56,
        "vertex_id": 39
      },
      "geometry": {
        "type": "Point",
        "coordinates": [
          704.9341158521192,
          1284.5721576402073
        ]
      }
    },
    {
      "type": "Feature",
      "properties": {
        "kind": "VERTEX_OCCURRENCE",
        "field": 56,
        "vertex_id": 61
      },
      "geometry": {
        "type": "Point",
        "coordinates": [
          657.559,
          1315.2645
        ]
      }
    },
    {
      "type": "Feature",
      "properties": {
        "kind": "VERTEX_OCCURRENCE",
        "field": 56,
        "vertex_id": 61
      },
      "geometry": {
        "type": "Point",
        "coordinates": [
          657.559,
          1315.2645
        ]
      }
    },
    {
      "type": "Feature",
      "properties": {
        "kind": "VERTEX_OCCURRENCE",
        "field": 56,
        "vertex_id": 50
      },
      "geometry": {
        "type": "Point",
        "coordinates": [
          688.7213655258486,
          1326.7447922899773
        ]
      }
    },
    {
      "type": "Feature",
      "properties": {
        "kind": "VERTEX_OCCURRENCE",
        "field": 57,
        "vertex_id": 46
      },
      "geometry": {
        "type": "Point",
        "coordinates": [
          1152.7656186780346,
          1719.527993369307
        ]
      }
    },
    {
      "type": "Feature",
      "properties": {
        "kind": "VERTEX_OCCURRENCE",
        "field": 57,
        "vertex_id": 51
      },
      "geometry": {
        "type": "Point",
        "coordinates": [
          1150.6673375886817,
          1793.9521077276422
        ]
      }
    },
    {
      "type": "Feature",
      "properties": {
        "kind": "VERTEX_OCCURRENCE",
        "field": 57,
        "vertex_id": 51
      },
      "geometry": {
        "type": "Point",
        "coordinates": [
          1150.6673375886817,
          1793.9521077276422
        ]
      }
    },
    {
      "type": "Feature",
      "properties": {
        "kind": "VERTEX_OCCURRENCE",
        "field": 57,
        "vertex_id": 52
      },
      "geometry": {
        "type": "Point",
        "coordinates": [
          1215.1456806358947,
          1866.9604152338916
        ]
      }
    },
    {
      "type": "Feature",
      "properties": {
        "kind": "VERTEX_OCCURRENCE",
        "field": 57,
        "vertex_id": 52
      },
      "geometry": {
        "type": "Point",
        "coordinates": [
          1215.1456806358947,
          1866.9604152338916
        ]
      }
    },
    {
      "type": "Feature",
      "properties": {
        "kind": "VERTEX_OCCURRENCE",
        "field": 57,
        "vertex_id": 56
      },
      "geometry": {
        "type": "Point",
        "coordinates": [
          1184.5420932799216,
          1775.0694331845148
        ]
      }
    },
    {
      "type": "Feature",
      "properties": {
        "kind": "VERTEX_OCCURRENCE",
        "field": 57,
        "vertex_id": 56
      },
      "geometry": {
        "type": "Point",
        "coordinates": [
          1184.5420932799216,
          1775.0694331845148
        ]
      }
    },
    {
      "type": "Feature",
      "properties": {
        "kind": "VERTEX_OCCURRENCE",
        "field": 57,
        "vertex_id": 46
      },
      "geometry": {
        "type": "Point",
        "coordinates": [
          1152.7656186780346,
          1719.527993369307
        ]
      }
    },
    {
      "type": "Feature",
      "properties": {
        "kind": "VERTEX_OCCURRENCE",
        "field": 58,
        "vertex_id": 52
      },
      "geometry": {
        "type": "Point",
        "coordinates": [
          1215.1456806358947,
          1866.9604152338916
        ]
      }
    },
    {
      "type": "Feature",
      "properties": {
        "kind": "VERTEX_OCCURRENCE",
        "field": 58,
        "vertex_id": 45
      },
      "geometry": {
        "type": "Point",
        "coordinates": [
          1167.07,
          1999.8063333333332
        ]
      }
    },
    {
      "type": "Feature",
      "properties": {
        "kind": "VERTEX_OCCURRENCE",
        "field": 58,
        "vertex_id": 45
      },
      "geometry": {
        "type": "Point",
        "coordinates": [
          1167.07,
          1999.8063333333332
        ]
      }
    },
    {
      "type": "Feature",
      "properties": {
        "kind": "VERTEX_OCCURRENCE",
        "field": 58,
        "vertex_id": 57
      },
      "geometry": {
        "type": "Point",
        "coordinates": [
          1261.355,
          2005.7095
        ]
      }
    },
    {
      "type": "Feature",
      "properties": {
        "kind": "VERTEX_OCCURRENCE",
        "field": 58,
        "vertex_id": 57
      },
      "geometry": {
        "type": "Point",
        "coordinates": [
          1261.355,
          2005.7095
        ]
      }
    },
    {
      "type": "Feature",
      "properties": {
        "kind": "VERTEX_OCCURRENCE",
        "field": 58,
        "vertex_id": 52
      },
      "geometry": {
        "type": "Point",
        "coordinates": [
          1215.1456806358947,
          1866.9604152338916
        ]
      }
    },
    {
      "type": "Feature",
      "properties": {
        "kind": "VERTEX_OCCURRENCE",
        "field": 59,
        "vertex_id": 53
      },
      "geometry": {
        "type": "Point",
        "coordinates": [
          1168.1970780848474,
          1690.5122228657413
        ]
      }
    },
    {
      "type": "Feature",
      "properties": {
        "kind": "VERTEX_OCCURRENCE",
        "field": 59,
        "vertex_id": 46
      },
      "geometry": {
        "type": "Point",
        "coordinates": [
          1152.7656186780346,
          1719.527993369307
        ]
      }
    },
    {
      "type": "Feature",
      "properties": {
        "kind": "VERTEX_OCCURRENCE",
        "field": 59,
        "vertex_id": 46
      },
      "geometry": {
        "type": "Point",
        "coordinates": [
          1152.7656186780346,
          1719.527993369307
        ]
      }
    },
    {
      "type": "Feature",
      "properties": {
        "kind": "VERTEX_OCCURRENCE",
        "field": 59,
        "vertex_id": 58
      },
      "geometry": {
        "type": "Point",
        "coordinates": [
          1159.4564616737644,
          1715.6628594472902
        ]
      }
    },
    {
      "type": "Feature",
      "properties": {
        "kind": "VERTEX_OCCURRENCE",
        "field": 59,
        "vertex_id": 58
      },
      "geometry": {
        "type": "Point",
        "coordinates": [
          1159.4564616737644,
          1715.6628594472902
        ]
      }
    },
    {
      "type": "Feature",
      "properties": {
        "kind": "VERTEX_OCCURRENCE",
        "field": 59,
        "vertex_id": 53
      },
      "geometry": {
        "type": "Point",
        "coordinates": [
          1168.1970780848474,
          1690.5122228657413
        ]
      }
    },
    {
      "type": "Feature",
      "properties": {
        "kind": "VERTEX_OCCURRENCE",
        "field": 60,
        "vertex_id": 46
      },
      "geometry": {
        "type": "Point",
        "coordinates": [
          1152.7656186780346,
          1719.527993369307
        ]
      }
    },
    {
      "type": "Feature",
      "properties": {
        "kind": "VERTEX_OCCURRENCE",
        "field": 60,
        "vertex_id": 56
      },
      "geometry": {
        "type": "Point",
        "coordinates": [
          1184.5420932799216,
          1775.0694331845148
        ]
      }
    },
    {
      "type": "Feature",
      "properties": {
        "kind": "VERTEX_OCCURRENCE",
        "field": 60,
        "vertex_id": 56
      },
      "geometry": {
        "type": "Point",
        "coordinates": [
          1184.5420932799216,
          1775.0694331845148
        ]
      }
    },
    {
      "type": "Feature",
      "properties": {
        "kind": "VERTEX_OCCURRENCE",
        "field": 60,
        "vertex_id": 58
      },
      "geometry": {
        "type": "Point",
        "coordinates": [
          1159.4564616737644,
          1715.6628594472902
        ]
      }
    },
    {
      "type": "Feature",
      "properties": {
        "kind": "VERTEX_OCCURRENCE",
        "field": 60,
        "vertex_id": 58
      },
      "geometry": {
        "type": "Point",
        "coordinates": [
          1159.4564616737644,
          1715.6628594472902
        ]
      }
    },
    {
      "type": "Feature",
      "properties": {
        "kind": "VERTEX_OCCURRENCE",
        "field": 60,
        "vertex_id": 46
      },
      "geometry": {
        "type": "Point",
        "coordinates": [
          1152.7656186780346,
          1719.527993369307
        ]
      }
    },
    {
      "type": "Feature",
      "properties": {
        "kind": "VERTEX_OCCURRENCE",
        "field": 61,
        "vertex_id": 53
      },
      "geometry": {
        "type": "Point",
        "coordinates": [
          1168.1970780848474,
          1690.5122228657413
        ]
      }
    },
    {
      "type": "Feature",
      "properties": {
        "kind": "VERTEX_OCCURRENCE",
        "field": 61,
        "vertex_id": 58
      },
      "geometry": {
        "type": "Point",
        "coordinates": [
          1159.4564616737644,
          1715.6628594472902
        ]
      }
    },
    {
      "type": "Feature",
      "properties": {
        "kind": "VERTEX_OCCURRENCE",
        "field": 61,
        "vertex_id": 58
      },
      "geometry": {
        "type": "Point",
        "coordinates": [
          1159.4564616737644,
          1715.6628594472902
        ]
      }
    },
    {
      "type": "Feature",
      "properties": {
        "kind": "VERTEX_OCCURRENCE",
        "field": 61,
        "vertex_id": 56
      },
      "geometry": {
        "type": "Point",
        "coordinates": [
          1184.5420932799216,
          1775.0694331845148
        ]
      }
    },
    {
      "type": "Feature",
      "properties": {
        "kind": "VERTEX_OCCURRENCE",
        "field": 61,
        "vertex_id": 56
      },
      "geometry": {
        "type": "Point",
        "coordinates": [
          1184.5420932799216,
          1775.0694331845148
        ]
      }
    },
    {
      "type": "Feature",
      "properties": {
        "kind": "VERTEX_OCCURRENCE",
        "field": 61,
        "vertex_id": 59
      },
      "geometry": {
        "type": "Point",
        "coordinates": [
          1176.1785610847755,
          1749.9569136006448
        ]
      }
    },
    {
      "type": "Feature",
      "properties": {
        "kind": "VERTEX_OCCURRENCE",
        "field": 61,
        "vertex_id": 59
      },
      "geometry": {
        "type": "Point",
        "coordinates": [
          1176.1785610847755,
          1749.9569136006448
        ]
      }
    },
    {
      "type": "Feature",
      "properties": {
        "kind": "VERTEX_OCCURRENCE",
        "field": 61,
        "vertex_id": 53
      },
      "geometry": {
        "type": "Point",
        "coordinates": [
          1168.1970780848474,
          1690.5122228657413
        ]
      }
    }
  ]
}