edge_id,u,v,generator,generator_index,flipped_conorm,tau,L,sigma,epsilon,kappa_hist,Omega,s,chi,status
0,0,1,S1,1,p12,-1,u2,"sigma_minus=(0,4,1,5,2,6,3)",1.0,1.0,0.03788693475930534,0.03788693475930534,0.0,CONSTRUCTED-NORMALIZED-CONGRUENCE-QUOTIENT
1,0,2,S2,2,p13,-1,u1,"sigma_minus=(0,4,1,5,2,6,3)",1.0,1.0,0.39943727590997463,0.39943727590997463,0.0,CONSTRUCTED-NORMALIZED-CONGRUENCE-QUOTIENT
2,0,3,S3,3,p01,-1,u3,"sigma_minus=(0,4,1,5,2,6,3)",1.0,1.0,0.9657973093709475,0.9657973093709475,0.0,CONSTRUCTED-NORMALIZED-CONGRUENCE-QUOTIENT
3,0,157,S4,4,p03,-1,u2,"sigma_minus=(0,4,1,5,2,6,3)",1.0,1.0,0.03788693475930534,0.03788693475930534,0.0,CONSTRUCTED-NORMALIZED-CONGRUENCE-QUOTIENT
4,0,92,S5,5,p02,-1,u1,"sigma_minus=(0,4,1,5,2,6,3)",1.0,1.0,0.39943727590997463,0.39943727590997463,0.0,CONSTRUCTED-NORMALIZED-CONGRUENCE-QUOTIENT
5,0,27,S6,6,p01,-1,u3,"sigma_minus=(0,4,1,5,2,6,3)",1.0,1.0,0.9657973093709475,0.9657973093709475,0.0,CONSTRUCTED-NORMALIZED-CONGRUENCE-QUOTIENT
6,0,4,S7,7,p12,-1,u2,"sigma_minus=(0,4,1,5,2,6,3)",1.0,1.0,0.03788693475930534,0.03788693475930534,0.0,CONSTRUCTED-NORMALIZED-CONGRUENCE-QUOTIENT
7,0,52,S8,8,p13,-1,u1,"sigma_minus=(0,4,1,5,2,6,3)",1.0,1.0,0.39943727590997463,0.39943727590997463,0.0,CONSTRUCTED-NORMALIZED-CONGRUENCE-QUOTIENT
8,0,102,S9,9,p23,-1,u3,"sigma_minus=(0,4,1,5,2,6,3)",1.0,1.0,0.9657973093709475,0.9657973093709475,0.0,CONSTRUCTED-NORMALIZED-CONGRUENCE-QUOTIENT
9,0,150,S10,10,p03,-1,u2,"sigma_minus=(0,4,1,5,2,6,3)",1.0,1.0,0.03788693475930534,0.03788693475930534,0.0,CONSTRUCTED-NORMALIZED-CONGRUENCE-QUOTIENT
10,0,18,S11,11,p23,-1,u3,"sigma_minus=(0,4,1,5,2,6,3)",1.0,1.0,0.9657973093709475,0.9657973093709475,0.0,CONSTRUCTED-NORMALIZED-CONGRUENCE-QUOTIENT
11,0,22,S12,12,p02,-1,u1,"sigma_minus=(0,4,1,5,2,6,3)",1.0,1.0,0.39943727590997463,0.39943727590997463,0.0,CONSTRUCTED-NORMALIZED-CONGRUENCE-QUOTIENT
12,1,3,S2,2,p13,-1,u1,"sigma_minus=(0,4,1,5,2,6,3)",1.0,1.0,0.39943727590997463,0.39943727590997463,0.0,CONSTRUCTED-NORMALIZED-CONGRUENCE-QUOTIENT
13,1,2,S3,3,p01,-1,u3,"sigma_minus=(0,4,1,5,2,6,3)",1.0,1.0,0.9657973093709475,0.9657973093709475,0.0,CONSTRUCTED-NORMALIZED-CONGRUENCE-QUOTIENT
14,1,158,S4,4,p03,-1,u2,"sigma_minus=(0,4,1,5,2,6,3)",1.0,1.0,0.03788693475930534,0.03788693475930534,0.0,CONSTRUCTED-NORMALIZED-CONGRUENCE-QUOTIENT
15,1,94,S5,5,p02,-1,u1,"sigma_minus=(0,4,1,5,2,6,3)",1.0,1.0,0.39943727590997463,0.39943727590997463,0.0,CONSTRUCTED-NORMALIZED-CONGRUENCE-QUOTIENT
16,1,25,S6,6,p01,-1,u3,"sigma_minus=(0,4,1,5,2,6,3)",1.0,1.0,0.9657973093709475,0.9657973093709475,0.0,CONSTRUCTED-NORMALIZED-CONGRUENCE-QUOTIENT
17,1,5,S7,7,p12,-1,u2,"sigma_minus=(0,4,1,5,2,6,3)",1.0,1.0,0.03788693475930534,0.03788693475930534,0.0,CONSTRUCTED-NORMALIZED-CONGRUENCE-QUOTIENT
18,1,55,S8,8,p13,-1,u1,"sigma_minus=(0,4,1,5,2,6,3)",1.0,1.0,0.39943727590997463,0.39943727590997463,0.0,CONSTRUCTED-NORMALIZED-CONGRUENCE-QUOTIENT
19,1,100,S9,9,p23,-1,u3,"sigma_minus=(0,4,1,5,2,6,3)",1.0,1.0,0.9657973093709475,0.9657973093709475,0.0,CONSTRUCTED-NORMALIZED-CONGRUENCE-QUOTIENT
20,1,149,S10,10,p03,-1,u2,"sigma_minus=(0,4,1,5,2,6,3)",1.0,1.0,0.03788693475930534,0.03788693475930534,0.0,CONSTRUCTED-NORMALIZED-CONGRUENCE-QUOTIENT
21,1,19,S11,11,p23,-1,u3,"sigma_minus=(0,4,1,5,2,6,3)",1.0,1.0,0.9657973093709475,0.9657973093709475,0.0,CONSTRUCTED-NORMALIZED-CONGRUENCE-QUOTIENT
22,1,23,S12,12,p02,-1,u1,"sigma_minus=(0,4,1,5,2,6,3)",1.0,1.0,0.39943727590997463,0.39943727590997463,0.0,CONSTRUCTED-NORMALIZED-CONGRUENCE-QUOTIENT
23,2,3,S1,1,p12,-1,u2,"sigma_minus=(0,4,1,5,2,6,3)",1.0,1.0,0.03788693475930534,0.03788693475930534,0.0,CONSTRUCTED-NORMALIZED-CONGRUENCE-QUOTIENT
24,2,159,S4,4,p03,-1,u2,"sigma_minus=(0,4,1,5,2,6,3)",1.0,1.0,0.03788693475930534,0.03788693475930534,0.0,CONSTRUCTED-NORMALIZED-CONGRUENCE-QUOTIENT
25,2,95,S5,5,p02,-1,u1,"sigma_minus=(0,4,1,5,2,6,3)",1.0,1.0,0.39943727590997463,0.39943727590997463,0.0,CONSTRUCTED-NORMALIZED-CONGRUENCE-QUOTIENT
26,2,26,S6,6,p01,-1,u3,"sigma_minus=(0,4,1,5,2,6,3)",1.0,1.0,0.9657973093709475,0.9657973093709475,0.0,CONSTRUCTED-NORMALIZED-CONGRUENCE-QUOTIENT
27,2,7,S7,7,p12,-1,u2,"sigma_minus=(0,4,1,5,2,6,3)",1.0,1.0,0.03788693475930534,0.03788693475930534,0.0,CONSTRUCTED-NORMALIZED-CONGRUENCE-QUOTIENT
28,2,54,S8,8,p13,-1,u1,"sigma_minus=(0,4,1,5,2,6,3)",1.0,1.0,0.39943727590997463,0.39943727590997463,0.0,CONSTRUCTED-NORMALIZED-CONGRUENCE-QUOTIENT
29,2,103,S9,9,p23,-1,u3,"sigma_minus=(0,4,1,5,2,6,3)",1.0,1.0,0.9657973093709475,0.9657973093709475,0.0,CONSTRUCTED-NORMALIZED-CONGRUENCE-QUOTIENT
30,2,151,S10,10,p03,-1,u2,"sigma_minus=(0,4,1,5,2,6,3)",1.0,1.0,0.03788693475930534,0.03788693475930534,0.0,CONSTRUCTED-NORMALIZED-CONGRUENCE-QUOTIENT
31,2,16,S11,11,p23,-1,u3,"sigma_minus=(0,4,1,5,2,6,3)",1.0,1.0,0.9657973093709475,0.9657973093709475,0.0,CONSTRUCTED-NORMALIZED-CONGRUENCE-QUOTIENT
32,2,21,S12,12,p02,-1,u1,"sigma_minus=(0,4,1,5,2,6,3)",1.0,1.0,0.39943727590997463,0.39943727590997463,0.0,CONSTRUCTED-NORMALIZED-CONGRUENCE-QUOTIENT
33,3,156,S4,4,p03,-1,u2,"sigma_minus=(0,4,1,5,2,6,3)",1.0,1.0,0.03788693475930534,0.03788693475930534,0.0,CONSTRUCTED-NORMALIZED-CONGRUENCE-QUOTIENT
34,3,93,S5,5,p02,-1,u1,"sigma_minus=(0,4,1,5,2,6,3)",1.0,1.0,0.39943727590997463,0.39943727590997463,0.0,CONSTRUCTED-NORMALIZED-CONGRUENCE-QUOTIENT
35,3,24,S6,6,p01,-1,u3,"sigma_minus=(0,4,1,5,2,6,3)",1.0,1.0,0.9657973093709475,0.9657973093709475,0.0,CONSTRUCTED-NORMALIZED-CONGRUENCE-QUOTIENT
36,3,6,S7,7,p12,-1,u2,"sigma_minus=(0,4,1,5,2,6,3)",1.0,1.0,0.03788693475930534,0.03788693475930534,0.0,CONSTRUCTED-NORMALIZED-CONGRUENCE-QUOTIENT
37,3,53,S8,8,p13,-1,u1,"sigma_minus=(0,4,1,5,2,6,3)",1.0,1.0,0.39943727590997463,0.39943727590997463,0.0,CONSTRUCTED-NORMALIZED-CONGRUENCE-QUOTIENT
38,3,101,S9,9,p23,-1,u3,"sigma_minus=(0,4,1,5,2,6,3)",1.0,1.0,0.9657973093709475,0.9657973093709475,0.0,CONSTRUCTED-NORMALIZED-CONGRUENCE-QUOTIENT
39,3,148,S10,10,p03,-1,u2,"sigma_minus=(0,4,1,5,2,6,3)",1.0,1.0,0.03788693475930534,0.03788693475930534,0.0,CONSTRUCTED-NORMALIZED-CONGRUENCE-QUOTIENT
40,3,17,S11,11,p23,-1,u3,"sigma_minus=(0,4,1,5,2,6,3)",1.0,1.0,0.9657973093709475,0.9657973093709475,0.0,CONSTRUCTED-NORMALIZED-CONGRUENCE-QUOTIENT
41,3,20,S12,12,p02,-1,u1,"sigma_minus=(0,4,1,5,2,6,3)",1.0,1.0,0.39943727590997463,0.39943727590997463,0.0,CONSTRUCTED-NORMALIZED-CONGRUENCE-QUOTIENT
42,4,5,S1,1,p12,-1,u2,"sigma_minus=(0,4,1,5,2,6,3)",1.0,1.0,0.03788693475930534,0.03788693475930534,0.0,CONSTRUCTED-NORMALIZED-CONGRUENCE-QUOTIENT
43,4,6,S2,2,p13,-1,u1,"sigma_minus=(0,4,1,5,2,6,3)",1.0,1.0,0.39943727590997463,0.39943727590997463,0.0,CONSTRUCTED-NORMALIZED-CONGRUENCE-QUOTIENT
44,4,7,S3,3,p01,-1,u3,"sigma_minus=(0,4,1,5,2,6,3)",1.0,1.0,0.9657973093709475,0.9657973093709475,0.0,CONSTRUCTED-NORMALIZED-CONGRUENCE-QUOTIENT
45,4,153,S4,4,p03,-1,u2,"sigma_minus=(0,4,1,5,2,6,3)",1.0,1.0,0.03788693475930534,0.03788693475930534,0.0,CONSTRUCTED-NORMALIZED-CONGRUENCE-QUOTIENT
46,4,80,S5,5,p02,-1,u1,"sigma_minus=(0,4,1,5,2,6,3)",1.0,1.0,0.39943727590997463,0.39943727590997463,0.0,CONSTRUCTED-NORMALIZED-CONGRUENCE-QUOTIENT
47,4,31,S6,6,p01,-1,u3,"sigma_minus=(0,4,1,5,2,6,3)",1.0,1.0,0.9657973093709475,0.9657973093709475,0.0,CONSTRUCTED-NORMALIZED-CONGRUENCE-QUOTIENT
48,4,48,S8,8,p13,-1,u1,"sigma_minus=(0,4,1,5,2,6,3)",1.0,1.0,0.39943727590997463,0.39943727590997463,0.0,CONSTRUCTED-NORMALIZED-CONGRUENCE-QUOTIENT
49,4,118,S9,9,p23,-1,u3,"sigma_minus=(0,4,1,5,2,6,3)",1.0,1.0,0.9657973093709475,0.9657973093709475,0.0,CONSTRUCTED-NORMALIZED-CONGRUENCE-QUOTIENT
50,4,162,S10,10,p03,-1,u2,"sigma_minus=(0,4,1,5,2,6,3)",1.0,1.0,0.03788693475930534,0.03788693475930534,0.0,CONSTRUCTED-NORMALIZED-CONGRUENCE-QUOTIENT
51,4,22,S11,11,p23,-1,u3,"sigma_minus=(0,4,1,5,2,6,3)",1.0,1.0,0.9657973093709475,0.9657973093709475,0.0,CONSTRUCTED-NORMALIZED-CONGRUENCE-QUOTIENT
52,4,18,S12,12,p02,-1,u1,"sigma_minus=(0,4,1,5,2,6,3)",1.0,1.0,0.39943727590997463,0.39943727590997463,0.0,CONSTRUCTED-NORMALIZED-CONGRUENCE-QUOTIENT
53,5,7,S2,2,p13,-1,u1,"sigma_minus=(0,4,1,5,2,6,3)",1.0,1.0,0.39943727590997463,0.39943727590997463,0.0,CONSTRUCTED-NORMALIZED-CONGRUENCE-QUOTIENT
54,5,6,S3,3,p01,-1,u3,"sigma_minus=(0,4,1,5,2,6,3)",1.0,1.0,0.9657973093709475,0.9657973093709475,0.0,CONSTRUCTED-NORMALIZED-CONGRUENCE-QUOTIENT
55,5,154,S4,4,p03,-1,u2,"sigma_minus=(0,4,1,5,2,6,3)",1.0,1.0,0.03788693475930534,0.03788693475930534,0.0,CONSTRUCTED-NORMALIZED-CONGRUENCE-QUOTIENT
56,5,82,S5,5,p02,-1,u1,"sigma_minus=(0,4,1,5,2,6,3)",1.0,1.0,0.39943727590997463,0.39943727590997463,0.0,CONSTRUCTED-NORMALIZED-CONGRUENCE-QUOTIENT
57,5,29,S6,6,p01,-1,u3,"sigma_minus=(0,4,1,5,2,6,3)",1.0,1.0,0.9657973093709475,0.9657973093709475,0.0,CONSTRUCTED-NORMALIZED-CONGRUENCE-QUOTIENT
58,5,51,S8,8,p13,-1,u1,"sigma_minus=(0,4,1,5,2,6,3)",1.0,1.0,0.39943727590997463,0.39943727590997463,0.0,CONSTRUCTED-NORMALIZED-CONGRUENCE-QUOTIENT
59,5,116,S9,9,p23,-1,u3,"sigma_minus=(0,4,1,5,2,6,3)",1.0,1.0,0.9657973093709475,0.9657973093709475,0.0,CONSTRUCTED-NORMALIZED-CONGRUENCE-QUOTIENT
60,5,161,S10,10,p03,-1,u2,"sigma_minus=(0,4,1,5,2,6,3)",1.0,1.0,0.03788693475930534,0.03788693475930534,0.0,CONSTRUCTED-NORMALIZED-CONGRUENCE-QUOTIENT
61,5,23,S11,11,p23,-1,u3,"sigma_minus=(0,4,1,5,2,6,3)",1.0,1.0,0.9657973093709475,0.9657973093709475,0.0,CONSTRUCTED-NORMALIZED-CONGRUENCE-QUOTIENT
62,5,19,S12,12,p02,-1,u1,"sigma_minus=(0,4,1,5,2,6,3)",1.0,1.0,0.39943727590997463,0.39943727590997463,0.0,CONSTRUCTED-NORMALIZED-CONGRUENCE-QUOTIENT
63,6,7,S1,1,p12,-1,u2,"sigma_minus=(0,4,1,5,2,6,3)",1.0,1.0,0.03788693475930534,0.03788693475930534,0.0,CONSTRUCTED-NORMALIZED-CONGRUENCE-QUOTIENT
64,6,155,S4,4,p03,-1,u2,"sigma_minus=(0,4,1,5,2,6,3)",1.0,1.0,0.03788693475930534,0.03788693475930534,0.0,CONSTRUCTED-NORMALIZED-CONGRUENCE-QUOTIENT
65,6,83,S5,5,p02,-1,u1,"sigma_minus=(0,4,1,5,2,6,3)",1.0,1.0,0.39943727590997463,0.39943727590997463,0.0,CONSTRUCTED-NORMALIZED-CONGRUENCE-QUOTIENT
66,6,30,S6,6,p01,-1,u3,"sigma_minus=(0,4,1,5,2,6,3)",1.0,1.0,0.9657973093709475,0.9657973093709475,0.0,CONSTRUCTED-NORMALIZED-CONGRUENCE-QUOTIENT
67,6,50,S8,8,p13,-1,u1,"sigma_minus=(0,4,1,5,2,6,3)",1.0,1.0,0.39943727590997463,0.39943727590997463,0.0,CONSTRUCTED-NORMALIZED-CONGRUENCE-QUOTIENT
68,6,119,S9,9,p23,-1,u3,"sigma_minus=(0,4,1,5,2,6,3)",1.0,1.0,0.9657973093709475,0.9657973093709475,0.0,CONSTRUCTED-NORMALIZED-CONGRUENCE-QUOTIENT
69,6,163,S10,10,p03,-1,u2,"sigma_minus=(0,4,1,5,2,6,3)",1.0,1.0,0.03788693475930534,0.03788693475930534,0.0,CONSTRUCTED-NORMALIZED-CONGRUENCE-QUOTIENT
70,6,20,S11,11,p23,-1,u3,"sigma_minus=(0,4,1,5,2,6,3)",1.0,1.0,0.9657973093709475,0.9657973093709475,0.0,CONSTRUCTED-NORMALIZED-CONGRUENCE-QUOTIENT
71,6,17,S12,12,p02,-1,u1,"sigma_minus=(0,4,1,5,2,6,3)",1.0,1.0,0.39943727590997463,0.39943727590997463,0.0,CONSTRUCTED-NORMALIZED-CONGRUENCE-QUOTIENT
72,7,152,S4,4,p03,-1,u2,"sigma_minus=(0,4,1,5,2,6,3)",1.0,1.0,0.03788693475930534,0.03788693475930534,0.0,CONSTRUCTED-NORMALIZED-CONGRUENCE-QUOTIENT
73,7,81,S5,5,p02,-1,u1,"sigma_minus=(0,4,1,5,2,6,3)",1.0,1.0,0.39943727590997463,0.39943727590997463,0.0,CONSTRUCTED-NORMALIZED-CONGRUENCE-QUOTIENT
74,7,28,S6,6,p01,-1,u3,"sigma_minus=(0,4,1,5,2,6,3)",1.0,1.0,0.9657973093709475,0.9657973093709475,0.0,CONSTRUCTED-NORMALIZED-CONGRUENCE-QUOTIENT
75,7,49,S8,8,p13,-1,u1,"sigma_minus=(0,4,1,5,2,6,3)",1.0,1.0,0.39943727590997463,0.39943727590997463,0.0,CONSTRUCTED-NORMALIZED-CONGRUENCE-QUOTIENT
76,7,117,S9,9,p23,-1,u3,"sigma_minus=(0,4,1,5,2,6,3)",1.0,1.0,0.9657973093709475,0.9657973093709475,0.0,CONSTRUCTED-NORMALIZED-CONGRUENCE-QUOTIENT
77,7,160,S10,10,p03,-1,u2,"sigma_minus=(0,4,1,5,2,6,3)",1.0,1.0,0.03788693475930534,0.03788693475930534,0.0,CONSTRUCTED-NORMALIZED-CONGRUENCE-QUOTIENT
78,7,21,S11,11,p23,-1,u3,"sigma_minus=(0,4,1,5,2,6,3)",1.0,1.0,0.9657973093709475,0.9657973093709475,0.0,CONSTRUCTED-NORMALIZED-CONGRUENCE-QUOTIENT
79,7,16,S12,12,p02,-1,u1,"sigma_minus=(0,4,1,5,2,6,3)",1.0,1.0,0.39943727590997463,0.39943727590997463,0.0,CONSTRUCTED-NORMALIZED-CONGRUENCE-QUOTIENT
80,8,12,S1,1,p12,-1,u2,"sigma_minus=(0,4,1,5,2,6,3)",1.0,1.0,0.03788693475930534,0.03788693475930534,0.0,CONSTRUCTED-NORMALIZED-CONGRUENCE-QUOTIENT
81,8,16,S2,2,p13,-1,u1,"sigma_minus=(0,4,1,5,2,6,3)",1.0,1.0,0.39943727590997463,0.39943727590997463,0.0,CONSTRUCTED-NORMALIZED-CONGRUENCE-QUOTIENT
82,8,20,S3,3,p01,-1,u3,"sigma_minus=(0,4,1,5,2,6,3)",1.0,1.0,0.9657973093709475,0.9657973093709475,0.0,CONSTRUCTED-NORMALIZED-CONGRUENCE-QUOTIENT
83,8,150,S4,4,p03,-1,u2,"sigma_minus=(0,4,1,5,2,6,3)",1.0,1.0,0.03788693475930534,0.03788693475930534,0.0,CONSTRUCTED-NORMALIZED-CONGRUENCE-QUOTIENT
84,8,75,S5,5,p02,-1,u1,"sigma_minus=(0,4,1,5,2,6,3)",1.0,1.0,0.39943727590997463,0.39943727590997463,0.0,CONSTRUCTED-NORMALIZED-CONGRUENCE-QUOTIENT
85,8,44,S6,6,p01,-1,u3,"sigma_minus=(0,4,1,5,2,6,3)",1.0,1.0,0.9657973093709475,0.9657973093709475,0.0,CONSTRUCTED-NORMALIZED-CONGRUENCE-QUOTIENT
86,8,9,S7,7,p12,-1,u2,"sigma_minus=(0,4,1,5,2,6,3)",1.0,1.0,0.03788693475930534,0.03788693475930534,0.0,CONSTRUCTED-NORMALIZED-CONGRUENCE-QUOTIENT
87,8,57,S8,8,p13,-1,u1,"sigma_minus=(0,4,1,5,2,6,3)",1.0,1.0,0.39943727590997463,0.39943727590997463,0.0,CONSTRUCTED-NORMALIZED-CONGRUENCE-QUOTIENT
88,8,108,S9,9,p23,-1,u3,"sigma_minus=(0,4,1,5,2,6,3)",1.0,1.0,0.9657973093709475,0.9657973093709475,0.0,CONSTRUCTED-NORMALIZED-CONGRUENCE-QUOTIENT
89,8,157,S10,10,p03,-1,u2,"sigma_minus=(0,4,1,5,2,6,3)",1.0,1.0,0.03788693475930534,0.03788693475930534,0.0,CONSTRUCTED-NORMALIZED-CONGRUENCE-QUOTIENT
90,8,10,S11,11,p23,-1,u3,"sigma_minus=(0,4,1,5,2,6,3)",1.0,1.0,0.9657973093709475,0.9657973093709475,0.0,CONSTRUCTED-NORMALIZED-CONGRUENCE-QUOTIENT
91,8,11,S12,12,p02,-1,u1,"sigma_minus=(0,4,1,5,2,6,3)",1.0,1.0,0.39943727590997463,0.39943727590997463,0.0,CONSTRUCTED-NORMALIZED-CONGRUENCE-QUOTIENT
92,9,13,S1,1,p12,-1,u2,"sigma_minus=(0,4,1,5,2,6,3)",1.0,1.0,0.03788693475930534,0.03788693475930534,0.0,CONSTRUCTED-NORMALIZED-CONGRUENCE-QUOTIENT
93,9,17,S2,2,p13,-1,u1,"sigma_minus=(0,4,1,5,2,6,3)",1.0,1.0,0.39943727590997463,0.39943727590997463,0.0,CONSTRUCTED-NORMALIZED-CONGRUENCE-QUOTIENT
94,9,21,S3,3,p01,-1,u3,"sigma_minus=(0,4,1,5,2,6,3)",1.0,1.0,0.9657973093709475,0.9657973093709475,0.0,CONSTRUCTED-NORMALIZED-CONGRUENCE-QUOTIENT
95,9,149,S4,4,p03,-1,u2,"sigma_minus=(0,4,1,5,2,6,3)",1.0,1.0,0.03788693475930534,0.03788693475930534,0.0,CONSTRUCTED-NORMALIZED-CONGRUENCE-QUOTIENT
96,9,73,S5,5,p02,-1,u1,"sigma_minus=(0,4,1,5,2,6,3)",1.0,1.0,0.39943727590997463,0.39943727590997463,0.0,CONSTRUCTED-NORMALIZED-CONGRUENCE-QUOTIENT
97,9,45,S6,6,p01,-1,u3,"sigma_minus=(0,4,1,5,2,6,3)",1.0,1.0,0.9657973093709475,0.9657973093709475,0.0,CONSTRUCTED-NORMALIZED-CONGRUENCE-QUOTIENT
98,9,56,S8,8,p13,-1,u1,"sigma_minus=(0,4,1,5,2,6,3)",1.0,1.0,0.39943727590997463,0.39943727590997463,0.0,CONSTRUCTED-NORMALIZED-CONGRUENCE-QUOTIENT
99,9,111,S9,9,p23,-1,u3,"sigma_minus=(0,4,1,5,2,6,3)",1.0,1.0,0.9657973093709475,0.9657973093709475,0.0,CONSTRUCTED-NORMALIZED-CONGRUENCE-QUOTIENT
100,9,158,S10,10,p03,-1,u2,"sigma_minus=(0,4,1,5,2,6,3)",1.0,1.0,0.03788693475930534,0.03788693475930534,0.0,CONSTRUCTED-NORMALIZED-CONGRUENCE-QUOTIENT
101,9,11,S11,11,p23,-1,u3,"sigma_minus=(0,4,1,5,2,6,3)",1.0,1.0,0.9657973093709475,0.9657973093709475,0.0,CONSTRUCTED-NORMALIZED-CONGRUENCE-QUOTIENT
102,9,10,S12,12,p02,-1,u1,"sigma_minus=(0,4,1,5,2,6,3)",1.0,1.0,0.39943727590997463,0.39943727590997463,0.0,CONSTRUCTED-NORMALIZED-CONGRUENCE-QUOTIENT
103,10,15,S1,1,p12,-1,u2,"sigma_minus=(0,4,1,5,2,6,3)",1.0,1.0,0.03788693475930534,0.03788693475930534,0.0,CONSTRUCTED-NORMALIZED-CONGRUENCE-QUOTIENT
104,10,18,S2,2,p13,-1,u1,"sigma_minus=(0,4,1,5,2,6,3)",1.0,1.0,0.39943727590997463,0.39943727590997463,0.0,CONSTRUCTED-NORMALIZED-CONGRUENCE-QUOTIENT
105,10,23,S3,3,p01,-1,u3,"sigma_minus=(0,4,1,5,2,6,3)",1.0,1.0,0.9657973093709475,0.9657973093709475,0.0,CONSTRUCTED-NORMALIZED-CONGRUENCE-QUOTIENT
106,10,151,S4,4,p03,-1,u2,"sigma_minus=(0,4,1,5,2,6,3)",1.0,1.0,0.03788693475930534,0.03788693475930534,0.0,CONSTRUCTED-NORMALIZED-CONGRUENCE-QUOTIENT
107,10,74,S5,5,p02,-1,u1,"sigma_minus=(0,4,1,5,2,6,3)",1.0,1.0,0.39943727590997463,0.39943727590997463,0.0,CONSTRUCTED-NORMALIZED-CONGRUENCE-QUOTIENT
108,10,47,S6,6,p01,-1,u3,"sigma_minus=(0,4,1,5,2,6,3)",1.0,1.0,0.9657973093709475,0.9657973093709475,0.0,CONSTRUCTED-NORMALIZED-CONGRUENCE-QUOTIENT
109,10,11,S7,7,p12,-1,u2,"sigma_minus=(0,4,1,5,2,6,3)",1.0,1.0,0.03788693475930534,0.03788693475930534,0.0,CONSTRUCTED-NORMALIZED-CONGRUENCE-QUOTIENT
110,10,59,S8,8,p13,-1,u1,"sigma_minus=(0,4,1,5,2,6,3)",1.0,1.0,0.39943727590997463,0.39943727590997463,0.0,CONSTRUCTED-NORMALIZED-CONGRUENCE-QUOTIENT
111,10,110,S9,9,p23,-1,u3,"sigma_minus=(0,4,1,5,2,6,3)",1.0,1.0,0.9657973093709475,0.9657973093709475,0.0,CONSTRUCTED-NORMALIZED-CONGRUENCE-QUOTIENT
112,10,159,S10,10,p03,-1,u2,"sigma_minus=(0,4,1,5,2,6,3)",1.0,1.0,0.03788693475930534,0.03788693475930534,0.0,CONSTRUCTED-NORMALIZED-CONGRUENCE-QUOTIENT
113,11,14,S1,1,p12,-1,u2,"sigma_minus=(0,4,1,5,2,6,3)",1.0,1.0,0.03788693475930534,0.03788693475930534,0.0,CONSTRUCTED-NORMALIZED-CONGRUENCE-QUOTIENT
114,11,19,S2,2,p13,-1,u1,"sigma_minus=(0,4,1,5,2,6,3)",1.0,1.0,0.39943727590997463,0.39943727590997463,0.0,CONSTRUCTED-NORMALIZED-CONGRUENCE-QUOTIENT
115,11,22,S3,3,p01,-1,u3,"sigma_minus=(0,4,1,5,2,6,3)",1.0,1.0,0.9657973093709475,0.9657973093709475,0.0,CONSTRUCTED-NORMALIZED-CONGRUENCE-QUOTIENT
116,11,148,S4,4,p03,-1,u2,"sigma_minus=(0,4,1,5,2,6,3)",1.0,1.0,0.03788693475930534,0.03788693475930534,0.0,CONSTRUCTED-NORMALIZED-CONGRUENCE-QUOTIENT
117,11,72,S5,5,p02,-1,u1,"sigma_minus=(0,4,1,5,2,6,3)",1.0,1.0,0.39943727590997463,0.39943727590997463,0.0,CONSTRUCTED-NORMALIZED-CONGRUENCE-QUOTIENT
118,11,46,S6,6,p01,-1,u3,"sigma_minus=(0,4,1,5,2,6,3)",1.0,1.0,0.9657973093709475,0.9657973093709475,0.0,CONSTRUCTED-NORMALIZED-CONGRUENCE-QUOTIENT
119,11,58,S8,8,p13,-1,u1,"sigma_minus=(0,4,1,5,2,6,3)",1.0,1.0,0.39943727590997463,0.39943727590997463,0.0,CONSTRUCTED-NORMALIZED-CONGRUENCE-QUOTIENT
120,11,109,S9,9,p23,-1,u3,"sigma_minus=(0,4,1,5,2,6,3)",1.0,1.0,0.9657973093709475,0.9657973093709475,0.0,CONSTRUCTED-NORMALIZED-CONGRUENCE-QUOTIENT
121,11,156,S10,10,p03,-1,u2,"sigma_minus=(0,4,1,5,2,6,3)",1.0,1.0,0.03788693475930534,0.03788693475930534,0.0,CONSTRUCTED-NORMALIZED-CONGRUENCE-QUOTIENT
122,12,20,S2,2,p13,-1,u1,"sigma_minus=(0,4,1,5,2,6,3)",1.0,1.0,0.39943727590997463,0.39943727590997463,0.0,CONSTRUCTED-NORMALIZED-CONGRUENCE-QUOTIENT
123,12,16,S3,3,p01,-1,u3,"sigma_minus=(0,4,1,5,2,6,3)",1.0,1.0,0.9657973093709475,0.9657973093709475,0.0,CONSTRUCTED-NORMALIZED-CONGRUENCE-QUOTIENT
124,12,162,S4,4,p03,-1,u2,"sigma_minus=(0,4,1,5,2,6,3)",1.0,1.0,0.03788693475930534,0.03788693475930534,0.0,CONSTRUCTED-NORMALIZED-CONGRUENCE-QUOTIENT
125,12,87,S5,5,p02,-1,u1,"sigma_minus=(0,4,1,5,2,6,3)",1.0,1.0,0.39943727590997463,0.39943727590997463,0.0,CONSTRUCTED-NORMALIZED-CONGRUENCE-QUOTIENT
126,12,36,S6,6,p01,-1,u3,"sigma_minus=(0,4,1,5,2,6,3)",1.0,1.0,0.9657973093709475,0.9657973093709475,0.0,CONSTRUCTED-NORMALIZED-CONGRUENCE-QUOTIENT
127,12,13,S7,7,p12,-1,u2,"sigma_minus=(0,4,1,5,2,6,3)",1.0,1.0,0.03788693475930534,0.03788693475930534,0.0,CONSTRUCTED-NORMALIZED-CONGRUENCE-QUOTIENT
128,12,69,S8,8,p13,-1,u1,"sigma_minus=(0,4,1,5,2,6,3)",1.0,1.0,0.39943727590997463,0.39943727590997463,0.0,CONSTRUCTED-NORMALIZED-CONGRUENCE-QUOTIENT
129,12,96,S9,9,p23,-1,u3,"sigma_minus=(0,4,1,5,2,6,3)",1.0,1.0,0.9657973093709475,0.9657973093709475,0.0,CONSTRUCTED-NORMALIZED-CONGRUENCE-QUOTIENT
130,12,153,S10,10,p03,-1,u2,"sigma_minus=(0,4,1,5,2,6,3)",1.0,1.0,0.03788693475930534,0.03788693475930534,0.0,CONSTRUCTED-NORMALIZED-CONGRUENCE-QUOTIENT
131,12,14,S11,11,p23,-1,u3,"sigma_minus=(0,4,1,5,2,6,3)",1.0,1.0,0.9657973093709475,0.9657973093709475,0.0,CONSTRUCTED-NORMALIZED-CONGRUENCE-QUOTIENT
132,12,15,S12,12,p02,-1,u1,"sigma_minus=(0,4,1,5,2,6,3)",1.0,1.0,0.39943727590997463,0.39943727590997463,0.0,CONSTRUCTED-NORMALIZED-CONGRUENCE-QUOTIENT
133,13,21,S2,2,p13,-1,u1,"sigma_minus=(0,4,1,5,2,6,3)",1.0,1.0,0.39943727590997463,0.39943727590997463,0.0,CONSTRUCTED-NORMALIZED-CONGRUENCE-QUOTIENT
134,13,17,S3,3,p01,-1,u3,"sigma_minus=(0,4,1,5,2,6,3)",1.0,1.0,0.9657973093709475,0.9657973093709475,0.0,CONSTRUCTED-NORMALIZED-CONGRUENCE-QUOTIENT
135,13,161,S4,4,p03,-1,u2,"sigma_minus=(0,4,1,5,2,6,3)",1.0,1.0,0.03788693475930534,0.03788693475930534,0.0,CONSTRUCTED-NORMALIZED-CONGRUENCE-QUOTIENT
136,13,85,S5,5,p02,-1,u1,"sigma_minus=(0,4,1,5,2,6,3)",1.0,1.0,0.39943727590997463,0.39943727590997463,0.0,CONSTRUCTED-NORMALIZED-CONGRUENCE-QUOTIENT
137,13,37,S6,6,p01,-1,u3,"sigma_minus=(0,4,1,5,2,6,3)",1.0,1.0,0.9657973093709475,0.9657973093709475,0.0,CONSTRUCTED-NORMALIZED-CONGRUENCE-QUOTIENT
138,13,68,S8,8,p13,-1,u1,"sigma_minus=(0,4,1,5,2,6,3)",1.0,1.0,0.39943727590997463,0.39943727590997463,0.0,CONSTRUCTED-NORMALIZED-CONGRUENCE-QUOTIENT
139,13,99,S9,9,p23,-1,u3,"sigma_minus=(0,4,1,5,2,6,3)",1.0,1.0,0.9657973093709475,0.9657973093709475,0.0,CONSTRUCTED-NORMALIZED-CONGRUENCE-QUOTIENT
140,13,154,S10,10,p03,-1,u2,"sigma_minus=(0,4,1,5,2,6,3)",1.0,1.0,0.03788693475930534,0.03788693475930534,0.0,CONSTRUCTED-NORMALIZED-CONGRUENCE-QUOTIENT
141,13,15,S11,11,p23,-1,u3,"sigma_minus=(0,4,1,5,2,6,3)",1.0,1.0,0.9657973093709475,0.9657973093709475,0.0,CONSTRUCTED-NORMALIZED-CONGRUENCE-QUOTIENT
142,13,14,S12,12,p02,-1,u1,"sigma_minus=(0,4,1,5,2,6,3)",1.0,1.0,0.39943727590997463,0.39943727590997463,0.0,CONSTRUCTED-NORMALIZED-CONGRUENCE-QUOTIENT
143,14,22,S2,2,p13,-1,u1,"sigma_minus=(0,4,1,5,2,6,3)",1.0,1.0,0.39943727590997463,0.39943727590997463,0.0,CONSTRUCTED-NORMALIZED-CONGRUENCE-QUOTIENT
144,14,19,S3,3,p01,-1,u3,"sigma_minus=(0,4,1,5,2,6,3)",1.0,1.0,0.9657973093709475,0.9657973093709475,0.0,CONSTRUCTED-NORMALIZED-CONGRUENCE-QUOTIENT
145,14,163,S4,4,p03,-1,u2,"sigma_minus=(0,4,1,5,2,6,3)",1.0,1.0,0.03788693475930534,0.03788693475930534,0.0,CONSTRUCTED-NORMALIZED-CONGRUENCE-QUOTIENT
146,14,86,S5,5,p02,-1,u1,"sigma_minus=(0,4,1,5,2,6,3)",1.0,1.0,0.39943727590997463,0.39943727590997463,0.0,CONSTRUCTED-NORMALIZED-CONGRUENCE-QUOTIENT
147,14,39,S6,6,p01,-1,u3,"sigma_minus=(0,4,1,5,2,6,3)",1.0,1.0,0.9657973093709475,0.9657973093709475,0.0,CONSTRUCTED-NORMALIZED-CONGRUENCE-QUOTIENT
148,14,15,S7,7,p12,-1,u2,"sigma_minus=(0,4,1,5,2,6,3)",1.0,1.0,0.03788693475930534,0.03788693475930534,0.0,CONSTRUCTED-NORMALIZED-CONGRUENCE-QUOTIENT
149,14,71,S8,8,p13,-1,u1,"sigma_minus=(0,4,1,5,2,6,3)",1.0,1.0,0.39943727590997463,0.39943727590997463,0.0,CONSTRUCTED-NORMALIZED-CONGRUENCE-QUOTIENT
150,14,98,S9,9,p23,-1,u3,"sigma_minus=(0,4,1,5,2,6,3)",1.0,1.0,0.9657973093709475,0.9657973093709475,0.0,CONSTRUCTED-NORMALIZED-CONGRUENCE-QUOTIENT
151,14,155,S10,10,p03,-1,u2,"sigma_minus=(0,4,1,5,2,6,3)",1.0,1.0,0.03788693475930534,0.03788693475930534,0.0,CONSTRUCTED-NORMALIZED-CONGRUENCE-QUOTIENT
152,15,23,S2,2,p13,-1,u1,"sigma_minus=(0,4,1,5,2,6,3)",1.0,1.0,0.39943727590997463,0.39943727590997463,0.0,CONSTRUCTED-NORMALIZED-CONGRUENCE-QUOTIENT
153,15,18,S3,3,p01,-1,u3,"sigma_minus=(0,4,1,5,2,6,3)",1.0,1.0,0.9657973093709475,0.9657973093709475,0.0,CONSTRUCTED-NORMALIZED-CONGRUENCE-QUOTIENT
154,15,160,S4,4,p03,-1,u2,"sigma_minus=(0,4,1,5,2,6,3)",1.0,1.0,0.03788693475930534,0.03788693475930534,0.0,CONSTRUCTED-NORMALIZED-CONGRUENCE-QUOTIENT
155,15,84,S5,5,p02,-1,u1,"sigma_minus=(0,4,1,5,2,6,3)",1.0,1.0,0.39943727590997463,0.39943727590997463,0.0,CONSTRUCTED-NORMALIZED-CONGRUENCE-QUOTIENT
156,15,38,S6,6,p01,-1,u3,"sigma_minus=(0,4,1,5,2,6,3)",1.0,1.0,0.9657973093709475,0.9657973093709475,0.0,CONSTRUCTED-NORMALIZED-CONGRUENCE-QUOTIENT
157,15,70,S8,8,p13,-1,u1,"sigma_minus=(0,4,1,5,2,6,3)",1.0,1.0,0.39943727590997463,0.39943727590997463,0.0,CONSTRUCTED-NORMALIZED-CONGRUENCE-QUOTIENT
158,15,97,S9,9,p23,-1,u3,"sigma_minus=(0,4,1,5,2,6,3)",1.0,1.0,0.9657973093709475,0.9657973093709475,0.0,CONSTRUCTED-NORMALIZED-CONGRUENCE-QUOTIENT
159,15,152,S10,10,p03,-1,u2,"sigma_minus=(0,4,1,5,2,6,3)",1.0,1.0,0.03788693475930534,0.03788693475930534,0.0,CONSTRUCTED-NORMALIZED-CONGRUENCE-QUOTIENT
160,16,20,S1,1,p12,-1,u2,"sigma_minus=(0,4,1,5,2,6,3)",1.0,1.0,0.03788693475930534,0.03788693475930534,0.0,CONSTRUCTED-NORMALIZED-CONGRUENCE-QUOTIENT
161,16,166,S4,4,p03,-1,u2,"sigma_minus=(0,4,1,5,2,6,3)",1.0,1.0,0.03788693475930534,0.03788693475930534,0.0,CONSTRUCTED-NORMALIZED-CONGRUENCE-QUOTIENT
162,16,91,S5,5,p02,-1,u1,"sigma_minus=(0,4,1,5,2,6,3)",1.0,1.0,0.39943727590997463,0.39943727590997463,0.0,CONSTRUCTED-NORMALIZED-CONGRUENCE-QUOTIENT
163,16,40,S6,6,p01,-1,u3,"sigma_minus=(0,4,1,5,2,6,3)",1.0,1.0,0.9657973093709475,0.9657973093709475,0.0,CONSTRUCTED-NORMALIZED-CONGRUENCE-QUOTIENT
164,16,21,S7,7,p12,-1,u2,"sigma_minus=(0,4,1,5,2,6,3)",1.0,1.0,0.03788693475930534,0.03788693475930534,0.0,CONSTRUCTED-NORMALIZED-CONGRUENCE-QUOTIENT
165,16,65,S8,8,p13,-1,u1,"sigma_minus=(0,4,1,5,2,6,3)",1.0,1.0,0.39943727590997463,0.39943727590997463,0.0,CONSTRUCTED-NORMALIZED-CONGRUENCE-QUOTIENT
166,16,113,S9,9,p23,-1,u3,"sigma_minus=(0,4,1,5,2,6,3)",1.0,1.0,0.9657973093709475,0.9657973093709475,0.0,CONSTRUCTED-NORMALIZED-CONGRUENCE-QUOTIENT
167,16,164,S10,10,p03,-1,u2,"sigma_minus=(0,4,1,5,2,6,3)",1.0,1.0,0.03788693475930534,0.03788693475930534,0.0,CONSTRUCTED-NORMALIZED-CONGRUENCE-QUOTIENT
168,17,21,S1,1,p12,-1,u2,"sigma_minus=(0,4,1,5,2,6,3)",1.0,1.0,0.03788693475930534,0.03788693475930534,0.0,CONSTRUCTED-NORMALIZED-CONGRUENCE-QUOTIENT
169,17,165,S4,4,p03,-1,u2,"sigma_minus=(0,4,1,5,2,6,3)",1.0,1.0,0.03788693475930534,0.03788693475930534,0.0,CONSTRUCTED-NORMALIZED-CONGRUENCE-QUOTIENT
170,17,89,S5,5,p02,-1,u1,"sigma_minus=(0,4,1,5,2,6,3)",1.0,1.0,0.39943727590997463,0.39943727590997463,0.0,CONSTRUCTED-NORMALIZED-CONGRUENCE-QUOTIENT
171,17,41,S6,6,p01,-1,u3,"sigma_minus=(0,4,1,5,2,6,3)",1.0,1.0,0.9657973093709475,0.9657973093709475,0.0,CONSTRUCTED-NORMALIZED-CONGRUENCE-QUOTIENT
172,17,20,S7,7,p12,-1,u2,"sigma_minus=(0,4,1,5,2,6,3)",1.0,1.0,0.03788693475930534,0.03788693475930534,0.0,CONSTRUCTED-NORMALIZED-CONGRUENCE-QUOTIENT
173,17,64,S8,8,p13,-1,u1,"sigma_minus=(0,4,1,5,2,6,3)",1.0,1.0,0.39943727590997463,0.39943727590997463,0.0,CONSTRUCTED-NORMALIZED-CONGRUENCE-QUOTIENT
174,17,115,S9,9,p23,-1,u3,"sigma_minus=(0,4,1,5,2,6,3)",1.0,1.0,0.9657973093709475,0.9657973093709475,0.0,CONSTRUCTED-NORMALIZED-CONGRUENCE-QUOTIENT
175,17,167,S10,10,p03,-1,u2,"sigma_minus=(0,4,1,5,2,6,3)",1.0,1.0,0.03788693475930534,0.03788693475930534,0.0,CONSTRUCTED-NORMALIZED-CONGRUENCE-QUOTIENT
176,18,23,S1,1,p12,-1,u2,"sigma_minus=(0,4,1,5,2,6,3)",1.0,1.0,0.03788693475930534,0.03788693475930534,0.0,CONSTRUCTED-NORMALIZED-CONGRUENCE-QUOTIENT
177,18,164,S4,4,p03,-1,u2,"sigma_minus=(0,4,1,5,2,6,3)",1.0,1.0,0.03788693475930534,0.03788693475930534,0.0,CONSTRUCTED-NORMALIZED-CONGRUENCE-QUOTIENT
178,18,88,S5,5,p02,-1,u1,"sigma_minus=(0,4,1,5,2,6,3)",1.0,1.0,0.39943727590997463,0.39943727590997463,0.0,CONSTRUCTED-NORMALIZED-CONGRUENCE-QUOTIENT
179,18,43,S6,6,p01,-1,u3,"sigma_minus=(0,4,1,5,2,6,3)",1.0,1.0,0.9657973093709475,0.9657973093709475,0.0,CONSTRUCTED-NORMALIZED-CONGRUENCE-QUOTIENT
180,18,22,S7,7,p12,-1,u2,"sigma_minus=(0,4,1,5,2,6,3)",1.0,1.0,0.03788693475930534,0.03788693475930534,0.0,CONSTRUCTED-NORMALIZED-CONGRUENCE-QUOTIENT
181,18,66,S8,8,p13,-1,u1,"sigma_minus=(0,4,1,5,2,6,3)",1.0,1.0,0.39943727590997463,0.39943727590997463,0.0,CONSTRUCTED-NORMALIZED-CONGRUENCE-QUOTIENT
182,18,114,S9,9,p23,-1,u3,"sigma_minus=(0,4,1,5,2,6,3)",1.0,1.0,0.9657973093709475,0.9657973093709475,0.0,CONSTRUCTED-NORMALIZED-CONGRUENCE-QUOTIENT
183,18,166,S10,10,p03,-1,u2,"sigma_minus=(0,4,1,5,2,6,3)",1.0,1.0,0.03788693475930534,0.03788693475930534,0.0,CONSTRUCTED-NORMALIZED-CONGRUENCE-QUOTIENT
184,19,22,S1,1,p12,-1,u2,"sigma_minus=(0,4,1,5,2,6,3)",1.0,1.0,0.03788693475930534,0.03788693475930534,0.0,CONSTRUCTED-NORMALIZED-CONGRUENCE-QUOTIENT
185,19,167,S4,4,p03,-1,u2,"sigma_minus=(0,4,1,5,2,6,3)",1.0,1.0,0.03788693475930534,0.03788693475930534,0.0,CONSTRUCTED-NORMALIZED-CONGRUENCE-QUOTIENT
186,19,90,S5,5,p02,-1,u1,"sigma_minus=(0,4,1,5,2,6,3)",1.0,1.0,0.39943727590997463,0.39943727590997463,0.0,CONSTRUCTED-NORMALIZED-CONGRUENCE-QUOTIENT
187,19,42,S6,6,p01,-1,u3,"sigma_minus=(0,4,1,5,2,6,3)",1.0,1.0,0.9657973093709475,0.9657973093709475,0.0,CONSTRUCTED-NORMALIZED-CONGRUENCE-QUOTIENT
188,19,23,S7,7,p12,-1,u2,"sigma_minus=(0,4,1,5,2,6,3)",1.0,1.0,0.03788693475930534,0.03788693475930534,0.0,CONSTRUCTED-NORMALIZED-CONGRUENCE-QUOTIENT
189,19,67,S8,8,p13,-1,u1,"sigma_minus=(0,4,1,5,2,6,3)",1.0,1.0,0.39943727590997463,0.39943727590997463,0.0,CONSTRUCTED-NORMALIZED-CONGRUENCE-QUOTIENT
190,19,112,S9,9,p23,-1,u3,"sigma_minus=(0,4,1,5,2,6,3)",1.0,1.0,0.9657973093709475,0.9657973093709475,0.0,CONSTRUCTED-NORMALIZED-CONGRUENCE-QUOTIENT
191,19,165,S10,10,p03,-1,u2,"sigma_minus=(0,4,1,5,2,6,3)",1.0,1.0,0.03788693475930534,0.03788693475930534,0.0,CONSTRUCTED-NORMALIZED-CONGRUENCE-QUOTIENT
192,20,146,S4,4,p03,-1,u2,"sigma_minus=(0,4,1,5,2,6,3)",1.0,1.0,0.03788693475930534,0.03788693475930534,0.0,CONSTRUCTED-NORMALIZED-CONGRUENCE-QUOTIENT
193,20,79,S5,5,p02,-1,u1,"sigma_minus=(0,4,1,5,2,6,3)",1.0,1.0,0.39943727590997463,0.39943727590997463,0.0,CONSTRUCTED-NORMALIZED-CONGRUENCE-QUOTIENT
194,20,32,S6,6,p01,-1,u3,"sigma_minus=(0,4,1,5,2,6,3)",1.0,1.0,0.9657973093709475,0.9657973093709475,0.0,CONSTRUCTED-NORMALIZED-CONGRUENCE-QUOTIENT
195,20,61,S8,8,p13,-1,u1,"sigma_minus=(0,4,1,5,2,6,3)",1.0,1.0,0.39943727590997463,0.39943727590997463,0.0,CONSTRUCTED-NORMALIZED-CONGRUENCE-QUOTIENT
196,20,105,S9,9,p23,-1,u3,"sigma_minus=(0,4,1,5,2,6,3)",1.0,1.0,0.9657973093709475,0.9657973093709475,0.0,CONSTRUCTED-NORMALIZED-CONGRUENCE-QUOTIENT
197,20,144,S10,10,p03,-1,u2,"sigma_minus=(0,4,1,5,2,6,3)",1.0,1.0,0.03788693475930534,0.03788693475930534,0.0,CONSTRUCTED-NORMALIZED-CONGRUENCE-QUOTIENT
198,21,145,S4,4,p03,-1,u2,"sigma_minus=(0,4,1,5,2,6,3)",1.0,1.0,0.03788693475930534,0.03788693475930534,0.0,CONSTRUCTED-NORMALIZED-CONGRUENCE-QUOTIENT
199,21,77,S5,5,p02,-1,u1,"sigma_minus=(0,4,1,5,2,6,3)",1.0,1.0,0.39943727590997463,0.39943727590997463,0.0,CONSTRUCTED-NORMALIZED-CONGRUENCE-QUOTIENT
200,21,33,S6,6,p01,-1,u3,"sigma_minus=(0,4,1,5,2,6,3)",1.0,1.0,0.9657973093709475,0.9657973093709475,0.0,CONSTRUCTED-NORMALIZED-CONGRUENCE-QUOTIENT
201,21,60,S8,8,p13,-1,u1,"sigma_minus=(0,4,1,5,2,6,3)",1.0,1.0,0.39943727590997463,0.39943727590997463,0.0,CONSTRUCTED-NORMALIZED-CONGRUENCE-QUOTIENT
202,21,107,S9,9,p23,-1,u3,"sigma_minus=(0,4,1,5,2,6,3)",1.0,1.0,0.9657973093709475,0.9657973093709475,0.0,CONSTRUCTED-NORMALIZED-CONGRUENCE-QUOTIENT
203,21,147,S10,10,p03,-1,u2,"sigma_minus=(0,4,1,5,2,6,3)",1.0,1.0,0.03788693475930534,0.03788693475930534,0.0,CONSTRUCTED-NORMALIZED-CONGRUENCE-QUOTIENT
204,22,144,S4,4,p03,-1,u2,"sigma_minus=(0,4,1,5,2,6,3)",1.0,1.0,0.03788693475930534,0.03788693475930534,0.0,CONSTRUCTED-NORMALIZED-CONGRUENCE-QUOTIENT
205,22,76,S5,5,p02,-1,u1,"sigma_minus=(0,4,1,5,2,6,3)",1.0,1.0,0.39943727590997463,0.39943727590997463,0.0,CONSTRUCTED-NORMALIZED-CONGRUENCE-QUOTIENT
206,22,35,S6,6,p01,-1,u3,"sigma_minus=(0,4,1,5,2,6,3)",1.0,1.0,0.9657973093709475,0.9657973093709475,0.0,CONSTRUCTED-NORMALIZED-CONGRUENCE-QUOTIENT
207,22,62,S8,8,p13,-1,u1,"sigma_minus=(0,4,1,5,2,6,3)",1.0,1.0,0.39943727590997463,0.39943727590997463,0.0,CONSTRUCTED-NORMALIZED-CONGRUENCE-QUOTIENT
208,22,106,S9,9,p23,-1,u3,"sigma_minus=(0,4,1,5,2,6,3)",1.0,1.0,0.9657973093709475,0.9657973093709475,0.0,CONSTRUCTED-NORMALIZED-CONGRUENCE-QUOTIENT
209,22,146,S10,10,p03,-1,u2,"sigma_minus=(0,4,1,5,2,6,3)",1.0,1.0,0.03788693475930534,0.03788693475930534,0.0,CONSTRUCTED-NORMALIZED-CONGRUENCE-QUOTIENT
210,23,147,S4,4,p03,-1,u2,"sigma_minus=(0,4,1,5,2,6,3)",1.0,1.0,0.03788693475930534,0.03788693475930534,0.0,CONSTRUCTED-NORMALIZED-CONGRUENCE-QUOTIENT
211,23,78,S5,5,p02,-1,u1,"sigma_minus=(0,4,1,5,2,6,3)",1.0,1.0,0.39943727590997463,0.39943727590997463,0.0,CONSTRUCTED-NORMALIZED-CONGRUENCE-QUOTIENT
212,23,34,S6,6,p01,-1,u3,"sigma_minus=(0,4,1,5,2,6,3)",1.0,1.0,0.9657973093709475,0.9657973093709475,0.0,CONSTRUCTED-NORMALIZED-CONGRUENCE-QUOTIENT
213,23,63,S8,8,p13,-1,u1,"sigma_minus=(0,4,1,5,2,6,3)",1.0,1.0,0.39943727590997463,0.39943727590997463,0.0,CONSTRUCTED-NORMALIZED-CONGRUENCE-QUOTIENT
214,23,104,S9,9,p23,-1,u3,"sigma_minus=(0,4,1,5,2,6,3)",1.0,1.0,0.9657973093709475,0.9657973093709475,0.0,CONSTRUCTED-NORMALIZED-CONGRUENCE-QUOTIENT
215,23,145,S10,10,p03,-1,u2,"sigma_minus=(0,4,1,5,2,6,3)",1.0,1.0,0.03788693475930534,0.03788693475930534,0.0,CONSTRUCTED-NORMALIZED-CONGRUENCE-QUOTIENT
216,24,25,S1,1,p12,-1,u2,"sigma_minus=(0,4,1,5,2,6,3)",1.0,1.0,0.03788693475930534,0.03788693475930534,0.0,CONSTRUCTED-NORMALIZED-CONGRUENCE-QUOTIENT
217,24,26,S2,2,p13,-1,u1,"sigma_minus=(0,4,1,5,2,6,3)",1.0,1.0,0.39943727590997463,0.39943727590997463,0.0,CONSTRUCTED-NORMALIZED-CONGRUENCE-QUOTIENT
218,24,27,S3,3,p01,-1,u3,"sigma_minus=(0,4,1,5,2,6,3)",1.0,1.0,0.9657973093709475,0.9657973093709475,0.0,CONSTRUCTED-NORMALIZED-CONGRUENCE-QUOTIENT
219,24,93,S4,4,p03,-1,u2,"sigma_minus=(0,4,1,5,2,6,3)",1.0,1.0,0.03788693475930534,0.03788693475930534,0.0,CONSTRUCTED-NORMALIZED-CONGRUENCE-QUOTIENT
220,24,156,S5,5,p02,-1,u1,"sigma_minus=(0,4,1,5,2,6,3)",1.0,1.0,0.39943727590997463,0.39943727590997463,0.0,CONSTRUCTED-NORMALIZED-CONGRUENCE-QUOTIENT
221,24,48,S7,7,p12,-1,u2,"sigma_minus=(0,4,1,5,2,6,3)",1.0,1.0,0.03788693475930534,0.03788693475930534,0.0,CONSTRUCTED-NORMALIZED-CONGRUENCE-QUOTIENT
222,24,28,S8,8,p13,-1,u1,"sigma_minus=(0,4,1,5,2,6,3)",1.0,1.0,0.39943727590997463,0.39943727590997463,0.0,CONSTRUCTED-NORMALIZED-CONGRUENCE-QUOTIENT
223,24,38,S9,9,p23,-1,u3,"sigma_minus=(0,4,1,5,2,6,3)",1.0,1.0,0.9657973093709475,0.9657973093709475,0.0,CONSTRUCTED-NORMALIZED-CONGRUENCE-QUOTIENT
224,24,46,S10,10,p03,-1,u2,"sigma_minus=(0,4,1,5,2,6,3)",1.0,1.0,0.03788693475930534,0.03788693475930534,0.0,CONSTRUCTED-NORMALIZED-CONGRUENCE-QUOTIENT
225,24,122,S11,11,p23,-1,u3,"sigma_minus=(0,4,1,5,2,6,3)",1.0,1.0,0.9657973093709475,0.9657973093709475,0.0,CONSTRUCTED-NORMALIZED-CONGRUENCE-QUOTIENT
226,24,146,S12,12,p02,-1,u1,"sigma_minus=(0,4,1,5,2,6,3)",1.0,1.0,0.39943727590997463,0.39943727590997463,0.0,CONSTRUCTED-NORMALIZED-CONGRUENCE-QUOTIENT
227,25,27,S2,2,p13,-1,u1,"sigma_minus=(0,4,1,5,2,6,3)",1.0,1.0,0.39943727590997463,0.39943727590997463,0.0,CONSTRUCTED-NORMALIZED-CONGRUENCE-QUOTIENT
228,25,26,S3,3,p01,-1,u3,"sigma_minus=(0,4,1,5,2,6,3)",1.0,1.0,0.9657973093709475,0.9657973093709475,0.0,CONSTRUCTED-NORMALIZED-CONGRUENCE-QUOTIENT
229,25,94,S4,4,p03,-1,u2,"sigma_minus=(0,4,1,5,2,6,3)",1.0,1.0,0.03788693475930534,0.03788693475930534,0.0,CONSTRUCTED-NORMALIZED-CONGRUENCE-QUOTIENT
230,25,158,S5,5,p02,-1,u1,"sigma_minus=(0,4,1,5,2,6,3)",1.0,1.0,0.39943727590997463,0.39943727590997463,0.0,CONSTRUCTED-NORMALIZED-CONGRUENCE-QUOTIENT
231,25,49,S7,7,p12,-1,u2,"sigma_minus=(0,4,1,5,2,6,3)",1.0,1.0,0.03788693475930534,0.03788693475930534,0.0,CONSTRUCTED-NORMALIZED-CONGRUENCE-QUOTIENT
232,25,31,S8,8,p13,-1,u1,"sigma_minus=(0,4,1,5,2,6,3)",1.0,1.0,0.39943727590997463,0.39943727590997463,0.0,CONSTRUCTED-NORMALIZED-CONGRUENCE-QUOTIENT
233,25,36,S9,9,p23,-1,u3,"sigma_minus=(0,4,1,5,2,6,3)",1.0,1.0,0.9657973093709475,0.9657973093709475,0.0,CONSTRUCTED-NORMALIZED-CONGRUENCE-QUOTIENT
234,25,45,S10,10,p03,-1,u2,"sigma_minus=(0,4,1,5,2,6,3)",1.0,1.0,0.03788693475930534,0.03788693475930534,0.0,CONSTRUCTED-NORMALIZED-CONGRUENCE-QUOTIENT
235,25,123,S11,11,p23,-1,u3,"sigma_minus=(0,4,1,5,2,6,3)",1.0,1.0,0.9657973093709475,0.9657973093709475,0.0,CONSTRUCTED-NORMALIZED-CONGRUENCE-QUOTIENT
236,25,147,S12,12,p02,-1,u1,"sigma_minus=(0,4,1,5,2,6,3)",1.0,1.0,0.39943727590997463,0.39943727590997463,0.0,CONSTRUCTED-NORMALIZED-CONGRUENCE-QUOTIENT
237,26,27,S1,1,p12,-1,u2,"sigma_minus=(0,4,1,5,2,6,3)",1.0,1.0,0.03788693475930534,0.03788693475930534,0.0,CONSTRUCTED-NORMALIZED-CONGRUENCE-QUOTIENT
238,26,95,S4,4,p03,-1,u2,"sigma_minus=(0,4,1,5,2,6,3)",1.0,1.0,0.03788693475930534,0.03788693475930534,0.0,CONSTRUCTED-NORMALIZED-CONGRUENCE-QUOTIENT
239,26,159,S5,5,p02,-1,u1,"sigma_minus=(0,4,1,5,2,6,3)",1.0,1.0,0.39943727590997463,0.39943727590997463,0.0,CONSTRUCTED-NORMALIZED-CONGRUENCE-QUOTIENT
240,26,51,S7,7,p12,-1,u2,"sigma_minus=(0,4,1,5,2,6,3)",1.0,1.0,0.03788693475930534,0.03788693475930534,0.0,CONSTRUCTED-NORMALIZED-CONGRUENCE-QUOTIENT
241,26,30,S8,8,p13,-1,u1,"sigma_minus=(0,4,1,5,2,6,3)",1.0,1.0,0.39943727590997463,0.39943727590997463,0.0,CONSTRUCTED-NORMALIZED-CONGRUENCE-QUOTIENT
242,26,39,S9,9,p23,-1,u3,"sigma_minus=(0,4,1,5,2,6,3)",1.0,1.0,0.9657973093709475,0.9657973093709475,0.0,CONSTRUCTED-NORMALIZED-CONGRUENCE-QUOTIENT
243,26,47,S10,10,p03,-1,u2,"sigma_minus=(0,4,1,5,2,6,3)",1.0,1.0,0.03788693475930534,0.03788693475930534,0.0,CONSTRUCTED-NORMALIZED-CONGRUENCE-QUOTIENT
244,26,120,S11,11,p23,-1,u3,"sigma_minus=(0,4,1,5,2,6,3)",1.0,1.0,0.9657973093709475,0.9657973093709475,0.0,CONSTRUCTED-NORMALIZED-CONGRUENCE-QUOTIENT
245,26,145,S12,12,p02,-1,u1,"sigma_minus=(0,4,1,5,2,6,3)",1.0,1.0,0.39943727590997463,0.39943727590997463,0.0,CONSTRUCTED-NORMALIZED-CONGRUENCE-QUOTIENT
246,27,92,S4,4,p03,-1,u2,"sigma_minus=(0,4,1,5,2,6,3)",1.0,1.0,0.03788693475930534,0.03788693475930534,0.0,CONSTRUCTED-NORMALIZED-CONGRUENCE-QUOTIENT
247,27,157,S5,5,p02,-1,u1,"sigma_minus=(0,4,1,5,2,6,3)",1.0,1.0,0.39943727590997463,0.39943727590997463,0.0,CONSTRUCTED-NORMALIZED-CONGRUENCE-QUOTIENT
248,27,50,S7,7,p12,-1,u2,"sigma_minus=(0,4,1,5,2,6,3)",1.0,1.0,0.03788693475930534,0.03788693475930534,0.0,CONSTRUCTED-NORMALIZED-CONGRUENCE-QUOTIENT
249,27,29,S8,8,p13,-1,u1,"sigma_minus=(0,4,1,5,2,6,3)",1.0,1.0,0.39943727590997463,0.39943727590997463,0.0,CONSTRUCTED-NORMALIZED-CONGRUENCE-QUOTIENT
250,27,37,S9,9,p23,-1,u3,"sigma_minus=(0,4,1,5,2,6,3)",1.0,1.0,0.9657973093709475,0.9657973093709475,0.0,CONSTRUCTED-NORMALIZED-CONGRUENCE-QUOTIENT
251,27,44,S10,10,p03,-1,u2,"sigma_minus=(0,4,1,5,2,6,3)",1.0,1.0,0.03788693475930534,0.03788693475930534,0.0,CONSTRUCTED-NORMALIZED-CONGRUENCE-QUOTIENT
252,27,121,S11,11,p23,-1,u3,"sigma_minus=(0,4,1,5,2,6,3)",1.0,1.0,0.9657973093709475,0.9657973093709475,0.0,CONSTRUCTED-NORMALIZED-CONGRUENCE-QUOTIENT
253,27,144,S12,12,p02,-1,u1,"sigma_minus=(0,4,1,5,2,6,3)",1.0,1.0,0.39943727590997463,0.39943727590997463,0.0,CONSTRUCTED-NORMALIZED-CONGRUENCE-QUOTIENT
254,28,29,S1,1,p12,-1,u2,"sigma_minus=(0,4,1,5,2,6,3)",1.0,1.0,0.03788693475930534,0.03788693475930534,0.0,CONSTRUCTED-NORMALIZED-CONGRUENCE-QUOTIENT
255,28,30,S2,2,p13,-1,u1,"sigma_minus=(0,4,1,5,2,6,3)",1.0,1.0,0.39943727590997463,0.39943727590997463,0.0,CONSTRUCTED-NORMALIZED-CONGRUENCE-QUOTIENT
256,28,31,S3,3,p01,-1,u3,"sigma_minus=(0,4,1,5,2,6,3)",1.0,1.0,0.9657973093709475,0.9657973093709475,0.0,CONSTRUCTED-NORMALIZED-CONGRUENCE-QUOTIENT
257,28,81,S4,4,p03,-1,u2,"sigma_minus=(0,4,1,5,2,6,3)",1.0,1.0,0.03788693475930534,0.03788693475930534,0.0,CONSTRUCTED-NORMALIZED-CONGRUENCE-QUOTIENT
258,28,152,S5,5,p02,-1,u1,"sigma_minus=(0,4,1,5,2,6,3)",1.0,1.0,0.39943727590997463,0.39943727590997463,0.0,CONSTRUCTED-NORMALIZED-CONGRUENCE-QUOTIENT
259,28,52,S7,7,p12,-1,u2,"sigma_minus=(0,4,1,5,2,6,3)",1.0,1.0,0.03788693475930534,0.03788693475930534,0.0,CONSTRUCTED-NORMALIZED-CONGRUENCE-QUOTIENT
260,28,46,S9,9,p23,-1,u3,"sigma_minus=(0,4,1,5,2,6,3)",1.0,1.0,0.9657973093709475,0.9657973093709475,0.0,CONSTRUCTED-NORMALIZED-CONGRUENCE-QUOTIENT
261,28,38,S10,10,p03,-1,u2,"sigma_minus=(0,4,1,5,2,6,3)",1.0,1.0,0.03788693475930534,0.03788693475930534,0.0,CONSTRUCTED-NORMALIZED-CONGRUENCE-QUOTIENT
262,28,142,S11,11,p23,-1,u3,"sigma_minus=(0,4,1,5,2,6,3)",1.0,1.0,0.9657973093709475,0.9657973093709475,0.0,CONSTRUCTED-NORMALIZED-CONGRUENCE-QUOTIENT
263,28,166,S12,12,p02,-1,u1,"sigma_minus=(0,4,1,5,2,6,3)",1.0,1.0,0.39943727590997463,0.39943727590997463,0.0,CONSTRUCTED-NORMALIZED-CONGRUENCE-QUOTIENT
264,29,31,S2,2,p13,-1,u1,"sigma_minus=(0,4,1,5,2,6,3)",1.0,1.0,0.39943727590997463,0.39943727590997463,0.0,CONSTRUCTED-NORMALIZED-CONGRUENCE-QUOTIENT
265,29,30,S3,3,p01,-1,u3,"sigma_minus=(0,4,1,5,2,6,3)",1.0,1.0,0.9657973093709475,0.9657973093709475,0.0,CONSTRUCTED-NORMALIZED-CONGRUENCE-QUOTIENT
266,29,82,S4,4,p03,-1,u2,"sigma_minus=(0,4,1,5,2,6,3)",1.0,1.0,0.03788693475930534,0.03788693475930534,0.0,CONSTRUCTED-NORMALIZED-CONGRUENCE-QUOTIENT
267,29,154,S5,5,p02,-1,u1,"sigma_minus=(0,4,1,5,2,6,3)",1.0,1.0,0.39943727590997463,0.39943727590997463,0.0,CONSTRUCTED-NORMALIZED-CONGRUENCE-QUOTIENT
268,29,53,S7,7,p12,-1,u2,"sigma_minus=(0,4,1,5,2,6,3)",1.0,1.0,0.03788693475930534,0.03788693475930534,0.0,CONSTRUCTED-NORMALIZED-CONGRUENCE-QUOTIENT
269,29,44,S9,9,p23,-1,u3,"sigma_minus=(0,4,1,5,2,6,3)",1.0,1.0,0.9657973093709475,0.9657973093709475,0.0,CONSTRUCTED-NORMALIZED-CONGRUENCE-QUOTIENT
270,29,37,S10,10,p03,-1,u2,"sigma_minus=(0,4,1,5,2,6,3)",1.0,1.0,0.03788693475930534,0.03788693475930534,0.0,CONSTRUCTED-NORMALIZED-CONGRUENCE-QUOTIENT
271,29,143,S11,11,p23,-1,u3,"sigma_minus=(0,4,1,5,2,6,3)",1.0,1.0,0.9657973093709475,0.9657973093709475,0.0,CONSTRUCTED-NORMALIZED-CONGRUENCE-QUOTIENT
272,29,167,S12,12,p02,-1,u1,"sigma_minus=(0,4,1,5,2,6,3)",1.0,1.0,0.39943727590997463,0.39943727590997463,0.0,CONSTRUCTED-NORMALIZED-CONGRUENCE-QUOTIENT
273,30,31,S1,1,p12,-1,u2,"sigma_minus=(0,4,1,5,2,6,3)",1.0,1.0,0.03788693475930534,0.03788693475930534,0.0,CONSTRUCTED-NORMALIZED-CONGRUENCE-QUOTIENT
274,30,83,S4,4,p03,-1,u2,"sigma_minus=(0,4,1,5,2,6,3)",1.0,1.0,0.03788693475930534,0.03788693475930534,0.0,CONSTRUCTED-NORMALIZED-CONGRUENCE-QUOTIENT
275,30,155,S5,5,p02,-1,u1,"sigma_minus=(0,4,1,5,2,6,3)",1.0,1.0,0.39943727590997463,0.39943727590997463,0.0,CONSTRUCTED-NORMALIZED-CONGRUENCE-QUOTIENT
276,30,55,S7,7,p12,-1,u2,"sigma_minus=(0,4,1,5,2,6,3)",1.0,1.0,0.03788693475930534,0.03788693475930534,0.0,CONSTRUCTED-NORMALIZED-CONGRUENCE-QUOTIENT
277,30,47,S9,9,p23,-1,u3,"sigma_minus=(0,4,1,5,2,6,3)",1.0,1.0,0.9657973093709475,0.9657973093709475,0.0,CONSTRUCTED-NORMALIZED-CONGRUENCE-QUOTIENT
278,30,39,S10,10,p03,-1,u2,"sigma_minus=(0,4,1,5,2,6,3)",1.0,1.0,0.03788693475930534,0.03788693475930534,0.0,CONSTRUCTED-NORMALIZED-CONGRUENCE-QUOTIENT
279,30,140,S11,11,p23,-1,u3,"sigma_minus=(0,4,1,5,2,6,3)",1.0,1.0,0.9657973093709475,0.9657973093709475,0.0,CONSTRUCTED-NORMALIZED-CONGRUENCE-QUOTIENT
280,30,165,S12,12,p02,-1,u1,"sigma_minus=(0,4,1,5,2,6,3)",1.0,1.0,0.39943727590997463,0.39943727590997463,0.0,CONSTRUCTED-NORMALIZED-CONGRUENCE-QUOTIENT
281,31,80,S4,4,p03,-1,u2,"sigma_minus=(0,4,1,5,2,6,3)",1.0,1.0,0.03788693475930534,0.03788693475930534,0.0,CONSTRUCTED-NORMALIZED-CONGRUENCE-QUOTIENT
282,31,153,S5,5,p02,-1,u1,"sigma_minus=(0,4,1,5,2,6,3)",1.0,1.0,0.39943727590997463,0.39943727590997463,0.0,CONSTRUCTED-NORMALIZED-CONGRUENCE-QUOTIENT
283,31,54,S7,7,p12,-1,u2,"sigma_minus=(0,4,1,5,2,6,3)",1.0,1.0,0.03788693475930534,0.03788693475930534,0.0,CONSTRUCTED-NORMALIZED-CONGRUENCE-QUOTIENT
284,31,45,S9,9,p23,-1,u3,"sigma_minus=(0,4,1,5,2,6,3)",1.0,1.0,0.9657973093709475,0.9657973093709475,0.0,CONSTRUCTED-NORMALIZED-CONGRUENCE-QUOTIENT
285,31,36,S10,10,p03,-1,u2,"sigma_minus=(0,4,1,5,2,6,3)",1.0,1.0,0.03788693475930534,0.03788693475930534,0.0,CONSTRUCTED-NORMALIZED-CONGRUENCE-QUOTIENT
286,31,141,S11,11,p23,-1,u3,"sigma_minus=(0,4,1,5,2,6,3)",1.0,1.0,0.9657973093709475,0.9657973093709475,0.0,CONSTRUCTED-NORMALIZED-CONGRUENCE-QUOTIENT
287,31,164,S12,12,p02,-1,u1,"sigma_minus=(0,4,1,5,2,6,3)",1.0,1.0,0.39943727590997463,0.39943727590997463,0.0,CONSTRUCTED-NORMALIZED-CONGRUENCE-QUOTIENT
288,32,36,S1,1,p12,-1,u2,"sigma_minus=(0,4,1,5,2,6,3)",1.0,1.0,0.03788693475930534,0.03788693475930534,0.0,CONSTRUCTED-NORMALIZED-CONGRUENCE-QUOTIENT
289,32,40,S2,2,p13,-1,u1,"sigma_minus=(0,4,1,5,2,6,3)",1.0,1.0,0.39943727590997463,0.39943727590997463,0.0,CONSTRUCTED-NORMALIZED-CONGRUENCE-QUOTIENT
290,32,44,S3,3,p01,-1,u3,"sigma_minus=(0,4,1,5,2,6,3)",1.0,1.0,0.9657973093709475,0.9657973093709475,0.0,CONSTRUCTED-NORMALIZED-CONGRUENCE-QUOTIENT
291,32,79,S4,4,p03,-1,u2,"sigma_minus=(0,4,1,5,2,6,3)",1.0,1.0,0.03788693475930534,0.03788693475930534,0.0,CONSTRUCTED-NORMALIZED-CONGRUENCE-QUOTIENT
292,32,146,S5,5,p02,-1,u1,"sigma_minus=(0,4,1,5,2,6,3)",1.0,1.0,0.39943727590997463,0.39943727590997463,0.0,CONSTRUCTED-NORMALIZED-CONGRUENCE-QUOTIENT
293,32,56,S7,7,p12,-1,u2,"sigma_minus=(0,4,1,5,2,6,3)",1.0,1.0,0.03788693475930534,0.03788693475930534,0.0,CONSTRUCTED-NORMALIZED-CONGRUENCE-QUOTIENT
294,32,33,S8,8,p13,-1,u1,"sigma_minus=(0,4,1,5,2,6,3)",1.0,1.0,0.39943727590997463,0.39943727590997463,0.0,CONSTRUCTED-NORMALIZED-CONGRUENCE-QUOTIENT
295,32,34,S9,9,p23,-1,u3,"sigma_minus=(0,4,1,5,2,6,3)",1.0,1.0,0.9657973093709475,0.9657973093709475,0.0,CONSTRUCTED-NORMALIZED-CONGRUENCE-QUOTIENT
296,32,35,S10,10,p03,-1,u2,"sigma_minus=(0,4,1,5,2,6,3)",1.0,1.0,0.03788693475930534,0.03788693475930534,0.0,CONSTRUCTED-NORMALIZED-CONGRUENCE-QUOTIENT
297,32,132,S11,11,p23,-1,u3,"sigma_minus=(0,4,1,5,2,6,3)",1.0,1.0,0.9657973093709475,0.9657973093709475,0.0,CONSTRUCTED-NORMALIZED-CONGRUENCE-QUOTIENT
298,32,156,S12,12,p02,-1,u1,"sigma_minus=(0,4,1,5,2,6,3)",1.0,1.0,0.39943727590997463,0.39943727590997463,0.0,CONSTRUCTED-NORMALIZED-CONGRUENCE-QUOTIENT
299,33,37,S1,1,p12,-1,u2,"sigma_minus=(0,4,1,5,2,6,3)",1.0,1.0,0.03788693475930534,0.03788693475930534,0.0,CONSTRUCTED-NORMALIZED-CONGRUENCE-QUOTIENT
300,33,41,S2,2,p13,-1,u1,"sigma_minus=(0,4,1,5,2,6,3)",1.0,1.0,0.39943727590997463,0.39943727590997463,0.0,CONSTRUCTED-NORMALIZED-CONGRUENCE-QUOTIENT
301,33,45,S3,3,p01,-1,u3,"sigma_minus=(0,4,1,5,2,6,3)",1.0,1.0,0.9657973093709475,0.9657973093709475,0.0,CONSTRUCTED-NORMALIZED-CONGRUENCE-QUOTIENT
302,33,77,S4,4,p03,-1,u2,"sigma_minus=(0,4,1,5,2,6,3)",1.0,1.0,0.03788693475930534,0.03788693475930534,0.0,CONSTRUCTED-NORMALIZED-CONGRUENCE-QUOTIENT
303,33,145,S5,5,p02,-1,u1,"sigma_minus=(0,4,1,5,2,6,3)",1.0,1.0,0.39943727590997463,0.39943727590997463,0.0,CONSTRUCTED-NORMALIZED-CONGRUENCE-QUOTIENT
304,33,57,S7,7,p12,-1,u2,"sigma_minus=(0,4,1,5,2,6,3)",1.0,1.0,0.03788693475930534,0.03788693475930534,0.0,CONSTRUCTED-NORMALIZED-CONGRUENCE-QUOTIENT
305,33,35,S9,9,p23,-1,u3,"sigma_minus=(0,4,1,5,2,6,3)",1.0,1.0,0.9657973093709475,0.9657973093709475,0.0,CONSTRUCTED-NORMALIZED-CONGRUENCE-QUOTIENT
306,33,34,S10,10,p03,-1,u2,"sigma_minus=(0,4,1,5,2,6,3)",1.0,1.0,0.03788693475930534,0.03788693475930534,0.0,CONSTRUCTED-NORMALIZED-CONGRUENCE-QUOTIENT
307,33,135,S11,11,p23,-1,u3,"sigma_minus=(0,4,1,5,2,6,3)",1.0,1.0,0.9657973093709475,0.9657973093709475,0.0,CONSTRUCTED-NORMALIZED-CONGRUENCE-QUOTIENT
308,33,159,S12,12,p02,-1,u1,"sigma_minus=(0,4,1,5,2,6,3)",1.0,1.0,0.39943727590997463,0.39943727590997463,0.0,CONSTRUCTED-NORMALIZED-CONGRUENCE-QUOTIENT
309,34,38,S1,1,p12,-1,u2,"sigma_minus=(0,4,1,5,2,6,3)",1.0,1.0,0.03788693475930534,0.03788693475930534,0.0,CONSTRUCTED-NORMALIZED-CONGRUENCE-QUOTIENT
310,34,43,S2,2,p13,-1,u1,"sigma_minus=(0,4,1,5,2,6,3)",1.0,1.0,0.39943727590997463,0.39943727590997463,0.0,CONSTRUCTED-NORMALIZED-CONGRUENCE-QUOTIENT
311,34,47,S3,3,p01,-1,u3,"sigma_minus=(0,4,1,5,2,6,3)",1.0,1.0,0.9657973093709475,0.9657973093709475,0.0,CONSTRUCTED-NORMALIZED-CONGRUENCE-QUOTIENT
312,34,78,S4,4,p03,-1,u2,"sigma_minus=(0,4,1,5,2,6,3)",1.0,1.0,0.03788693475930534,0.03788693475930534,0.0,CONSTRUCTED-NORMALIZED-CONGRUENCE-QUOTIENT
313,34,147,S5,5,p02,-1,u1,"sigma_minus=(0,4,1,5,2,6,3)",1.0,1.0,0.39943727590997463,0.39943727590997463,0.0,CONSTRUCTED-NORMALIZED-CONGRUENCE-QUOTIENT
314,34,58,S7,7,p12,-1,u2,"sigma_minus=(0,4,1,5,2,6,3)",1.0,1.0,0.03788693475930534,0.03788693475930534,0.0,CONSTRUCTED-NORMALIZED-CONGRUENCE-QUOTIENT
315,34,35,S8,8,p13,-1,u1,"sigma_minus=(0,4,1,5,2,6,3)",1.0,1.0,0.39943727590997463,0.39943727590997463,0.0,CONSTRUCTED-NORMALIZED-CONGRUENCE-QUOTIENT
316,34,134,S11,11,p23,-1,u3,"sigma_minus=(0,4,1,5,2,6,3)",1.0,1.0,0.9657973093709475,0.9657973093709475,0.0,CONSTRUCTED-NORMALIZED-CONGRUENCE-QUOTIENT
317,34,158,S12,12,p02,-1,u1,"sigma_minus=(0,4,1,5,2,6,3)",1.0,1.0,0.39943727590997463,0.39943727590997463,0.0,CONSTRUCTED-NORMALIZED-CONGRUENCE-QUOTIENT
318,35,39,S1,1,p12,-1,u2,"sigma_minus=(0,4,1,5,2,6,3)",1.0,1.0,0.03788693475930534,0.03788693475930534,0.0,CONSTRUCTED-NORMALIZED-CONGRUENCE-QUOTIENT
319,35,42,S2,2,p13,-1,u1,"sigma_minus=(0,4,1,5,2,6,3)",1.0,1.0,0.39943727590997463,0.39943727590997463,0.0,CONSTRUCTED-NORMALIZED-CONGRUENCE-QUOTIENT
320,35,46,S3,3,p01,-1,u3,"sigma_minus=(0,4,1,5,2,6,3)",1.0,1.0,0.9657973093709475,0.9657973093709475,0.0,CONSTRUCTED-NORMALIZED-CONGRUENCE-QUOTIENT
321,35,76,S4,4,p03,-1,u2,"sigma_minus=(0,4,1,5,2,6,3)",1.0,1.0,0.03788693475930534,0.03788693475930534,0.0,CONSTRUCTED-NORMALIZED-CONGRUENCE-QUOTIENT
322,35,144,S5,5,p02,-1,u1,"sigma_minus=(0,4,1,5,2,6,3)",1.0,1.0,0.39943727590997463,0.39943727590997463,0.0,CONSTRUCTED-NORMALIZED-CONGRUENCE-QUOTIENT
323,35,59,S7,7,p12,-1,u2,"sigma_minus=(0,4,1,5,2,6,3)",1.0,1.0,0.03788693475930534,0.03788693475930534,0.0,CONSTRUCTED-NORMALIZED-CONGRUENCE-QUOTIENT
324,35,133,S11,11,p23,-1,u3,"sigma_minus=(0,4,1,5,2,6,3)",1.0,1.0,0.9657973093709475,0.9657973093709475,0.0,CONSTRUCTED-NORMALIZED-CONGRUENCE-QUOTIENT
325,35,157,S12,12,p02,-1,u1,"sigma_minus=(0,4,1,5,2,6,3)",1.0,1.0,0.39943727590997463,0.39943727590997463,0.0,CONSTRUCTED-NORMALIZED-CONGRUENCE-QUOTIENT
326,36,44,S2,2,p13,-1,u1,"sigma_minus=(0,4,1,5,2,6,3)",1.0,1.0,0.39943727590997463,0.39943727590997463,0.0,CONSTRUCTED-NORMALIZED-CONGRUENCE-QUOTIENT
327,36,40,S3,3,p01,-1,u3,"sigma_minus=(0,4,1,5,2,6,3)",1.0,1.0,0.9657973093709475,0.9657973093709475,0.0,CONSTRUCTED-NORMALIZED-CONGRUENCE-QUOTIENT
328,36,87,S4,4,p03,-1,u2,"sigma_minus=(0,4,1,5,2,6,3)",1.0,1.0,0.03788693475930534,0.03788693475930534,0.0,CONSTRUCTED-NORMALIZED-CONGRUENCE-QUOTIENT
329,36,162,S5,5,p02,-1,u1,"sigma_minus=(0,4,1,5,2,6,3)",1.0,1.0,0.39943727590997463,0.39943727590997463,0.0,CONSTRUCTED-NORMALIZED-CONGRUENCE-QUOTIENT
330,36,60,S7,7,p12,-1,u2,"sigma_minus=(0,4,1,5,2,6,3)",1.0,1.0,0.03788693475930534,0.03788693475930534,0.0,CONSTRUCTED-NORMALIZED-CONGRUENCE-QUOTIENT
331,36,45,S8,8,p13,-1,u1,"sigma_minus=(0,4,1,5,2,6,3)",1.0,1.0,0.39943727590997463,0.39943727590997463,0.0,CONSTRUCTED-NORMALIZED-CONGRUENCE-QUOTIENT
332,36,136,S11,11,p23,-1,u3,"sigma_minus=(0,4,1,5,2,6,3)",1.0,1.0,0.9657973093709475,0.9657973093709475,0.0,CONSTRUCTED-NORMALIZED-CONGRUENCE-QUOTIENT
333,36,160,S12,12,p02,-1,u1,"sigma_minus=(0,4,1,5,2,6,3)",1.0,1.0,0.39943727590997463,0.39943727590997463,0.0,CONSTRUCTED-NORMALIZED-CONGRUENCE-QUOTIENT
334,37,45,S2,2,p13,-1,u1,"sigma_minus=(0,4,1,5,2,6,3)",1.0,1.0,0.39943727590997463,0.39943727590997463,0.0,CONSTRUCTED-NORMALIZED-CONGRUENCE-QUOTIENT
335,37,41,S3,3,p01,-1,u3,"sigma_minus=(0,4,1,5,2,6,3)",1.0,1.0,0.9657973093709475,0.9657973093709475,0.0,CONSTRUCTED-NORMALIZED-CONGRUENCE-QUOTIENT
336,37,85,S4,4,p03,-1,u2,"sigma_minus=(0,4,1,5,2,6,3)",1.0,1.0,0.03788693475930534,0.03788693475930534,0.0,CONSTRUCTED-NORMALIZED-CONGRUENCE-QUOTIENT
337,37,161,S5,5,p02,-1,u1,"sigma_minus=(0,4,1,5,2,6,3)",1.0,1.0,0.39943727590997463,0.39943727590997463,0.0,CONSTRUCTED-NORMALIZED-CONGRUENCE-QUOTIENT
338,37,61,S7,7,p12,-1,u2,"sigma_minus=(0,4,1,5,2,6,3)",1.0,1.0,0.03788693475930534,0.03788693475930534,0.0,CONSTRUCTED-NORMALIZED-CONGRUENCE-QUOTIENT
339,37,44,S8,8,p13,-1,u1,"sigma_minus=(0,4,1,5,2,6,3)",1.0,1.0,0.39943727590997463,0.39943727590997463,0.0,CONSTRUCTED-NORMALIZED-CONGRUENCE-QUOTIENT
340,37,139,S11,11,p23,-1,u3,"sigma_minus=(0,4,1,5,2,6,3)",1.0,1.0,0.9657973093709475,0.9657973093709475,0.0,CONSTRUCTED-NORMALIZED-CONGRUENCE-QUOTIENT
341,37,163,S12,12,p02,-1,u1,"sigma_minus=(0,4,1,5,2,6,3)",1.0,1.0,0.39943727590997463,0.39943727590997463,0.0,CONSTRUCTED-NORMALIZED-CONGRUENCE-QUOTIENT
342,38,47,S2,2,p13,-1,u1,"sigma_minus=(0,4,1,5,2,6,3)",1.0,1.0,0.39943727590997463,0.39943727590997463,0.0,CONSTRUCTED-NORMALIZED-CONGRUENCE-QUOTIENT
343,38,43,S3,3,p01,-1,u3,"sigma_minus=(0,4,1,5,2,6,3)",1.0,1.0,0.9657973093709475,0.9657973093709475,0.0,CONSTRUCTED-NORMALIZED-CONGRUENCE-QUOTIENT
344,38,84,S4,4,p03,-1,u2,"sigma_minus=(0,4,1,5,2,6,3)",1.0,1.0,0.03788693475930534,0.03788693475930534,0.0,CONSTRUCTED-NORMALIZED-CONGRUENCE-QUOTIENT
345,38,160,S5,5,p02,-1,u1,"sigma_minus=(0,4,1,5,2,6,3)",1.0,1.0,0.39943727590997463,0.39943727590997463,0.0,CONSTRUCTED-NORMALIZED-CONGRUENCE-QUOTIENT
346,38,62,S7,7,p12,-1,u2,"sigma_minus=(0,4,1,5,2,6,3)",1.0,1.0,0.03788693475930534,0.03788693475930534,0.0,CONSTRUCTED-NORMALIZED-CONGRUENCE-QUOTIENT
347,38,46,S8,8,p13,-1,u1,"sigma_minus=(0,4,1,5,2,6,3)",1.0,1.0,0.39943727590997463,0.39943727590997463,0.0,CONSTRUCTED-NORMALIZED-CONGRUENCE-QUOTIENT
348,38,138,S11,11,p23,-1,u3,"sigma_minus=(0,4,1,5,2,6,3)",1.0,1.0,0.9657973093709475,0.9657973093709475,0.0,CONSTRUCTED-NORMALIZED-CONGRUENCE-QUOTIENT
349,38,162,S12,12,p02,-1,u1,"sigma_minus=(0,4,1,5,2,6,3)",1.0,1.0,0.39943727590997463,0.39943727590997463,0.0,CONSTRUCTED-NORMALIZED-CONGRUENCE-QUOTIENT
350,39,46,S2,2,p13,-1,u1,"sigma_minus=(0,4,1,5,2,6,3)",1.0,1.0,0.39943727590997463,0.39943727590997463,0.0,CONSTRUCTED-NORMALIZED-CONGRUENCE-QUOTIENT
351,39,42,S3,3,p01,-1,u3,"sigma_minus=(0,4,1,5,2,6,3)",1.0,1.0,0.9657973093709475,0.9657973093709475,0.0,CONSTRUCTED-NORMALIZED-CONGRUENCE-QUOTIENT
352,39,86,S4,4,p03,-1,u2,"sigma_minus=(0,4,1,5,2,6,3)",1.0,1.0,0.03788693475930534,0.03788693475930534,0.0,CONSTRUCTED-NORMALIZED-CONGRUENCE-QUOTIENT
353,39,163,S5,5,p02,-1,u1,"sigma_minus=(0,4,1,5,2,6,3)",1.0,1.0,0.39943727590997463,0.39943727590997463,0.0,CONSTRUCTED-NORMALIZED-CONGRUENCE-QUOTIENT
354,39,63,S7,7,p12,-1,u2,"sigma_minus=(0,4,1,5,2,6,3)",1.0,1.0,0.03788693475930534,0.03788693475930534,0.0,CONSTRUCTED-NORMALIZED-CONGRUENCE-QUOTIENT
355,39,47,S8,8,p13,-1,u1,"sigma_minus=(0,4,1,5,2,6,3)",1.0,1.0,0.39943727590997463,0.39943727590997463,0.0,CONSTRUCTED-NORMALIZED-CONGRUENCE-QUOTIENT
356,39,137,S11,11,p23,-1,u3,"sigma_minus=(0,4,1,5,2,6,3)",1.0,1.0,0.9657973093709475,0.9657973093709475,0.0,CONSTRUCTED-NORMALIZED-CONGRUENCE-QUOTIENT
357,39,161,S12,12,p02,-1,u1,"sigma_minus=(0,4,1,5,2,6,3)",1.0,1.0,0.39943727590997463,0.39943727590997463,0.0,CONSTRUCTED-NORMALIZED-CONGRUENCE-QUOTIENT
358,40,44,S1,1,p12,-1,u2,"sigma_minus=(0,4,1,5,2,6,3)",1.0,1.0,0.03788693475930534,0.03788693475930534,0.0,CONSTRUCTED-NORMALIZED-CONGRUENCE-QUOTIENT
359,40,91,S4,4,p03,-1,u2,"sigma_minus=(0,4,1,5,2,6,3)",1.0,1.0,0.03788693475930534,0.03788693475930534,0.0,CONSTRUCTED-NORMALIZED-CONGRUENCE-QUOTIENT
360,40,166,S5,5,p02,-1,u1,"sigma_minus=(0,4,1,5,2,6,3)",1.0,1.0,0.39943727590997463,0.39943727590997463,0.0,CONSTRUCTED-NORMALIZED-CONGRUENCE-QUOTIENT
361,40,68,S7,7,p12,-1,u2,"sigma_minus=(0,4,1,5,2,6,3)",1.0,1.0,0.03788693475930534,0.03788693475930534,0.0,CONSTRUCTED-NORMALIZED-CONGRUENCE-QUOTIENT
362,40,41,S8,8,p13,-1,u1,"sigma_minus=(0,4,1,5,2,6,3)",1.0,1.0,0.39943727590997463,0.39943727590997463,0.0,CONSTRUCTED-NORMALIZED-CONGRUENCE-QUOTIENT
363,40,42,S9,9,p23,-1,u3,"sigma_minus=(0,4,1,5,2,6,3)",1.0,1.0,0.9657973093709475,0.9657973093709475,0.0,CONSTRUCTED-NORMALIZED-CONGRUENCE-QUOTIENT
364,40,43,S10,10,p03,-1,u2,"sigma_minus=(0,4,1,5,2,6,3)",1.0,1.0,0.03788693475930534,0.03788693475930534,0.0,CONSTRUCTED-NORMALIZED-CONGRUENCE-QUOTIENT
365,40,124,S11,11,p23,-1,u3,"sigma_minus=(0,4,1,5,2,6,3)",1.0,1.0,0.9657973093709475,0.9657973093709475,0.0,CONSTRUCTED-NORMALIZED-CONGRUENCE-QUOTIENT
366,40,152,S12,12,p02,-1,u1,"sigma_minus=(0,4,1,5,2,6,3)",1.0,1.0,0.39943727590997463,0.39943727590997463,0.0,CONSTRUCTED-NORMALIZED-CONGRUENCE-QUOTIENT
367,41,45,S1,1,p12,-1,u2,"sigma_minus=(0,4,1,5,2,6,3)",1.0,1.0,0.03788693475930534,0.03788693475930534,0.0,CONSTRUCTED-NORMALIZED-CONGRUENCE-QUOTIENT
368,41,89,S4,4,p03,-1,u2,"sigma_minus=(0,4,1,5,2,6,3)",1.0,1.0,0.03788693475930534,0.03788693475930534,0.0,CONSTRUCTED-NORMALIZED-CONGRUENCE-QUOTIENT
369,41,165,S5,5,p02,-1,u1,"sigma_minus=(0,4,1,5,2,6,3)",1.0,1.0,0.39943727590997463,0.39943727590997463,0.0,CONSTRUCTED-NORMALIZED-CONGRUENCE-QUOTIENT
370,41,69,S7,7,p12,-1,u2,"sigma_minus=(0,4,1,5,2,6,3)",1.0,1.0,0.03788693475930534,0.03788693475930534,0.0,CONSTRUCTED-NORMALIZED-CONGRUENCE-QUOTIENT
371,41,43,S9,9,p23,-1,u3,"sigma_minus=(0,4,1,5,2,6,3)",1.0,1.0,0.9657973093709475,0.9657973093709475,0.0,CONSTRUCTED-NORMALIZED-CONGRUENCE-QUOTIENT
372,41,42,S10,10,p03,-1,u2,"sigma_minus=(0,4,1,5,2,6,3)",1.0,1.0,0.03788693475930534,0.03788693475930534,0.0,CONSTRUCTED-NORMALIZED-CONGRUENCE-QUOTIENT
373,41,127,S11,11,p23,-1,u3,"sigma_minus=(0,4,1,5,2,6,3)",1.0,1.0,0.9657973093709475,0.9657973093709475,0.0,CONSTRUCTED-NORMALIZED-CONGRUENCE-QUOTIENT
374,41,155,S12,12,p02,-1,u1,"sigma_minus=(0,4,1,5,2,6,3)",1.0,1.0,0.39943727590997463,0.39943727590997463,0.0,CONSTRUCTED-NORMALIZED-CONGRUENCE-QUOTIENT
375,42,46,S1,1,p12,-1,u2,"sigma_minus=(0,4,1,5,2,6,3)",1.0,1.0,0.03788693475930534,0.03788693475930534,0.0,CONSTRUCTED-NORMALIZED-CONGRUENCE-QUOTIENT
376,42,90,S4,4,p03,-1,u2,"sigma_minus=(0,4,1,5,2,6,3)",1.0,1.0,0.03788693475930534,0.03788693475930534,0.0,CONSTRUCTED-NORMALIZED-CONGRUENCE-QUOTIENT
377,42,167,S5,5,p02,-1,u1,"sigma_minus=(0,4,1,5,2,6,3)",1.0,1.0,0.39943727590997463,0.39943727590997463,0.0,CONSTRUCTED-NORMALIZED-CONGRUENCE-QUOTIENT
378,42,70,S7,7,p12,-1,u2,"sigma_minus=(0,4,1,5,2,6,3)",1.0,1.0,0.03788693475930534,0.03788693475930534,0.0,CONSTRUCTED-NORMALIZED-CONGRUENCE-QUOTIENT
379,42,43,S8,8,p13,-1,u1,"sigma_minus=(0,4,1,5,2,6,3)",1.0,1.0,0.39943727590997463,0.39943727590997463,0.0,CONSTRUCTED-NORMALIZED-CONGRUENCE-QUOTIENT
380,42,126,S11,11,p23,-1,u3,"sigma_minus=(0,4,1,5,2,6,3)",1.0,1.0,0.9657973093709475,0.9657973093709475,0.0,CONSTRUCTED-NORMALIZED-CONGRUENCE-QUOTIENT
381,42,154,S12,12,p02,-1,u1,"sigma_minus=(0,4,1,5,2,6,3)",1.0,1.0,0.39943727590997463,0.39943727590997463,0.0,CONSTRUCTED-NORMALIZED-CONGRUENCE-QUOTIENT
382,43,47,S1,1,p12,-1,u2,"sigma_minus=(0,4,1,5,2,6,3)",1.0,1.0,0.03788693475930534,0.03788693475930534,0.0,CONSTRUCTED-NORMALIZED-CONGRUENCE-QUOTIENT
383,43,88,S4,4,p03,-1,u2,"sigma_minus=(0,4,1,5,2,6,3)",1.0,1.0,0.03788693475930534,0.03788693475930534,0.0,CONSTRUCTED-NORMALIZED-CONGRUENCE-QUOTIENT
384,43,164,S5,5,p02,-1,u1,"sigma_minus=(0,4,1,5,2,6,3)",1.0,1.0,0.39943727590997463,0.39943727590997463,0.0,CONSTRUCTED-NORMALIZED-CONGRUENCE-QUOTIENT
385,43,71,S7,7,p12,-1,u2,"sigma_minus=(0,4,1,5,2,6,3)",1.0,1.0,0.03788693475930534,0.03788693475930534,0.0,CONSTRUCTED-NORMALIZED-CONGRUENCE-QUOTIENT
386,43,125,S11,11,p23,-1,u3,"sigma_minus=(0,4,1,5,2,6,3)",1.0,1.0,0.9657973093709475,0.9657973093709475,0.0,CONSTRUCTED-NORMALIZED-CONGRUENCE-QUOTIENT
387,43,153,S12,12,p02,-1,u1,"sigma_minus=(0,4,1,5,2,6,3)",1.0,1.0,0.39943727590997463,0.39943727590997463,0.0,CONSTRUCTED-NORMALIZED-CONGRUENCE-QUOTIENT
388,44,75,S4,4,p03,-1,u2,"sigma_minus=(0,4,1,5,2,6,3)",1.0,1.0,0.03788693475930534,0.03788693475930534,0.0,CONSTRUCTED-NORMALIZED-CONGRUENCE-QUOTIENT
389,44,150,S5,5,p02,-1,u1,"sigma_minus=(0,4,1,5,2,6,3)",1.0,1.0,0.39943727590997463,0.39943727590997463,0.0,CONSTRUCTED-NORMALIZED-CONGRUENCE-QUOTIENT
390,44,64,S7,7,p12,-1,u2,"sigma_minus=(0,4,1,5,2,6,3)",1.0,1.0,0.03788693475930534,0.03788693475930534,0.0,CONSTRUCTED-NORMALIZED-CONGRUENCE-QUOTIENT
391,44,128,S11,11,p23,-1,u3,"sigma_minus=(0,4,1,5,2,6,3)",1.0,1.0,0.9657973093709475,0.9657973093709475,0.0,CONSTRUCTED-NORMALIZED-CONGRUENCE-QUOTIENT
392,44,148,S12,12,p02,-1,u1,"sigma_minus=(0,4,1,5,2,6,3)",1.0,1.0,0.39943727590997463,0.39943727590997463,0.0,CONSTRUCTED-NORMALIZED-CONGRUENCE-QUOTIENT
393,45,73,S4,4,p03,-1,u2,"sigma_minus=(0,4,1,5,2,6,3)",1.0,1.0,0.03788693475930534,0.03788693475930534,0.0,CONSTRUCTED-NORMALIZED-CONGRUENCE-QUOTIENT
394,45,149,S5,5,p02,-1,u1,"sigma_minus=(0,4,1,5,2,6,3)",1.0,1.0,0.39943727590997463,0.39943727590997463,0.0,CONSTRUCTED-NORMALIZED-CONGRUENCE-QUOTIENT
395,45,65,S7,7,p12,-1,u2,"sigma_minus=(0,4,1,5,2,6,3)",1.0,1.0,0.03788693475930534,0.03788693475930534,0.0,CONSTRUCTED-NORMALIZED-CONGRUENCE-QUOTIENT
396,45,131,S11,11,p23,-1,u3,"sigma_minus=(0,4,1,5,2,6,3)",1.0,1.0,0.9657973093709475,0.9657973093709475,0.0,CONSTRUCTED-NORMALIZED-CONGRUENCE-QUOTIENT
397,45,151,S12,12,p02,-1,u1,"sigma_minus=(0,4,1,5,2,6,3)",1.0,1.0,0.39943727590997463,0.39943727590997463,0.0,CONSTRUCTED-NORMALIZED-CONGRUENCE-QUOTIENT
398,46,72,S4,4,p03,-1,u2,"sigma_minus=(0,4,1,5,2,6,3)",1.0,1.0,0.03788693475930534,0.03788693475930534,0.0,CONSTRUCTED-NORMALIZED-CONGRUENCE-QUOTIENT
399,46,148,S5,5,p02,-1,u1,"sigma_minus=(0,4,1,5,2,6,3)",1.0,1.0,0.39943727590997463,0.39943727590997463,0.0,CONSTRUCTED-NORMALIZED-CONGRUENCE-QUOTIENT
400,46,66,S7,7,p12,-1,u2,"sigma_minus=(0,4,1,5,2,6,3)",1.0,1.0,0.03788693475930534,0.03788693475930534,0.0,CONSTRUCTED-NORMALIZED-CONGRUENCE-QUOTIENT
401,46,130,S11,11,p23,-1,u3,"sigma_minus=(0,4,1,5,2,6,3)",1.0,1.0,0.9657973093709475,0.9657973093709475,0.0,CONSTRUCTED-NORMALIZED-CONGRUENCE-QUOTIENT
402,46,150,S12,12,p02,-1,u1,"sigma_minus=(0,4,1,5,2,6,3)",1.0,1.0,0.39943727590997463,0.39943727590997463,0.0,CONSTRUCTED-NORMALIZED-CONGRUENCE-QUOTIENT
403,47,74,S4,4,p03,-1,u2,"sigma_minus=(0,4,1,5,2,6,3)",1.0,1.0,0.03788693475930534,0.03788693475930534,0.0,CONSTRUCTED-NORMALIZED-CONGRUENCE-QUOTIENT
404,47,151,S5,5,p02,-1,u1,"sigma_minus=(0,4,1,5,2,6,3)",1.0,1.0,0.39943727590997463,0.39943727590997463,0.0,CONSTRUCTED-NORMALIZED-CONGRUENCE-QUOTIENT
405,47,67,S7,7,p12,-1,u2,"sigma_minus=(0,4,1,5,2,6,3)",1.0,1.0,0.03788693475930534,0.03788693475930534,0.0,CONSTRUCTED-NORMALIZED-CONGRUENCE-QUOTIENT
406,47,129,S11,11,p23,-1,u3,"sigma_minus=(0,4,1,5,2,6,3)",1.0,1.0,0.9657973093709475,0.9657973093709475,0.0,CONSTRUCTED-NORMALIZED-CONGRUENCE-QUOTIENT
407,47,149,S12,12,p02,-1,u1,"sigma_minus=(0,4,1,5,2,6,3)",1.0,1.0,0.39943727590997463,0.39943727590997463,0.0,CONSTRUCTED-NORMALIZED-CONGRUENCE-QUOTIENT
408,48,49,S1,1,p12,-1,u2,"sigma_minus=(0,4,1,5,2,6,3)",1.0,1.0,0.03788693475930534,0.03788693475930534,0.0,CONSTRUCTED-NORMALIZED-CONGRUENCE-QUOTIENT
409,48,50,S2,2,p13,-1,u1,"sigma_minus=(0,4,1,5,2,6,3)",1.0,1.0,0.39943727590997463,0.39943727590997463,0.0,CONSTRUCTED-NORMALIZED-CONGRUENCE-QUOTIENT
410,48,51,S3,3,p01,-1,u3,"sigma_minus=(0,4,1,5,2,6,3)",1.0,1.0,0.9657973093709475,0.9657973093709475,0.0,CONSTRUCTED-NORMALIZED-CONGRUENCE-QUOTIENT
411,48,69,S4,4,p03,-1,u2,"sigma_minus=(0,4,1,5,2,6,3)",1.0,1.0,0.03788693475930534,0.03788693475930534,0.0,CONSTRUCTED-NORMALIZED-CONGRUENCE-QUOTIENT
412,48,56,S5,5,p02,-1,u1,"sigma_minus=(0,4,1,5,2,6,3)",1.0,1.0,0.39943727590997463,0.39943727590997463,0.0,CONSTRUCTED-NORMALIZED-CONGRUENCE-QUOTIENT
413,48,55,S6,6,p01,-1,u3,"sigma_minus=(0,4,1,5,2,6,3)",1.0,1.0,0.9657973093709475,0.9657973093709475,0.0,CONSTRUCTED-NORMALIZED-CONGRUENCE-QUOTIENT
414,48,162,S9,9,p23,-1,u3,"sigma_minus=(0,4,1,5,2,6,3)",1.0,1.0,0.9657973093709475,0.9657973093709475,0.0,CONSTRUCTED-NORMALIZED-CONGRUENCE-QUOTIENT
415,48,118,S10,10,p03,-1,u2,"sigma_minus=(0,4,1,5,2,6,3)",1.0,1.0,0.03788693475930534,0.03788693475930534,0.0,CONSTRUCTED-NORMALIZED-CONGRUENCE-QUOTIENT
416,48,146,S11,11,p23,-1,u3,"sigma_minus=(0,4,1,5,2,6,3)",1.0,1.0,0.9657973093709475,0.9657973093709475,0.0,CONSTRUCTED-NORMALIZED-CONGRUENCE-QUOTIENT
417,48,122,S12,12,p02,-1,u1,"sigma_minus=(0,4,1,5,2,6,3)",1.0,1.0,0.39943727590997463,0.39943727590997463,0.0,CONSTRUCTED-NORMALIZED-CONGRUENCE-QUOTIENT
418,49,51,S2,2,p13,-1,u1,"sigma_minus=(0,4,1,5,2,6,3)",1.0,1.0,0.39943727590997463,0.39943727590997463,0.0,CONSTRUCTED-NORMALIZED-CONGRUENCE-QUOTIENT
419,49,50,S3,3,p01,-1,u3,"sigma_minus=(0,4,1,5,2,6,3)",1.0,1.0,0.9657973093709475,0.9657973093709475,0.0,CONSTRUCTED-NORMALIZED-CONGRUENCE-QUOTIENT
420,49,70,S4,4,p03,-1,u2,"sigma_minus=(0,4,1,5,2,6,3)",1.0,1.0,0.03788693475930534,0.03788693475930534,0.0,CONSTRUCTED-NORMALIZED-CONGRUENCE-QUOTIENT
421,49,58,S5,5,p02,-1,u1,"sigma_minus=(0,4,1,5,2,6,3)",1.0,1.0,0.39943727590997463,0.39943727590997463,0.0,CONSTRUCTED-NORMALIZED-CONGRUENCE-QUOTIENT
422,49,53,S6,6,p01,-1,u3,"sigma_minus=(0,4,1,5,2,6,3)",1.0,1.0,0.9657973093709475,0.9657973093709475,0.0,CONSTRUCTED-NORMALIZED-CONGRUENCE-QUOTIENT
423,49,160,S9,9,p23,-1,u3,"sigma_minus=(0,4,1,5,2,6,3)",1.0,1.0,0.9657973093709475,0.9657973093709475,0.0,CONSTRUCTED-NORMALIZED-CONGRUENCE-QUOTIENT
424,49,117,S10,10,p03,-1,u2,"sigma_minus=(0,4,1,5,2,6,3)",1.0,1.0,0.03788693475930534,0.03788693475930534,0.0,CONSTRUCTED-NORMALIZED-CONGRUENCE-QUOTIENT
425,49,147,S11,11,p23,-1,u3,"sigma_minus=(0,4,1,5,2,6,3)",1.0,1.0,0.9657973093709475,0.9657973093709475,0.0,CONSTRUCTED-NORMALIZED-CONGRUENCE-QUOTIENT
426,49,123,S12,12,p02,-1,u1,"sigma_minus=(0,4,1,5,2,6,3)",1.0,1.0,0.39943727590997463,0.39943727590997463,0.0,CONSTRUCTED-NORMALIZED-CONGRUENCE-QUOTIENT
427,50,51,S1,1,p12,-1,u2,"sigma_minus=(0,4,1,5,2,6,3)",1.0,1.0,0.03788693475930534,0.03788693475930534,0.0,CONSTRUCTED-NORMALIZED-CONGRUENCE-QUOTIENT
428,50,71,S4,4,p03,-1,u2,"sigma_minus=(0,4,1,5,2,6,3)",1.0,1.0,0.03788693475930534,0.03788693475930534,0.0,CONSTRUCTED-NORMALIZED-CONGRUENCE-QUOTIENT
429,50,59,S5,5,p02,-1,u1,"sigma_minus=(0,4,1,5,2,6,3)",1.0,1.0,0.39943727590997463,0.39943727590997463,0.0,CONSTRUCTED-NORMALIZED-CONGRUENCE-QUOTIENT
430,50,54,S6,6,p01,-1,u3,"sigma_minus=(0,4,1,5,2,6,3)",1.0,1.0,0.9657973093709475,0.9657973093709475,0.0,CONSTRUCTED-NORMALIZED-CONGRUENCE-QUOTIENT
431,50,163,S9,9,p23,-1,u3,"sigma_minus=(0,4,1,5,2,6,3)",1.0,1.0,0.9657973093709475,0.9657973093709475,0.0,CONSTRUCTED-NORMALIZED-CONGRUENCE-QUOTIENT
432,50,119,S10,10,p03,-1,u2,"sigma_minus=(0,4,1,5,2,6,3)",1.0,1.0,0.03788693475930534,0.03788693475930534,0.0,CONSTRUCTED-NORMALIZED-CONGRUENCE-QUOTIENT
433,50,144,S11,11,p23,-1,u3,"sigma_minus=(0,4,1,5,2,6,3)",1.0,1.0,0.9657973093709475,0.9657973093709475,0.0,CONSTRUCTED-NORMALIZED-CONGRUENCE-QUOTIENT
434,50,121,S12,12,p02,-1,u1,"sigma_minus=(0,4,1,5,2,6,3)",1.0,1.0,0.39943727590997463,0.39943727590997463,0.0,CONSTRUCTED-NORMALIZED-CONGRUENCE-QUOTIENT
435,51,68,S4,4,p03,-1,u2,"sigma_minus=(0,4,1,5,2,6,3)",1.0,1.0,0.03788693475930534,0.03788693475930534,0.0,CONSTRUCTED-NORMALIZED-CONGRUENCE-QUOTIENT
436,51,57,S5,5,p02,-1,u1,"sigma_minus=(0,4,1,5,2,6,3)",1.0,1.0,0.39943727590997463,0.39943727590997463,0.0,CONSTRUCTED-NORMALIZED-CONGRUENCE-QUOTIENT
437,51,52,S6,6,p01,-1,u3,"sigma_minus=(0,4,1,5,2,6,3)",1.0,1.0,0.9657973093709475,0.9657973093709475,0.0,CONSTRUCTED-NORMALIZED-CONGRUENCE-QUOTIENT
438,51,161,S9,9,p23,-1,u3,"sigma_minus=(0,4,1,5,2,6,3)",1.0,1.0,0.9657973093709475,0.9657973093709475,0.0,CONSTRUCTED-NORMALIZED-CONGRUENCE-QUOTIENT
439,51,116,S10,10,p03,-1,u2,"sigma_minus=(0,4,1,5,2,6,3)",1.0,1.0,0.03788693475930534,0.03788693475930534,0.0,CONSTRUCTED-NORMALIZED-CONGRUENCE-QUOTIENT
440,51,145,S11,11,p23,-1,u3,"sigma_minus=(0,4,1,5,2,6,3)",1.0,1.0,0.9657973093709475,0.9657973093709475,0.0,CONSTRUCTED-NORMALIZED-CONGRUENCE-QUOTIENT
441,51,120,S12,12,p02,-1,u1,"sigma_minus=(0,4,1,5,2,6,3)",1.0,1.0,0.39943727590997463,0.39943727590997463,0.0,CONSTRUCTED-NORMALIZED-CONGRUENCE-QUOTIENT
442,52,53,S1,1,p12,-1,u2,"sigma_minus=(0,4,1,5,2,6,3)",1.0,1.0,0.03788693475930534,0.03788693475930534,0.0,CONSTRUCTED-NORMALIZED-CONGRUENCE-QUOTIENT
443,52,54,S2,2,p13,-1,u1,"sigma_minus=(0,4,1,5,2,6,3)",1.0,1.0,0.39943727590997463,0.39943727590997463,0.0,CONSTRUCTED-NORMALIZED-CONGRUENCE-QUOTIENT
444,52,55,S3,3,p01,-1,u3,"sigma_minus=(0,4,1,5,2,6,3)",1.0,1.0,0.9657973093709475,0.9657973093709475,0.0,CONSTRUCTED-NORMALIZED-CONGRUENCE-QUOTIENT
445,52,57,S4,4,p03,-1,u2,"sigma_minus=(0,4,1,5,2,6,3)",1.0,1.0,0.03788693475930534,0.03788693475930534,0.0,CONSTRUCTED-NORMALIZED-CONGRUENCE-QUOTIENT
446,52,68,S5,5,p02,-1,u1,"sigma_minus=(0,4,1,5,2,6,3)",1.0,1.0,0.39943727590997463,0.39943727590997463,0.0,CONSTRUCTED-NORMALIZED-CONGRUENCE-QUOTIENT
447,52,150,S9,9,p23,-1,u3,"sigma_minus=(0,4,1,5,2,6,3)",1.0,1.0,0.9657973093709475,0.9657973093709475,0.0,CONSTRUCTED-NORMALIZED-CONGRUENCE-QUOTIENT
448,52,102,S10,10,p03,-1,u2,"sigma_minus=(0,4,1,5,2,6,3)",1.0,1.0,0.03788693475930534,0.03788693475930534,0.0,CONSTRUCTED-NORMALIZED-CONGRUENCE-QUOTIENT
449,52,166,S11,11,p23,-1,u3,"sigma_minus=(0,4,1,5,2,6,3)",1.0,1.0,0.9657973093709475,0.9657973093709475,0.0,CONSTRUCTED-NORMALIZED-CONGRUENCE-QUOTIENT
450,52,142,S12,12,p02,-1,u1,"sigma_minus=(0,4,1,5,2,6,3)",1.0,1.0,0.39943727590997463,0.39943727590997463,0.0,CONSTRUCTED-NORMALIZED-CONGRUENCE-QUOTIENT
451,53,55,S2,2,p13,-1,u1,"sigma_minus=(0,4,1,5,2,6,3)",1.0,1.0,0.39943727590997463,0.39943727590997463,0.0,CONSTRUCTED-NORMALIZED-CONGRUENCE-QUOTIENT
452,53,54,S3,3,p01,-1,u3,"sigma_minus=(0,4,1,5,2,6,3)",1.0,1.0,0.9657973093709475,0.9657973093709475,0.0,CONSTRUCTED-NORMALIZED-CONGRUENCE-QUOTIENT
453,53,58,S4,4,p03,-1,u2,"sigma_minus=(0,4,1,5,2,6,3)",1.0,1.0,0.03788693475930534,0.03788693475930534,0.0,CONSTRUCTED-NORMALIZED-CONGRUENCE-QUOTIENT
454,53,70,S5,5,p02,-1,u1,"sigma_minus=(0,4,1,5,2,6,3)",1.0,1.0,0.39943727590997463,0.39943727590997463,0.0,CONSTRUCTED-NORMALIZED-CONGRUENCE-QUOTIENT
455,53,148,S9,9,p23,-1,u3,"sigma_minus=(0,4,1,5,2,6,3)",1.0,1.0,0.9657973093709475,0.9657973093709475,0.0,CONSTRUCTED-NORMALIZED-CONGRUENCE-QUOTIENT
456,53,101,S10,10,p03,-1,u2,"sigma_minus=(0,4,1,5,2,6,3)",1.0,1.0,0.03788693475930534,0.03788693475930534,0.0,CONSTRUCTED-NORMALIZED-CONGRUENCE-QUOTIENT
457,53,167,S11,11,p23,-1,u3,"sigma_minus=(0,4,1,5,2,6,3)",1.0,1.0,0.9657973093709475,0.9657973093709475,0.0,CONSTRUCTED-NORMALIZED-CONGRUENCE-QUOTIENT
458,53,143,S12,12,p02,-1,u1,"sigma_minus=(0,4,1,5,2,6,3)",1.0,1.0,0.39943727590997463,0.39943727590997463,0.0,CONSTRUCTED-NORMALIZED-CONGRUENCE-QUOTIENT
459,54,55,S1,1,p12,-1,u2,"sigma_minus=(0,4,1,5,2,6,3)",1.0,1.0,0.03788693475930534,0.03788693475930534,0.0,CONSTRUCTED-NORMALIZED-CONGRUENCE-QUOTIENT
460,54,59,S4,4,p03,-1,u2,"sigma_minus=(0,4,1,5,2,6,3)",1.0,1.0,0.03788693475930534,0.03788693475930534,0.0,CONSTRUCTED-NORMALIZED-CONGRUENCE-QUOTIENT
461,54,71,S5,5,p02,-1,u1,"sigma_minus=(0,4,1,5,2,6,3)",1.0,1.0,0.39943727590997463,0.39943727590997463,0.0,CONSTRUCTED-NORMALIZED-CONGRUENCE-QUOTIENT
462,54,151,S9,9,p23,-1,u3,"sigma_minus=(0,4,1,5,2,6,3)",1.0,1.0,0.9657973093709475,0.9657973093709475,0.0,CONSTRUCTED-NORMALIZED-CONGRUENCE-QUOTIENT
463,54,103,S10,10,p03,-1,u2,"sigma_minus=(0,4,1,5,2,6,3)",1.0,1.0,0.03788693475930534,0.03788693475930534,0.0,CONSTRUCTED-NORMALIZED-CONGRUENCE-QUOTIENT
464,54,164,S11,11,p23,-1,u3,"sigma_minus=(0,4,1,5,2,6,3)",1.0,1.0,0.9657973093709475,0.9657973093709475,0.0,CONSTRUCTED-NORMALIZED-CONGRUENCE-QUOTIENT
465,54,141,S12,12,p02,-1,u1,"sigma_minus=(0,4,1,5,2,6,3)",1.0,1.0,0.39943727590997463,0.39943727590997463,0.0,CONSTRUCTED-NORMALIZED-CONGRUENCE-QUOTIENT
466,55,56,S4,4,p03,-1,u2,"sigma_minus=(0,4,1,5,2,6,3)",1.0,1.0,0.03788693475930534,0.03788693475930534,0.0,CONSTRUCTED-NORMALIZED-CONGRUENCE-QUOTIENT
467,55,69,S5,5,p02,-1,u1,"sigma_minus=(0,4,1,5,2,6,3)",1.0,1.0,0.39943727590997463,0.39943727590997463,0.0,CONSTRUCTED-NORMALIZED-CONGRUENCE-QUOTIENT
468,55,149,S9,9,p23,-1,u3,"sigma_minus=(0,4,1,5,2,6,3)",1.0,1.0,0.9657973093709475,0.9657973093709475,0.0,CONSTRUCTED-NORMALIZED-CONGRUENCE-QUOTIENT
469,55,100,S10,10,p03,-1,u2,"sigma_minus=(0,4,1,5,2,6,3)",1.0,1.0,0.03788693475930534,0.03788693475930534,0.0,CONSTRUCTED-NORMALIZED-CONGRUENCE-QUOTIENT
470,55,165,S11,11,p23,-1,u3,"sigma_minus=(0,4,1,5,2,6,3)",1.0,1.0,0.9657973093709475,0.9657973093709475,0.0,CONSTRUCTED-NORMALIZED-CONGRUENCE-QUOTIENT
471,55,140,S12,12,p02,-1,u1,"sigma_minus=(0,4,1,5,2,6,3)",1.0,1.0,0.39943727590997463,0.39943727590997463,0.0,CONSTRUCTED-NORMALIZED-CONGRUENCE-QUOTIENT
472,56,60,S1,1,p12,-1,u2,"sigma_minus=(0,4,1,5,2,6,3)",1.0,1.0,0.03788693475930534,0.03788693475930534,0.0,CONSTRUCTED-NORMALIZED-CONGRUENCE-QUOTIENT
473,56,64,S2,2,p13,-1,u1,"sigma_minus=(0,4,1,5,2,6,3)",1.0,1.0,0.39943727590997463,0.39943727590997463,0.0,CONSTRUCTED-NORMALIZED-CONGRUENCE-QUOTIENT
474,56,68,S3,3,p01,-1,u3,"sigma_minus=(0,4,1,5,2,6,3)",1.0,1.0,0.9657973093709475,0.9657973093709475,0.0,CONSTRUCTED-NORMALIZED-CONGRUENCE-QUOTIENT
475,56,69,S6,6,p01,-1,u3,"sigma_minus=(0,4,1,5,2,6,3)",1.0,1.0,0.9657973093709475,0.9657973093709475,0.0,CONSTRUCTED-NORMALIZED-CONGRUENCE-QUOTIENT
476,56,158,S9,9,p23,-1,u3,"sigma_minus=(0,4,1,5,2,6,3)",1.0,1.0,0.9657973093709475,0.9657973093709475,0.0,CONSTRUCTED-NORMALIZED-CONGRUENCE-QUOTIENT
477,56,111,S10,10,p03,-1,u2,"sigma_minus=(0,4,1,5,2,6,3)",1.0,1.0,0.03788693475930534,0.03788693475930534,0.0,CONSTRUCTED-NORMALIZED-CONGRUENCE-QUOTIENT
478,56,156,S11,11,p23,-1,u3,"sigma_minus=(0,4,1,5,2,6,3)",1.0,1.0,0.9657973093709475,0.9657973093709475,0.0,CONSTRUCTED-NORMALIZED-CONGRUENCE-QUOTIENT
479,56,132,S12,12,p02,-1,u1,"sigma_minus=(0,4,1,5,2,6,3)",1.0,1.0,0.39943727590997463,0.39943727590997463,0.0,CONSTRUCTED-NORMALIZED-CONGRUENCE-QUOTIENT
480,57,61,S1,1,p12,-1,u2,"sigma_minus=(0,4,1,5,2,6,3)",1.0,1.0,0.03788693475930534,0.03788693475930534,0.0,CONSTRUCTED-NORMALIZED-CONGRUENCE-QUOTIENT
481,57,65,S2,2,p13,-1,u1,"sigma_minus=(0,4,1,5,2,6,3)",1.0,1.0,0.39943727590997463,0.39943727590997463,0.0,CONSTRUCTED-NORMALIZED-CONGRUENCE-QUOTIENT
482,57,69,S3,3,p01,-1,u3,"sigma_minus=(0,4,1,5,2,6,3)",1.0,1.0,0.9657973093709475,0.9657973093709475,0.0,CONSTRUCTED-NORMALIZED-CONGRUENCE-QUOTIENT
483,57,68,S6,6,p01,-1,u3,"sigma_minus=(0,4,1,5,2,6,3)",1.0,1.0,0.9657973093709475,0.9657973093709475,0.0,CONSTRUCTED-NORMALIZED-CONGRUENCE-QUOTIENT
484,57,157,S9,9,p23,-1,u3,"sigma_minus=(0,4,1,5,2,6,3)",1.0,1.0,0.9657973093709475,0.9657973093709475,0.0,CONSTRUCTED-NORMALIZED-CONGRUENCE-QUOTIENT
485,57,108,S10,10,p03,-1,u2,"sigma_minus=(0,4,1,5,2,6,3)",1.0,1.0,0.03788693475930534,0.03788693475930534,0.0,CONSTRUCTED-NORMALIZED-CONGRUENCE-QUOTIENT
486,57,159,S11,11,p23,-1,u3,"sigma_minus=(0,4,1,5,2,6,3)",1.0,1.0,0.9657973093709475,0.9657973093709475,0.0,CONSTRUCTED-NORMALIZED-CONGRUENCE-QUOTIENT
487,57,135,S12,12,p02,-1,u1,"sigma_minus=(0,4,1,5,2,6,3)",1.0,1.0,0.39943727590997463,0.39943727590997463,0.0,CONSTRUCTED-NORMALIZED-CONGRUENCE-QUOTIENT
488,58,62,S1,1,p12,-1,u2,"sigma_minus=(0,4,1,5,2,6,3)",1.0,1.0,0.03788693475930534,0.03788693475930534,0.0,CONSTRUCTED-NORMALIZED-CONGRUENCE-QUOTIENT
489,58,67,S2,2,p13,-1,u1,"sigma_minus=(0,4,1,5,2,6,3)",1.0,1.0,0.39943727590997463,0.39943727590997463,0.0,CONSTRUCTED-NORMALIZED-CONGRUENCE-QUOTIENT
490,58,71,S3,3,p01,-1,u3,"sigma_minus=(0,4,1,5,2,6,3)",1.0,1.0,0.9657973093709475,0.9657973093709475,0.0,CONSTRUCTED-NORMALIZED-CONGRUENCE-QUOTIENT
491,58,70,S6,6,p01,-1,u3,"sigma_minus=(0,4,1,5,2,6,3)",1.0,1.0,0.9657973093709475,0.9657973093709475,0.0,CONSTRUCTED-NORMALIZED-CONGRUENCE-QUOTIENT
492,58,156,S9,9,p23,-1,u3,"sigma_minus=(0,4,1,5,2,6,3)",1.0,1.0,0.9657973093709475,0.9657973093709475,0.0,CONSTRUCTED-NORMALIZED-CONGRUENCE-QUOTIENT
493,58,109,S10,10,p03,-1,u2,"sigma_minus=(0,4,1,5,2,6,3)",1.0,1.0,0.03788693475930534,0.03788693475930534,0.0,CONSTRUCTED-NORMALIZED-CONGRUENCE-QUOTIENT
494,58,158,S11,11,p23,-1,u3,"sigma_minus=(0,4,1,5,2,6,3)",1.0,1.0,0.9657973093709475,0.9657973093709475,0.0,CONSTRUCTED-NORMALIZED-CONGRUENCE-QUOTIENT
495,58,134,S12,12,p02,-1,u1,"sigma_minus=(0,4,1,5,2,6,3)",1.0,1.0,0.39943727590997463,0.39943727590997463,0.0,CONSTRUCTED-NORMALIZED-CONGRUENCE-QUOTIENT
496,59,63,S1,1,p12,-1,u2,"sigma_minus=(0,4,1,5,2,6,3)",1.0,1.0,0.03788693475930534,0.03788693475930534,0.0,CONSTRUCTED-NORMALIZED-CONGRUENCE-QUOTIENT
497,59,66,S2,2,p13,-1,u1,"sigma_minus=(0,4,1,5,2,6,3)",1.0,1.0,0.39943727590997463,0.39943727590997463,0.0,CONSTRUCTED-NORMALIZED-CONGRUENCE-QUOTIENT
498,59,70,S3,3,p01,-1,u3,"sigma_minus=(0,4,1,5,2,6,3)",1.0,1.0,0.9657973093709475,0.9657973093709475,0.0,CONSTRUCTED-NORMALIZED-CONGRUENCE-QUOTIENT
499,59,71,S6,6,p01,-1,u3,"sigma_minus=(0,4,1,5,2,6,3)",1.0,1.0,0.9657973093709475,0.9657973093709475,0.0,CONSTRUCTED-NORMALIZED-CONGRUENCE-QUOTIENT
500,59,159,S9,9,p23,-1,u3,"sigma_minus=(0,4,1,5,2,6,3)",1.0,1.0,0.9657973093709475,0.9657973093709475,0.0,CONSTRUCTED-NORMALIZED-CONGRUENCE-QUOTIENT
501,59,110,S10,10,p03,-1,u2,"sigma_minus=(0,4,1,5,2,6,3)",1.0,1.0,0.03788693475930534,0.03788693475930534,0.0,CONSTRUCTED-NORMALIZED-CONGRUENCE-QUOTIENT
502,59,157,S11,11,p23,-1,u3,"sigma_minus=(0,4,1,5,2,6,3)",1.0,1.0,0.9657973093709475,0.9657973093709475,0.0,CONSTRUCTED-NORMALIZED-CONGRUENCE-QUOTIENT
503,59,133,S12,12,p02,-1,u1,"sigma_minus=(0,4,1,5,2,6,3)",1.0,1.0,0.39943727590997463,0.39943727590997463,0.0,CONSTRUCTED-NORMALIZED-CONGRUENCE-QUOTIENT
504,60,68,S2,2,p13,-1,u1,"sigma_minus=(0,4,1,5,2,6,3)",1.0,1.0,0.39943727590997463,0.39943727590997463,0.0,CONSTRUCTED-NORMALIZED-CONGRUENCE-QUOTIENT
505,60,64,S3,3,p01,-1,u3,"sigma_minus=(0,4,1,5,2,6,3)",1.0,1.0,0.9657973093709475,0.9657973093709475,0.0,CONSTRUCTED-NORMALIZED-CONGRUENCE-QUOTIENT
506,60,63,S4,4,p03,-1,u2,"sigma_minus=(0,4,1,5,2,6,3)",1.0,1.0,0.03788693475930534,0.03788693475930534,0.0,CONSTRUCTED-NORMALIZED-CONGRUENCE-QUOTIENT
507,60,62,S5,5,p02,-1,u1,"sigma_minus=(0,4,1,5,2,6,3)",1.0,1.0,0.39943727590997463,0.39943727590997463,0.0,CONSTRUCTED-NORMALIZED-CONGRUENCE-QUOTIENT
508,60,61,S6,6,p01,-1,u3,"sigma_minus=(0,4,1,5,2,6,3)",1.0,1.0,0.9657973093709475,0.9657973093709475,0.0,CONSTRUCTED-NORMALIZED-CONGRUENCE-QUOTIENT
509,60,147,S9,9,p23,-1,u3,"sigma_minus=(0,4,1,5,2,6,3)",1.0,1.0,0.9657973093709475,0.9657973093709475,0.0,CONSTRUCTED-NORMALIZED-CONGRUENCE-QUOTIENT
510,60,107,S10,10,p03,-1,u2,"sigma_minus=(0,4,1,5,2,6,3)",1.0,1.0,0.03788693475930534,0.03788693475930534,0.0,CONSTRUCTED-NORMALIZED-CONGRUENCE-QUOTIENT
511,60,160,S11,11,p23,-1,u3,"sigma_minus=(0,4,1,5,2,6,3)",1.0,1.0,0.9657973093709475,0.9657973093709475,0.0,CONSTRUCTED-NORMALIZED-CONGRUENCE-QUOTIENT
512,60,136,S12,12,p02,-1,u1,"sigma_minus=(0,4,1,5,2,6,3)",1.0,1.0,0.39943727590997463,0.39943727590997463,0.0,CONSTRUCTED-NORMALIZED-CONGRUENCE-QUOTIENT
513,61,69,S2,2,p13,-1,u1,"sigma_minus=(0,4,1,5,2,6,3)",1.0,1.0,0.39943727590997463,0.39943727590997463,0.0,CONSTRUCTED-NORMALIZED-CONGRUENCE-QUOTIENT
514,61,65,S3,3,p01,-1,u3,"sigma_minus=(0,4,1,5,2,6,3)",1.0,1.0,0.9657973093709475,0.9657973093709475,0.0,CONSTRUCTED-NORMALIZED-CONGRUENCE-QUOTIENT
515,61,62,S4,4,p03,-1,u2,"sigma_minus=(0,4,1,5,2,6,3)",1.0,1.0,0.03788693475930534,0.03788693475930534,0.0,CONSTRUCTED-NORMALIZED-CONGRUENCE-QUOTIENT
516,61,63,S5,5,p02,-1,u1,"sigma_minus=(0,4,1,5,2,6,3)",1.0,1.0,0.39943727590997463,0.39943727590997463,0.0,CONSTRUCTED-NORMALIZED-CONGRUENCE-QUOTIENT
517,61,144,S9,9,p23,-1,u3,"sigma_minus=(0,4,1,5,2,6,3)",1.0,1.0,0.9657973093709475,0.9657973093709475,0.0,CONSTRUCTED-NORMALIZED-CONGRUENCE-QUOTIENT
518,61,105,S10,10,p03,-1,u2,"sigma_minus=(0,4,1,5,2,6,3)",1.0,1.0,0.03788693475930534,0.03788693475930534,0.0,CONSTRUCTED-NORMALIZED-CONGRUENCE-QUOTIENT
519,61,163,S11,11,p23,-1,u3,"sigma_minus=(0,4,1,5,2,6,3)",1.0,1.0,0.9657973093709475,0.9657973093709475,0.0,CONSTRUCTED-NORMALIZED-CONGRUENCE-QUOTIENT
520,61,139,S12,12,p02,-1,u1,"sigma_minus=(0,4,1,5,2,6,3)",1.0,1.0,0.39943727590997463,0.39943727590997463,0.0,CONSTRUCTED-NORMALIZED-CONGRUENCE-QUOTIENT
521,62,71,S2,2,p13,-1,u1,"sigma_minus=(0,4,1,5,2,6,3)",1.0,1.0,0.39943727590997463,0.39943727590997463,0.0,CONSTRUCTED-NORMALIZED-CONGRUENCE-QUOTIENT
522,62,67,S3,3,p01,-1,u3,"sigma_minus=(0,4,1,5,2,6,3)",1.0,1.0,0.9657973093709475,0.9657973093709475,0.0,CONSTRUCTED-NORMALIZED-CONGRUENCE-QUOTIENT
523,62,63,S6,6,p01,-1,u3,"sigma_minus=(0,4,1,5,2,6,3)",1.0,1.0,0.9657973093709475,0.9657973093709475,0.0,CONSTRUCTED-NORMALIZED-CONGRUENCE-QUOTIENT
524,62,146,S9,9,p23,-1,u3,"sigma_minus=(0,4,1,5,2,6,3)",1.0,1.0,0.9657973093709475,0.9657973093709475,0.0,CONSTRUCTED-NORMALIZED-CONGRUENCE-QUOTIENT
525,62,106,S10,10,p03,-1,u2,"sigma_minus=(0,4,1,5,2,6,3)",1.0,1.0,0.03788693475930534,0.03788693475930534,0.0,CONSTRUCTED-NORMALIZED-CONGRUENCE-QUOTIENT
526,62,162,S11,11,p23,-1,u3,"sigma_minus=(0,4,1,5,2,6,3)",1.0,1.0,0.9657973093709475,0.9657973093709475,0.0,CONSTRUCTED-NORMALIZED-CONGRUENCE-QUOTIENT
527,62,138,S12,12,p02,-1,u1,"sigma_minus=(0,4,1,5,2,6,3)",1.0,1.0,0.39943727590997463,0.39943727590997463,0.0,CONSTRUCTED-NORMALIZED-CONGRUENCE-QUOTIENT
528,63,70,S2,2,p13,-1,u1,"sigma_minus=(0,4,1,5,2,6,3)",1.0,1.0,0.39943727590997463,0.39943727590997463,0.0,CONSTRUCTED-NORMALIZED-CONGRUENCE-QUOTIENT
529,63,66,S3,3,p01,-1,u3,"sigma_minus=(0,4,1,5,2,6,3)",1.0,1.0,0.9657973093709475,0.9657973093709475,0.0,CONSTRUCTED-NORMALIZED-CONGRUENCE-QUOTIENT
530,63,145,S9,9,p23,-1,u3,"sigma_minus=(0,4,1,5,2,6,3)",1.0,1.0,0.9657973093709475,0.9657973093709475,0.0,CONSTRUCTED-NORMALIZED-CONGRUENCE-QUOTIENT
531,63,104,S10,10,p03,-1,u2,"sigma_minus=(0,4,1,5,2,6,3)",1.0,1.0,0.03788693475930534,0.03788693475930534,0.0,CONSTRUCTED-NORMALIZED-CONGRUENCE-QUOTIENT
532,63,161,S11,11,p23,-1,u3,"sigma_minus=(0,4,1,5,2,6,3)",1.0,1.0,0.9657973093709475,0.9657973093709475,0.0,CONSTRUCTED-NORMALIZED-CONGRUENCE-QUOTIENT
533,63,137,S12,12,p02,-1,u1,"sigma_minus=(0,4,1,5,2,6,3)",1.0,1.0,0.39943727590997463,0.39943727590997463,0.0,CONSTRUCTED-NORMALIZED-CONGRUENCE-QUOTIENT
534,64,68,S1,1,p12,-1,u2,"sigma_minus=(0,4,1,5,2,6,3)",1.0,1.0,0.03788693475930534,0.03788693475930534,0.0,CONSTRUCTED-NORMALIZED-CONGRUENCE-QUOTIENT
535,64,67,S4,4,p03,-1,u2,"sigma_minus=(0,4,1,5,2,6,3)",1.0,1.0,0.03788693475930534,0.03788693475930534,0.0,CONSTRUCTED-NORMALIZED-CONGRUENCE-QUOTIENT
536,64,66,S5,5,p02,-1,u1,"sigma_minus=(0,4,1,5,2,6,3)",1.0,1.0,0.39943727590997463,0.39943727590997463,0.0,CONSTRUCTED-NORMALIZED-CONGRUENCE-QUOTIENT
537,64,65,S6,6,p01,-1,u3,"sigma_minus=(0,4,1,5,2,6,3)",1.0,1.0,0.9657973093709475,0.9657973093709475,0.0,CONSTRUCTED-NORMALIZED-CONGRUENCE-QUOTIENT
538,64,167,S9,9,p23,-1,u3,"sigma_minus=(0,4,1,5,2,6,3)",1.0,1.0,0.9657973093709475,0.9657973093709475,0.0,CONSTRUCTED-NORMALIZED-CONGRUENCE-QUOTIENT
539,64,115,S10,10,p03,-1,u2,"sigma_minus=(0,4,1,5,2,6,3)",1.0,1.0,0.03788693475930534,0.03788693475930534,0.0,CONSTRUCTED-NORMALIZED-CONGRUENCE-QUOTIENT
540,64,148,S11,11,p23,-1,u3,"sigma_minus=(0,4,1,5,2,6,3)",1.0,1.0,0.9657973093709475,0.9657973093709475,0.0,CONSTRUCTED-NORMALIZED-CONGRUENCE-QUOTIENT
541,64,128,S12,12,p02,-1,u1,"sigma_minus=(0,4,1,5,2,6,3)",1.0,1.0,0.39943727590997463,0.39943727590997463,0.0,CONSTRUCTED-NORMALIZED-CONGRUENCE-QUOTIENT
542,65,69,S1,1,p12,-1,u2,"sigma_minus=(0,4,1,5,2,6,3)",1.0,1.0,0.03788693475930534,0.03788693475930534,0.0,CONSTRUCTED-NORMALIZED-CONGRUENCE-QUOTIENT
543,65,66,S4,4,p03,-1,u2,"sigma_minus=(0,4,1,5,2,6,3)",1.0,1.0,0.03788693475930534,0.03788693475930534,0.0,CONSTRUCTED-NORMALIZED-CONGRUENCE-QUOTIENT
544,65,67,S5,5,p02,-1,u1,"sigma_minus=(0,4,1,5,2,6,3)",1.0,1.0,0.39943727590997463,0.39943727590997463,0.0,CONSTRUCTED-NORMALIZED-CONGRUENCE-QUOTIENT
545,65,164,S9,9,p23,-1,u3,"sigma_minus=(0,4,1,5,2,6,3)",1.0,1.0,0.9657973093709475,0.9657973093709475,0.0,CONSTRUCTED-NORMALIZED-CONGRUENCE-QUOTIENT
546,65,113,S10,10,p03,-1,u2,"sigma_minus=(0,4,1,5,2,6,3)",1.0,1.0,0.03788693475930534,0.03788693475930534,0.0,CONSTRUCTED-NORMALIZED-CONGRUENCE-QUOTIENT
547,65,151,S11,11,p23,-1,u3,"sigma_minus=(0,4,1,5,2,6,3)",1.0,1.0,0.9657973093709475,0.9657973093709475,0.0,CONSTRUCTED-NORMALIZED-CONGRUENCE-QUOTIENT
548,65,131,S12,12,p02,-1,u1,"sigma_minus=(0,4,1,5,2,6,3)",1.0,1.0,0.39943727590997463,0.39943727590997463,0.0,CONSTRUCTED-NORMALIZED-CONGRUENCE-QUOTIENT
549,66,70,S1,1,p12,-1,u2,"sigma_minus=(0,4,1,5,2,6,3)",1.0,1.0,0.03788693475930534,0.03788693475930534,0.0,CONSTRUCTED-NORMALIZED-CONGRUENCE-QUOTIENT
550,66,67,S6,6,p01,-1,u3,"sigma_minus=(0,4,1,5,2,6,3)",1.0,1.0,0.9657973093709475,0.9657973093709475,0.0,CONSTRUCTED-NORMALIZED-CONGRUENCE-QUOTIENT
551,66,166,S9,9,p23,-1,u3,"sigma_minus=(0,4,1,5,2,6,3)",1.0,1.0,0.9657973093709475,0.9657973093709475,0.0,CONSTRUCTED-NORMALIZED-CONGRUENCE-QUOTIENT
552,66,114,S10,10,p03,-1,u2,"sigma_minus=(0,4,1,5,2,6,3)",1.0,1.0,0.03788693475930534,0.03788693475930534,0.0,CONSTRUCTED-NORMALIZED-CONGRUENCE-QUOTIENT
553,66,150,S11,11,p23,-1,u3,"sigma_minus=(0,4,1,5,2,6,3)",1.0,1.0,0.9657973093709475,0.9657973093709475,0.0,CONSTRUCTED-NORMALIZED-CONGRUENCE-QUOTIENT
554,66,130,S12,12,p02,-1,u1,"sigma_minus=(0,4,1,5,2,6,3)",1.0,1.0,0.39943727590997463,0.39943727590997463,0.0,CONSTRUCTED-NORMALIZED-CONGRUENCE-QUOTIENT
555,67,71,S1,1,p12,-1,u2,"sigma_minus=(0,4,1,5,2,6,3)",1.0,1.0,0.03788693475930534,0.03788693475930534,0.0,CONSTRUCTED-NORMALIZED-CONGRUENCE-QUOTIENT
556,67,165,S9,9,p23,-1,u3,"sigma_minus=(0,4,1,5,2,6,3)",1.0,1.0,0.9657973093709475,0.9657973093709475,0.0,CONSTRUCTED-NORMALIZED-CONGRUENCE-QUOTIENT
557,67,112,S10,10,p03,-1,u2,"sigma_minus=(0,4,1,5,2,6,3)",1.0,1.0,0.03788693475930534,0.03788693475930534,0.0,CONSTRUCTED-NORMALIZED-CONGRUENCE-QUOTIENT
558,67,149,S11,11,p23,-1,u3,"sigma_minus=(0,4,1,5,2,6,3)",1.0,1.0,0.9657973093709475,0.9657973093709475,0.0,CONSTRUCTED-NORMALIZED-CONGRUENCE-QUOTIENT
559,67,129,S12,12,p02,-1,u1,"sigma_minus=(0,4,1,5,2,6,3)",1.0,1.0,0.39943727590997463,0.39943727590997463,0.0,CONSTRUCTED-NORMALIZED-CONGRUENCE-QUOTIENT
560,68,154,S9,9,p23,-1,u3,"sigma_minus=(0,4,1,5,2,6,3)",1.0,1.0,0.9657973093709475,0.9657973093709475,0.0,CONSTRUCTED-NORMALIZED-CONGRUENCE-QUOTIENT
561,68,99,S10,10,p03,-1,u2,"sigma_minus=(0,4,1,5,2,6,3)",1.0,1.0,0.03788693475930534,0.03788693475930534,0.0,CONSTRUCTED-NORMALIZED-CONGRUENCE-QUOTIENT
562,68,152,S11,11,p23,-1,u3,"sigma_minus=(0,4,1,5,2,6,3)",1.0,1.0,0.9657973093709475,0.9657973093709475,0.0,CONSTRUCTED-NORMALIZED-CONGRUENCE-QUOTIENT
563,68,124,S12,12,p02,-1,u1,"sigma_minus=(0,4,1,5,2,6,3)",1.0,1.0,0.39943727590997463,0.39943727590997463,0.0,CONSTRUCTED-NORMALIZED-CONGRUENCE-QUOTIENT
564,69,153,S9,9,p23,-1,u3,"sigma_minus=(0,4,1,5,2,6,3)",1.0,1.0,0.9657973093709475,0.9657973093709475,0.0,CONSTRUCTED-NORMALIZED-CONGRUENCE-QUOTIENT
565,69,96,S10,10,p03,-1,u2,"sigma_minus=(0,4,1,5,2,6,3)",1.0,1.0,0.03788693475930534,0.03788693475930534,0.0,CONSTRUCTED-NORMALIZED-CONGRUENCE-QUOTIENT
566,69,155,S11,11,p23,-1,u3,"sigma_minus=(0,4,1,5,2,6,3)",1.0,1.0,0.9657973093709475,0.9657973093709475,0.0,CONSTRUCTED-NORMALIZED-CONGRUENCE-QUOTIENT
567,69,127,S12,12,p02,-1,u1,"sigma_minus=(0,4,1,5,2,6,3)",1.0,1.0,0.39943727590997463,0.39943727590997463,0.0,CONSTRUCTED-NORMALIZED-CONGRUENCE-QUOTIENT
568,70,152,S9,9,p23,-1,u3,"sigma_minus=(0,4,1,5,2,6,3)",1.0,1.0,0.9657973093709475,0.9657973093709475,0.0,CONSTRUCTED-NORMALIZED-CONGRUENCE-QUOTIENT
569,70,97,S10,10,p03,-1,u2,"sigma_minus=(0,4,1,5,2,6,3)",1.0,1.0,0.03788693475930534,0.03788693475930534,0.0,CONSTRUCTED-NORMALIZED-CONGRUENCE-QUOTIENT
570,70,154,S11,11,p23,-1,u3,"sigma_minus=(0,4,1,5,2,6,3)",1.0,1.0,0.9657973093709475,0.9657973093709475,0.0,CONSTRUCTED-NORMALIZED-CONGRUENCE-QUOTIENT
571,70,126,S12,12,p02,-1,u1,"sigma_minus=(0,4,1,5,2,6,3)",1.0,1.0,0.39943727590997463,0.39943727590997463,0.0,CONSTRUCTED-NORMALIZED-CONGRUENCE-QUOTIENT
572,71,155,S9,9,p23,-1,u3,"sigma_minus=(0,4,1,5,2,6,3)",1.0,1.0,0.9657973093709475,0.9657973093709475,0.0,CONSTRUCTED-NORMALIZED-CONGRUENCE-QUOTIENT
573,71,98,S10,10,p03,-1,u2,"sigma_minus=(0,4,1,5,2,6,3)",1.0,1.0,0.03788693475930534,0.03788693475930534,0.0,CONSTRUCTED-NORMALIZED-CONGRUENCE-QUOTIENT
574,71,153,S11,11,p23,-1,u3,"sigma_minus=(0,4,1,5,2,6,3)",1.0,1.0,0.9657973093709475,0.9657973093709475,0.0,CONSTRUCTED-NORMALIZED-CONGRUENCE-QUOTIENT
575,71,125,S12,12,p02,-1,u1,"sigma_minus=(0,4,1,5,2,6,3)",1.0,1.0,0.39943727590997463,0.39943727590997463,0.0,CONSTRUCTED-NORMALIZED-CONGRUENCE-QUOTIENT
576,72,96,S1,1,p12,-1,u2,"sigma_minus=(0,4,1,5,2,6,3)",1.0,1.0,0.03788693475930534,0.03788693475930534,0.0,CONSTRUCTED-NORMALIZED-CONGRUENCE-QUOTIENT
577,72,120,S2,2,p13,-1,u1,"sigma_minus=(0,4,1,5,2,6,3)",1.0,1.0,0.39943727590997463,0.39943727590997463,0.0,CONSTRUCTED-NORMALIZED-CONGRUENCE-QUOTIENT
578,72,144,S3,3,p01,-1,u3,"sigma_minus=(0,4,1,5,2,6,3)",1.0,1.0,0.9657973093709475,0.9657973093709475,0.0,CONSTRUCTED-NORMALIZED-CONGRUENCE-QUOTIENT
579,72,148,S6,6,p01,-1,u3,"sigma_minus=(0,4,1,5,2,6,3)",1.0,1.0,0.9657973093709475,0.9657973093709475,0.0,CONSTRUCTED-NORMALIZED-CONGRUENCE-QUOTIENT
580,72,73,S7,7,p12,-1,u2,"sigma_minus=(0,4,1,5,2,6,3)",1.0,1.0,0.03788693475930534,0.03788693475930534,0.0,CONSTRUCTED-NORMALIZED-CONGRUENCE-QUOTIENT
581,72,81,S8,8,p13,-1,u1,"sigma_minus=(0,4,1,5,2,6,3)",1.0,1.0,0.39943727590997463,0.39943727590997463,0.0,CONSTRUCTED-NORMALIZED-CONGRUENCE-QUOTIENT
582,72,84,S9,9,p23,-1,u3,"sigma_minus=(0,4,1,5,2,6,3)",1.0,1.0,0.9657973093709475,0.9657973093709475,0.0,CONSTRUCTED-NORMALIZED-CONGRUENCE-QUOTIENT
583,72,93,S10,10,p03,-1,u2,"sigma_minus=(0,4,1,5,2,6,3)",1.0,1.0,0.03788693475930534,0.03788693475930534,0.0,CONSTRUCTED-NORMALIZED-CONGRUENCE-QUOTIENT
584,72,74,S11,11,p23,-1,u3,"sigma_minus=(0,4,1,5,2,6,3)",1.0,1.0,0.9657973093709475,0.9657973093709475,0.0,CONSTRUCTED-NORMALIZED-CONGRUENCE-QUOTIENT
585,72,75,S12,12,p02,-1,u1,"sigma_minus=(0,4,1,5,2,6,3)",1.0,1.0,0.39943727590997463,0.39943727590997463,0.0,CONSTRUCTED-NORMALIZED-CONGRUENCE-QUOTIENT
586,73,97,S1,1,p12,-1,u2,"sigma_minus=(0,4,1,5,2,6,3)",1.0,1.0,0.03788693475930534,0.03788693475930534,0.0,CONSTRUCTED-NORMALIZED-CONGRUENCE-QUOTIENT
587,73,121,S2,2,p13,-1,u1,"sigma_minus=(0,4,1,5,2,6,3)",1.0,1.0,0.39943727590997463,0.39943727590997463,0.0,CONSTRUCTED-NORMALIZED-CONGRUENCE-QUOTIENT
588,73,145,S3,3,p01,-1,u3,"sigma_minus=(0,4,1,5,2,6,3)",1.0,1.0,0.9657973093709475,0.9657973093709475,0.0,CONSTRUCTED-NORMALIZED-CONGRUENCE-QUOTIENT
589,73,149,S6,6,p01,-1,u3,"sigma_minus=(0,4,1,5,2,6,3)",1.0,1.0,0.9657973093709475,0.9657973093709475,0.0,CONSTRUCTED-NORMALIZED-CONGRUENCE-QUOTIENT
590,73,80,S8,8,p13,-1,u1,"sigma_minus=(0,4,1,5,2,6,3)",1.0,1.0,0.39943727590997463,0.39943727590997463,0.0,CONSTRUCTED-NORMALIZED-CONGRUENCE-QUOTIENT
591,73,87,S9,9,p23,-1,u3,"sigma_minus=(0,4,1,5,2,6,3)",1.0,1.0,0.9657973093709475,0.9657973093709475,0.0,CONSTRUCTED-NORMALIZED-CONGRUENCE-QUOTIENT
592,73,94,S10,10,p03,-1,u2,"sigma_minus=(0,4,1,5,2,6,3)",1.0,1.0,0.03788693475930534,0.03788693475930534,0.0,CONSTRUCTED-NORMALIZED-CONGRUENCE-QUOTIENT
593,73,75,S11,11,p23,-1,u3,"sigma_minus=(0,4,1,5,2,6,3)",1.0,1.0,0.9657973093709475,0.9657973093709475,0.0,CONSTRUCTED-NORMALIZED-CONGRUENCE-QUOTIENT
594,73,74,S12,12,p02,-1,u1,"sigma_minus=(0,4,1,5,2,6,3)",1.0,1.0,0.39943727590997463,0.39943727590997463,0.0,CONSTRUCTED-NORMALIZED-CONGRUENCE-QUOTIENT
595,74,99,S1,1,p12,-1,u2,"sigma_minus=(0,4,1,5,2,6,3)",1.0,1.0,0.03788693475930534,0.03788693475930534,0.0,CONSTRUCTED-NORMALIZED-CONGRUENCE-QUOTIENT
596,74,122,S2,2,p13,-1,u1,"sigma_minus=(0,4,1,5,2,6,3)",1.0,1.0,0.39943727590997463,0.39943727590997463,0.0,CONSTRUCTED-NORMALIZED-CONGRUENCE-QUOTIENT
597,74,147,S3,3,p01,-1,u3,"sigma_minus=(0,4,1,5,2,6,3)",1.0,1.0,0.9657973093709475,0.9657973093709475,0.0,CONSTRUCTED-NORMALIZED-CONGRUENCE-QUOTIENT
598,74,151,S6,6,p01,-1,u3,"sigma_minus=(0,4,1,5,2,6,3)",1.0,1.0,0.9657973093709475,0.9657973093709475,0.0,CONSTRUCTED-NORMALIZED-CONGRUENCE-QUOTIENT
599,74,75,S7,7,p12,-1,u2,"sigma_minus=(0,4,1,5,2,6,3)",1.0,1.0,0.03788693475930534,0.03788693475930534,0.0,CONSTRUCTED-NORMALIZED-CONGRUENCE-QUOTIENT
600,74,83,S8,8,p13,-1,u1,"sigma_minus=(0,4,1,5,2,6,3)",1.0,1.0,0.39943727590997463,0.39943727590997463,0.0,CONSTRUCTED-NORMALIZED-CONGRUENCE-QUOTIENT
601,74,86,S9,9,p23,-1,u3,"sigma_minus=(0,4,1,5,2,6,3)",1.0,1.0,0.9657973093709475,0.9657973093709475,0.0,CONSTRUCTED-NORMALIZED-CONGRUENCE-QUOTIENT
602,74,95,S10,10,p03,-1,u2,"sigma_minus=(0,4,1,5,2,6,3)",1.0,1.0,0.03788693475930534,0.03788693475930534,0.0,CONSTRUCTED-NORMALIZED-CONGRUENCE-QUOTIENT
603,75,98,S1,1,p12,-1,u2,"sigma_minus=(0,4,1,5,2,6,3)",1.0,1.0,0.03788693475930534,0.03788693475930534,0.0,CONSTRUCTED-NORMALIZED-CONGRUENCE-QUOTIENT
604,75,123,S2,2,p13,-1,u1,"sigma_minus=(0,4,1,5,2,6,3)",1.0,1.0,0.39943727590997463,0.39943727590997463,0.0,CONSTRUCTED-NORMALIZED-CONGRUENCE-QUOTIENT
605,75,146,S3,3,p01,-1,u3,"sigma_minus=(0,4,1,5,2,6,3)",1.0,1.0,0.9657973093709475,0.9657973093709475,0.0,CONSTRUCTED-NORMALIZED-CONGRUENCE-QUOTIENT
606,75,150,S6,6,p01,-1,u3,"sigma_minus=(0,4,1,5,2,6,3)",1.0,1.0,0.9657973093709475,0.9657973093709475,0.0,CONSTRUCTED-NORMALIZED-CONGRUENCE-QUOTIENT
607,75,82,S8,8,p13,-1,u1,"sigma_minus=(0,4,1,5,2,6,3)",1.0,1.0,0.39943727590997463,0.39943727590997463,0.0,CONSTRUCTED-NORMALIZED-CONGRUENCE-QUOTIENT
608,75,85,S9,9,p23,-1,u3,"sigma_minus=(0,4,1,5,2,6,3)",1.0,1.0,0.9657973093709475,0.9657973093709475,0.0,CONSTRUCTED-NORMALIZED-CONGRUENCE-QUOTIENT
609,75,92,S10,10,p03,-1,u2,"sigma_minus=(0,4,1,5,2,6,3)",1.0,1.0,0.03788693475930534,0.03788693475930534,0.0,CONSTRUCTED-NORMALIZED-CONGRUENCE-QUOTIENT
610,76,100,S1,1,p12,-1,u2,"sigma_minus=(0,4,1,5,2,6,3)",1.0,1.0,0.03788693475930534,0.03788693475930534,0.0,CONSTRUCTED-NORMALIZED-CONGRUENCE-QUOTIENT
611,76,124,S2,2,p13,-1,u1,"sigma_minus=(0,4,1,5,2,6,3)",1.0,1.0,0.39943727590997463,0.39943727590997463,0.0,CONSTRUCTED-NORMALIZED-CONGRUENCE-QUOTIENT
612,76,148,S3,3,p01,-1,u3,"sigma_minus=(0,4,1,5,2,6,3)",1.0,1.0,0.9657973093709475,0.9657973093709475,0.0,CONSTRUCTED-NORMALIZED-CONGRUENCE-QUOTIENT
613,76,144,S6,6,p01,-1,u3,"sigma_minus=(0,4,1,5,2,6,3)",1.0,1.0,0.9657973093709475,0.9657973093709475,0.0,CONSTRUCTED-NORMALIZED-CONGRUENCE-QUOTIENT
614,76,80,S7,7,p12,-1,u2,"sigma_minus=(0,4,1,5,2,6,3)",1.0,1.0,0.03788693475930534,0.03788693475930534,0.0,CONSTRUCTED-NORMALIZED-CONGRUENCE-QUOTIENT
615,76,77,S8,8,p13,-1,u1,"sigma_minus=(0,4,1,5,2,6,3)",1.0,1.0,0.39943727590997463,0.39943727590997463,0.0,CONSTRUCTED-NORMALIZED-CONGRUENCE-QUOTIENT
616,76,78,S9,9,p23,-1,u3,"sigma_minus=(0,4,1,5,2,6,3)",1.0,1.0,0.9657973093709475,0.9657973093709475,0.0,CONSTRUCTED-NORMALIZED-CONGRUENCE-QUOTIENT
617,76,79,S10,10,p03,-1,u2,"sigma_minus=(0,4,1,5,2,6,3)",1.0,1.0,0.03788693475930534,0.03788693475930534,0.0,CONSTRUCTED-NORMALIZED-CONGRUENCE-QUOTIENT
618,76,88,S11,11,p23,-1,u3,"sigma_minus=(0,4,1,5,2,6,3)",1.0,1.0,0.9657973093709475,0.9657973093709475,0.0,CONSTRUCTED-NORMALIZED-CONGRUENCE-QUOTIENT
619,76,92,S12,12,p02,-1,u1,"sigma_minus=(0,4,1,5,2,6,3)",1.0,1.0,0.39943727590997463,0.39943727590997463,0.0,CONSTRUCTED-NORMALIZED-CONGRUENCE-QUOTIENT
620,77,101,S1,1,p12,-1,u2,"sigma_minus=(0,4,1,5,2,6,3)",1.0,1.0,0.03788693475930534,0.03788693475930534,0.0,CONSTRUCTED-NORMALIZED-CONGRUENCE-QUOTIENT
621,77,125,S2,2,p13,-1,u1,"sigma_minus=(0,4,1,5,2,6,3)",1.0,1.0,0.39943727590997463,0.39943727590997463,0.0,CONSTRUCTED-NORMALIZED-CONGRUENCE-QUOTIENT
622,77,149,S3,3,p01,-1,u3,"sigma_minus=(0,4,1,5,2,6,3)",1.0,1.0,0.9657973093709475,0.9657973093709475,0.0,CONSTRUCTED-NORMALIZED-CONGRUENCE-QUOTIENT
623,77,145,S6,6,p01,-1,u3,"sigma_minus=(0,4,1,5,2,6,3)",1.0,1.0,0.9657973093709475,0.9657973093709475,0.0,CONSTRUCTED-NORMALIZED-CONGRUENCE-QUOTIENT
624,77,81,S7,7,p12,-1,u2,"sigma_minus=(0,4,1,5,2,6,3)",1.0,1.0,0.03788693475930534,0.03788693475930534,0.0,CONSTRUCTED-NORMALIZED-CONGRUENCE-QUOTIENT
625,77,79,S9,9,p23,-1,u3,"sigma_minus=(0,4,1,5,2,6,3)",1.0,1.0,0.9657973093709475,0.9657973093709475,0.0,CONSTRUCTED-NORMALIZED-CONGRUENCE-QUOTIENT
626,77,78,S10,10,p03,-1,u2,"sigma_minus=(0,4,1,5,2,6,3)",1.0,1.0,0.03788693475930534,0.03788693475930534,0.0,CONSTRUCTED-NORMALIZED-CONGRUENCE-QUOTIENT
627,77,91,S11,11,p23,-1,u3,"sigma_minus=(0,4,1,5,2,6,3)",1.0,1.0,0.9657973093709475,0.9657973093709475,0.0,CONSTRUCTED-NORMALIZED-CONGRUENCE-QUOTIENT
628,77,95,S12,12,p02,-1,u1,"sigma_minus=(0,4,1,5,2,6,3)",1.0,1.0,0.39943727590997463,0.39943727590997463,0.0,CONSTRUCTED-NORMALIZED-CONGRUENCE-QUOTIENT
629,78,102,S1,1,p12,-1,u2,"sigma_minus=(0,4,1,5,2,6,3)",1.0,1.0,0.03788693475930534,0.03788693475930534,0.0,CONSTRUCTED-NORMALIZED-CONGRUENCE-QUOTIENT
630,78,127,S2,2,p13,-1,u1,"sigma_minus=(0,4,1,5,2,6,3)",1.0,1.0,0.39943727590997463,0.39943727590997463,0.0,CONSTRUCTED-NORMALIZED-CONGRUENCE-QUOTIENT
631,78,151,S3,3,p01,-1,u3,"sigma_minus=(0,4,1,5,2,6,3)",1.0,1.0,0.9657973093709475,0.9657973093709475,0.0,CONSTRUCTED-NORMALIZED-CONGRUENCE-QUOTIENT
632,78,147,S6,6,p01,-1,u3,"sigma_minus=(0,4,1,5,2,6,3)",1.0,1.0,0.9657973093709475,0.9657973093709475,0.0,CONSTRUCTED-NORMALIZED-CONGRUENCE-QUOTIENT
633,78,82,S7,7,p12,-1,u2,"sigma_minus=(0,4,1,5,2,6,3)",1.0,1.0,0.03788693475930534,0.03788693475930534,0.0,CONSTRUCTED-NORMALIZED-CONGRUENCE-QUOTIENT
634,78,79,S8,8,p13,-1,u1,"sigma_minus=(0,4,1,5,2,6,3)",1.0,1.0,0.39943727590997463,0.39943727590997463,0.0,CONSTRUCTED-NORMALIZED-CONGRUENCE-QUOTIENT
635,78,90,S11,11,p23,-1,u3,"sigma_minus=(0,4,1,5,2,6,3)",1.0,1.0,0.9657973093709475,0.9657973093709475,0.0,CONSTRUCTED-NORMALIZED-CONGRUENCE-QUOTIENT
636,78,94,S12,12,p02,-1,u1,"sigma_minus=(0,4,1,5,2,6,3)",1.0,1.0,0.39943727590997463,0.39943727590997463,0.0,CONSTRUCTED-NORMALIZED-CONGRUENCE-QUOTIENT
637,79,103,S1,1,p12,-1,u2,"sigma_minus=(0,4,1,5,2,6,3)",1.0,1.0,0.03788693475930534,0.03788693475930534,0.0,CONSTRUCTED-NORMALIZED-CONGRUENCE-QUOTIENT
638,79,126,S2,2,p13,-1,u1,"sigma_minus=(0,4,1,5,2,6,3)",1.0,1.0,0.39943727590997463,0.39943727590997463,0.0,CONSTRUCTED-NORMALIZED-CONGRUENCE-QUOTIENT
639,79,150,S3,3,p01,-1,u3,"sigma_minus=(0,4,1,5,2,6,3)",1.0,1.0,0.9657973093709475,0.9657973093709475,0.0,CONSTRUCTED-NORMALIZED-CONGRUENCE-QUOTIENT
640,79,146,S6,6,p01,-1,u3,"sigma_minus=(0,4,1,5,2,6,3)",1.0,1.0,0.9657973093709475,0.9657973093709475,0.0,CONSTRUCTED-NORMALIZED-CONGRUENCE-QUOTIENT
641,79,83,S7,7,p12,-1,u2,"sigma_minus=(0,4,1,5,2,6,3)",1.0,1.0,0.03788693475930534,0.03788693475930534,0.0,CONSTRUCTED-NORMALIZED-CONGRUENCE-QUOTIENT
642,79,89,S11,11,p23,-1,u3,"sigma_minus=(0,4,1,5,2,6,3)",1.0,1.0,0.9657973093709475,0.9657973093709475,0.0,CONSTRUCTED-NORMALIZED-CONGRUENCE-QUOTIENT
643,79,93,S12,12,p02,-1,u1,"sigma_minus=(0,4,1,5,2,6,3)",1.0,1.0,0.39943727590997463,0.39943727590997463,0.0,CONSTRUCTED-NORMALIZED-CONGRUENCE-QUOTIENT
644,80,104,S1,1,p12,-1,u2,"sigma_minus=(0,4,1,5,2,6,3)",1.0,1.0,0.03788693475930534,0.03788693475930534,0.0,CONSTRUCTED-NORMALIZED-CONGRUENCE-QUOTIENT
645,80,128,S2,2,p13,-1,u1,"sigma_minus=(0,4,1,5,2,6,3)",1.0,1.0,0.39943727590997463,0.39943727590997463,0.0,CONSTRUCTED-NORMALIZED-CONGRUENCE-QUOTIENT
646,80,152,S3,3,p01,-1,u3,"sigma_minus=(0,4,1,5,2,6,3)",1.0,1.0,0.9657973093709475,0.9657973093709475,0.0,CONSTRUCTED-NORMALIZED-CONGRUENCE-QUOTIENT
647,80,153,S6,6,p01,-1,u3,"sigma_minus=(0,4,1,5,2,6,3)",1.0,1.0,0.9657973093709475,0.9657973093709475,0.0,CONSTRUCTED-NORMALIZED-CONGRUENCE-QUOTIENT
648,80,94,S9,9,p23,-1,u3,"sigma_minus=(0,4,1,5,2,6,3)",1.0,1.0,0.9657973093709475,0.9657973093709475,0.0,CONSTRUCTED-NORMALIZED-CONGRUENCE-QUOTIENT
649,80,87,S10,10,p03,-1,u2,"sigma_minus=(0,4,1,5,2,6,3)",1.0,1.0,0.03788693475930534,0.03788693475930534,0.0,CONSTRUCTED-NORMALIZED-CONGRUENCE-QUOTIENT
650,80,92,S11,11,p23,-1,u3,"sigma_minus=(0,4,1,5,2,6,3)",1.0,1.0,0.9657973093709475,0.9657973093709475,0.0,CONSTRUCTED-NORMALIZED-CONGRUENCE-QUOTIENT
651,80,88,S12,12,p02,-1,u1,"sigma_minus=(0,4,1,5,2,6,3)",1.0,1.0,0.39943727590997463,0.39943727590997463,0.0,CONSTRUCTED-NORMALIZED-CONGRUENCE-QUOTIENT
652,81,105,S1,1,p12,-1,u2,"sigma_minus=(0,4,1,5,2,6,3)",1.0,1.0,0.03788693475930534,0.03788693475930534,0.0,CONSTRUCTED-NORMALIZED-CONGRUENCE-QUOTIENT
653,81,129,S2,2,p13,-1,u1,"sigma_minus=(0,4,1,5,2,6,3)",1.0,1.0,0.39943727590997463,0.39943727590997463,0.0,CONSTRUCTED-NORMALIZED-CONGRUENCE-QUOTIENT
654,81,153,S3,3,p01,-1,u3,"sigma_minus=(0,4,1,5,2,6,3)",1.0,1.0,0.9657973093709475,0.9657973093709475,0.0,CONSTRUCTED-NORMALIZED-CONGRUENCE-QUOTIENT
655,81,152,S6,6,p01,-1,u3,"sigma_minus=(0,4,1,5,2,6,3)",1.0,1.0,0.9657973093709475,0.9657973093709475,0.0,CONSTRUCTED-NORMALIZED-CONGRUENCE-QUOTIENT
656,81,93,S9,9,p23,-1,u3,"sigma_minus=(0,4,1,5,2,6,3)",1.0,1.0,0.9657973093709475,0.9657973093709475,0.0,CONSTRUCTED-NORMALIZED-CONGRUENCE-QUOTIENT
657,81,84,S10,10,p03,-1,u2,"sigma_minus=(0,4,1,5,2,6,3)",1.0,1.0,0.03788693475930534,0.03788693475930534,0.0,CONSTRUCTED-NORMALIZED-CONGRUENCE-QUOTIENT
658,81,95,S11,11,p23,-1,u3,"sigma_minus=(0,4,1,5,2,6,3)",1.0,1.0,0.9657973093709475,0.9657973093709475,0.0,CONSTRUCTED-NORMALIZED-CONGRUENCE-QUOTIENT
659,81,91,S12,12,p02,-1,u1,"sigma_minus=(0,4,1,5,2,6,3)",1.0,1.0,0.39943727590997463,0.39943727590997463,0.0,CONSTRUCTED-NORMALIZED-CONGRUENCE-QUOTIENT
660,82,106,S1,1,p12,-1,u2,"sigma_minus=(0,4,1,5,2,6,3)",1.0,1.0,0.03788693475930534,0.03788693475930534,0.0,CONSTRUCTED-NORMALIZED-CONGRUENCE-QUOTIENT
661,82,131,S2,2,p13,-1,u1,"sigma_minus=(0,4,1,5,2,6,3)",1.0,1.0,0.39943727590997463,0.39943727590997463,0.0,CONSTRUCTED-NORMALIZED-CONGRUENCE-QUOTIENT
662,82,155,S3,3,p01,-1,u3,"sigma_minus=(0,4,1,5,2,6,3)",1.0,1.0,0.9657973093709475,0.9657973093709475,0.0,CONSTRUCTED-NORMALIZED-CONGRUENCE-QUOTIENT
663,82,154,S6,6,p01,-1,u3,"sigma_minus=(0,4,1,5,2,6,3)",1.0,1.0,0.9657973093709475,0.9657973093709475,0.0,CONSTRUCTED-NORMALIZED-CONGRUENCE-QUOTIENT
664,82,92,S9,9,p23,-1,u3,"sigma_minus=(0,4,1,5,2,6,3)",1.0,1.0,0.9657973093709475,0.9657973093709475,0.0,CONSTRUCTED-NORMALIZED-CONGRUENCE-QUOTIENT
665,82,85,S10,10,p03,-1,u2,"sigma_minus=(0,4,1,5,2,6,3)",1.0,1.0,0.03788693475930534,0.03788693475930534,0.0,CONSTRUCTED-NORMALIZED-CONGRUENCE-QUOTIENT
666,82,94,S11,11,p23,-1,u3,"sigma_minus=(0,4,1,5,2,6,3)",1.0,1.0,0.9657973093709475,0.9657973093709475,0.0,CONSTRUCTED-NORMALIZED-CONGRUENCE-QUOTIENT
667,82,90,S12,12,p02,-1,u1,"sigma_minus=(0,4,1,5,2,6,3)",1.0,1.0,0.39943727590997463,0.39943727590997463,0.0,CONSTRUCTED-NORMALIZED-CONGRUENCE-QUOTIENT
668,83,107,S1,1,p12,-1,u2,"sigma_minus=(0,4,1,5,2,6,3)",1.0,1.0,0.03788693475930534,0.03788693475930534,0.0,CONSTRUCTED-NORMALIZED-CONGRUENCE-QUOTIENT
669,83,130,S2,2,p13,-1,u1,"sigma_minus=(0,4,1,5,2,6,3)",1.0,1.0,0.39943727590997463,0.39943727590997463,0.0,CONSTRUCTED-NORMALIZED-CONGRUENCE-QUOTIENT
670,83,154,S3,3,p01,-1,u3,"sigma_minus=(0,4,1,5,2,6,3)",1.0,1.0,0.9657973093709475,0.9657973093709475,0.0,CONSTRUCTED-NORMALIZED-CONGRUENCE-QUOTIENT
671,83,155,S6,6,p01,-1,u3,"sigma_minus=(0,4,1,5,2,6,3)",1.0,1.0,0.9657973093709475,0.9657973093709475,0.0,CONSTRUCTED-NORMALIZED-CONGRUENCE-QUOTIENT
672,83,95,S9,9,p23,-1,u3,"sigma_minus=(0,4,1,5,2,6,3)",1.0,1.0,0.9657973093709475,0.9657973093709475,0.0,CONSTRUCTED-NORMALIZED-CONGRUENCE-QUOTIENT
673,83,86,S10,10,p03,-1,u2,"sigma_minus=(0,4,1,5,2,6,3)",1.0,1.0,0.03788693475930534,0.03788693475930534,0.0,CONSTRUCTED-NORMALIZED-CONGRUENCE-QUOTIENT
674,83,93,S11,11,p23,-1,u3,"sigma_minus=(0,4,1,5,2,6,3)",1.0,1.0,0.9657973093709475,0.9657973093709475,0.0,CONSTRUCTED-NORMALIZED-CONGRUENCE-QUOTIENT
675,83,89,S12,12,p02,-1,u1,"sigma_minus=(0,4,1,5,2,6,3)",1.0,1.0,0.39943727590997463,0.39943727590997463,0.0,CONSTRUCTED-NORMALIZED-CONGRUENCE-QUOTIENT
676,84,108,S1,1,p12,-1,u2,"sigma_minus=(0,4,1,5,2,6,3)",1.0,1.0,0.03788693475930534,0.03788693475930534,0.0,CONSTRUCTED-NORMALIZED-CONGRUENCE-QUOTIENT
677,84,140,S2,2,p13,-1,u1,"sigma_minus=(0,4,1,5,2,6,3)",1.0,1.0,0.39943727590997463,0.39943727590997463,0.0,CONSTRUCTED-NORMALIZED-CONGRUENCE-QUOTIENT
678,84,164,S3,3,p01,-1,u3,"sigma_minus=(0,4,1,5,2,6,3)",1.0,1.0,0.9657973093709475,0.9657973093709475,0.0,CONSTRUCTED-NORMALIZED-CONGRUENCE-QUOTIENT
679,84,160,S6,6,p01,-1,u3,"sigma_minus=(0,4,1,5,2,6,3)",1.0,1.0,0.9657973093709475,0.9657973093709475,0.0,CONSTRUCTED-NORMALIZED-CONGRUENCE-QUOTIENT
680,84,85,S7,7,p12,-1,u2,"sigma_minus=(0,4,1,5,2,6,3)",1.0,1.0,0.03788693475930534,0.03788693475930534,0.0,CONSTRUCTED-NORMALIZED-CONGRUENCE-QUOTIENT
681,84,93,S8,8,p13,-1,u1,"sigma_minus=(0,4,1,5,2,6,3)",1.0,1.0,0.39943727590997463,0.39943727590997463,0.0,CONSTRUCTED-NORMALIZED-CONGRUENCE-QUOTIENT
682,84,86,S11,11,p23,-1,u3,"sigma_minus=(0,4,1,5,2,6,3)",1.0,1.0,0.9657973093709475,0.9657973093709475,0.0,CONSTRUCTED-NORMALIZED-CONGRUENCE-QUOTIENT
683,84,87,S12,12,p02,-1,u1,"sigma_minus=(0,4,1,5,2,6,3)",1.0,1.0,0.39943727590997463,0.39943727590997463,0.0,CONSTRUCTED-NORMALIZED-CONGRUENCE-QUOTIENT
684,85,109,S1,1,p12,-1,u2,"sigma_minus=(0,4,1,5,2,6,3)",1.0,1.0,0.03788693475930534,0.03788693475930534,0.0,CONSTRUCTED-NORMALIZED-CONGRUENCE-QUOTIENT
685,85,141,S2,2,p13,-1,u1,"sigma_minus=(0,4,1,5,2,6,3)",1.0,1.0,0.39943727590997463,0.39943727590997463,0.0,CONSTRUCTED-NORMALIZED-CONGRUENCE-QUOTIENT
686,85,165,S3,3,p01,-1,u3,"sigma_minus=(0,4,1,5,2,6,3)",1.0,1.0,0.9657973093709475,0.9657973093709475,0.0,CONSTRUCTED-NORMALIZED-CONGRUENCE-QUOTIENT
687,85,161,S6,6,p01,-1,u3,"sigma_minus=(0,4,1,5,2,6,3)",1.0,1.0,0.9657973093709475,0.9657973093709475,0.0,CONSTRUCTED-NORMALIZED-CONGRUENCE-QUOTIENT
688,85,92,S8,8,p13,-1,u1,"sigma_minus=(0,4,1,5,2,6,3)",1.0,1.0,0.39943727590997463,0.39943727590997463,0.0,CONSTRUCTED-NORMALIZED-CONGRUENCE-QUOTIENT
689,85,87,S11,11,p23,-1,u3,"sigma_minus=(0,4,1,5,2,6,3)",1.0,1.0,0.9657973093709475,0.9657973093709475,0.0,CONSTRUCTED-NORMALIZED-CONGRUENCE-QUOTIENT
690,85,86,S12,12,p02,-1,u1,"sigma_minus=(0,4,1,5,2,6,3)",1.0,1.0,0.39943727590997463,0.39943727590997463,0.0,CONSTRUCTED-NORMALIZED-CONGRUENCE-QUOTIENT
691,86,111,S1,1,p12,-1,u2,"sigma_minus=(0,4,1,5,2,6,3)",1.0,1.0,0.03788693475930534,0.03788693475930534,0.0,CONSTRUCTED-NORMALIZED-CONGRUENCE-QUOTIENT
692,86,142,S2,2,p13,-1,u1,"sigma_minus=(0,4,1,5,2,6,3)",1.0,1.0,0.39943727590997463,0.39943727590997463,0.0,CONSTRUCTED-NORMALIZED-CONGRUENCE-QUOTIENT
693,86,167,S3,3,p01,-1,u3,"sigma_minus=(0,4,1,5,2,6,3)",1.0,1.0,0.9657973093709475,0.9657973093709475,0.0,CONSTRUCTED-NORMALIZED-CONGRUENCE-QUOTIENT
694,86,163,S6,6,p01,-1,u3,"sigma_minus=(0,4,1,5,2,6,3)",1.0,1.0,0.9657973093709475,0.9657973093709475,0.0,CONSTRUCTED-NORMALIZED-CONGRUENCE-QUOTIENT
695,86,87,S7,7,p12,-1,u2,"sigma_minus=(0,4,1,5,2,6,3)",1.0,1.0,0.03788693475930534,0.03788693475930534,0.0,CONSTRUCTED-NORMALIZED-CONGRUENCE-QUOTIENT
696,86,95,S8,8,p13,-1,u1,"sigma_minus=(0,4,1,5,2,6,3)",1.0,1.0,0.39943727590997463,0.39943727590997463,0.0,CONSTRUCTED-NORMALIZED-CONGRUENCE-QUOTIENT
697,87,110,S1,1,p12,-1,u2,"sigma_minus=(0,4,1,5,2,6,3)",1.0,1.0,0.03788693475930534,0.03788693475930534,0.0,CONSTRUCTED-NORMALIZED-CONGRUENCE-QUOTIENT
698,87,143,S2,2,p13,-1,u1,"sigma_minus=(0,4,1,5,2,6,3)",1.0,1.0,0.39943727590997463,0.39943727590997463,0.0,CONSTRUCTED-NORMALIZED-CONGRUENCE-QUOTIENT
699,87,166,S3,3,p01,-1,u3,"sigma_minus=(0,4,1,5,2,6,3)",1.0,1.0,0.9657973093709475,0.9657973093709475,0.0,CONSTRUCTED-NORMALIZED-CONGRUENCE-QUOTIENT
700,87,162,S6,6,p01,-1,u3,"sigma_minus=(0,4,1,5,2,6,3)",1.0,1.0,0.9657973093709475,0.9657973093709475,0.0,CONSTRUCTED-NORMALIZED-CONGRUENCE-QUOTIENT
701,87,94,S8,8,p13,-1,u1,"sigma_minus=(0,4,1,5,2,6,3)",1.0,1.0,0.39943727590997463,0.39943727590997463,0.0,CONSTRUCTED-NORMALIZED-CONGRUENCE-QUOTIENT
702,88,116,S1,1,p12,-1,u2,"sigma_minus=(0,4,1,5,2,6,3)",1.0,1.0,0.03788693475930534,0.03788693475930534,0.0,CONSTRUCTED-NORMALIZED-CONGRUENCE-QUOTIENT
703,88,132,S2,2,p13,-1,u1,"sigma_minus=(0,4,1,5,2,6,3)",1.0,1.0,0.39943727590997463,0.39943727590997463,0.0,CONSTRUCTED-NORMALIZED-CONGRUENCE-QUOTIENT
704,88,160,S3,3,p01,-1,u3,"sigma_minus=(0,4,1,5,2,6,3)",1.0,1.0,0.9657973093709475,0.9657973093709475,0.0,CONSTRUCTED-NORMALIZED-CONGRUENCE-QUOTIENT
705,88,164,S6,6,p01,-1,u3,"sigma_minus=(0,4,1,5,2,6,3)",1.0,1.0,0.9657973093709475,0.9657973093709475,0.0,CONSTRUCTED-NORMALIZED-CONGRUENCE-QUOTIENT
706,88,92,S7,7,p12,-1,u2,"sigma_minus=(0,4,1,5,2,6,3)",1.0,1.0,0.03788693475930534,0.03788693475930534,0.0,CONSTRUCTED-NORMALIZED-CONGRUENCE-QUOTIENT
707,88,89,S8,8,p13,-1,u1,"sigma_minus=(0,4,1,5,2,6,3)",1.0,1.0,0.39943727590997463,0.39943727590997463,0.0,CONSTRUCTED-NORMALIZED-CONGRUENCE-QUOTIENT
708,88,90,S9,9,p23,-1,u3,"sigma_minus=(0,4,1,5,2,6,3)",1.0,1.0,0.9657973093709475,0.9657973093709475,0.0,CONSTRUCTED-NORMALIZED-CONGRUENCE-QUOTIENT
709,88,91,S10,10,p03,-1,u2,"sigma_minus=(0,4,1,5,2,6,3)",1.0,1.0,0.03788693475930534,0.03788693475930534,0.0,CONSTRUCTED-NORMALIZED-CONGRUENCE-QUOTIENT
710,89,117,S1,1,p12,-1,u2,"sigma_minus=(0,4,1,5,2,6,3)",1.0,1.0,0.03788693475930534,0.03788693475930534,0.0,CONSTRUCTED-NORMALIZED-CONGRUENCE-QUOTIENT
711,89,133,S2,2,p13,-1,u1,"sigma_minus=(0,4,1,5,2,6,3)",1.0,1.0,0.39943727590997463,0.39943727590997463,0.0,CONSTRUCTED-NORMALIZED-CONGRUENCE-QUOTIENT
712,89,161,S3,3,p01,-1,u3,"sigma_minus=(0,4,1,5,2,6,3)",1.0,1.0,0.9657973093709475,0.9657973093709475,0.0,CONSTRUCTED-NORMALIZED-CONGRUENCE-QUOTIENT
713,89,165,S6,6,p01,-1,u3,"sigma_minus=(0,4,1,5,2,6,3)",1.0,1.0,0.9657973093709475,0.9657973093709475,0.0,CONSTRUCTED-NORMALIZED-CONGRUENCE-QUOTIENT
714,89,93,S7,7,p12,-1,u2,"sigma_minus=(0,4,1,5,2,6,3)",1.0,1.0,0.03788693475930534,0.03788693475930534,0.0,CONSTRUCTED-NORMALIZED-CONGRUENCE-QUOTIENT
715,89,91,S9,9,p23,-1,u3,"sigma_minus=(0,4,1,5,2,6,3)",1.0,1.0,0.9657973093709475,0.9657973093709475,0.0,CONSTRUCTED-NORMALIZED-CONGRUENCE-QUOTIENT
716,89,90,S10,10,p03,-1,u2,"sigma_minus=(0,4,1,5,2,6,3)",1.0,1.0,0.03788693475930534,0.03788693475930534,0.0,CONSTRUCTED-NORMALIZED-CONGRUENCE-QUOTIENT
717,90,118,S1,1,p12,-1,u2,"sigma_minus=(0,4,1,5,2,6,3)",1.0,1.0,0.03788693475930534,0.03788693475930534,0.0,CONSTRUCTED-NORMALIZED-CONGRUENCE-QUOTIENT
718,90,135,S2,2,p13,-1,u1,"sigma_minus=(0,4,1,5,2,6,3)",1.0,1.0,0.39943727590997463,0.39943727590997463,0.0,CONSTRUCTED-NORMALIZED-CONGRUENCE-QUOTIENT
719,90,163,S3,3,p01,-1,u3,"sigma_minus=(0,4,1,5,2,6,3)",1.0,1.0,0.9657973093709475,0.9657973093709475,0.0,CONSTRUCTED-NORMALIZED-CONGRUENCE-QUOTIENT
720,90,167,S6,6,p01,-1,u3,"sigma_minus=(0,4,1,5,2,6,3)",1.0,1.0,0.9657973093709475,0.9657973093709475,0.0,CONSTRUCTED-NORMALIZED-CONGRUENCE-QUOTIENT
721,90,94,S7,7,p12,-1,u2,"sigma_minus=(0,4,1,5,2,6,3)",1.0,1.0,0.03788693475930534,0.03788693475930534,0.0,CONSTRUCTED-NORMALIZED-CONGRUENCE-QUOTIENT
722,90,91,S8,8,p13,-1,u1,"sigma_minus=(0,4,1,5,2,6,3)",1.0,1.0,0.39943727590997463,0.39943727590997463,0.0,CONSTRUCTED-NORMALIZED-CONGRUENCE-QUOTIENT
723,91,119,S1,1,p12,-1,u2,"sigma_minus=(0,4,1,5,2,6,3)",1.0,1.0,0.03788693475930534,0.03788693475930534,0.0,CONSTRUCTED-NORMALIZED-CONGRUENCE-QUOTIENT
724,91,134,S2,2,p13,-1,u1,"sigma_minus=(0,4,1,5,2,6,3)",1.0,1.0,0.39943727590997463,0.39943727590997463,0.0,CONSTRUCTED-NORMALIZED-CONGRUENCE-QUOTIENT
725,91,162,S3,3,p01,-1,u3,"sigma_minus=(0,4,1,5,2,6,3)",1.0,1.0,0.9657973093709475,0.9657973093709475,0.0,CONSTRUCTED-NORMALIZED-CONGRUENCE-QUOTIENT
726,91,166,S6,6,p01,-1,u3,"sigma_minus=(0,4,1,5,2,6,3)",1.0,1.0,0.9657973093709475,0.9657973093709475,0.0,CONSTRUCTED-NORMALIZED-CONGRUENCE-QUOTIENT
727,91,95,S7,7,p12,-1,u2,"sigma_minus=(0,4,1,5,2,6,3)",1.0,1.0,0.03788693475930534,0.03788693475930534,0.0,CONSTRUCTED-NORMALIZED-CONGRUENCE-QUOTIENT
728,92,112,S1,1,p12,-1,u2,"sigma_minus=(0,4,1,5,2,6,3)",1.0,1.0,0.03788693475930534,0.03788693475930534,0.0,CONSTRUCTED-NORMALIZED-CONGRUENCE-QUOTIENT
729,92,136,S2,2,p13,-1,u1,"sigma_minus=(0,4,1,5,2,6,3)",1.0,1.0,0.39943727590997463,0.39943727590997463,0.0,CONSTRUCTED-NORMALIZED-CONGRUENCE-QUOTIENT
730,92,156,S3,3,p01,-1,u3,"sigma_minus=(0,4,1,5,2,6,3)",1.0,1.0,0.9657973093709475,0.9657973093709475,0.0,CONSTRUCTED-NORMALIZED-CONGRUENCE-QUOTIENT
731,92,157,S6,6,p01,-1,u3,"sigma_minus=(0,4,1,5,2,6,3)",1.0,1.0,0.9657973093709475,0.9657973093709475,0.0,CONSTRUCTED-NORMALIZED-CONGRUENCE-QUOTIENT
732,93,113,S1,1,p12,-1,u2,"sigma_minus=(0,4,1,5,2,6,3)",1.0,1.0,0.03788693475930534,0.03788693475930534,0.0,CONSTRUCTED-NORMALIZED-CONGRUENCE-QUOTIENT
733,93,137,S2,2,p13,-1,u1,"sigma_minus=(0,4,1,5,2,6,3)",1.0,1.0,0.39943727590997463,0.39943727590997463,0.0,CONSTRUCTED-NORMALIZED-CONGRUENCE-QUOTIENT
734,93,157,S3,3,p01,-1,u3,"sigma_minus=(0,4,1,5,2,6,3)",1.0,1.0,0.9657973093709475,0.9657973093709475,0.0,CONSTRUCTED-NORMALIZED-CONGRUENCE-QUOTIENT
735,93,156,S6,6,p01,-1,u3,"sigma_minus=(0,4,1,5,2,6,3)",1.0,1.0,0.9657973093709475,0.9657973093709475,0.0,CONSTRUCTED-NORMALIZED-CONGRUENCE-QUOTIENT
736,94,114,S1,1,p12,-1,u2,"sigma_minus=(0,4,1,5,2,6,3)",1.0,1.0,0.03788693475930534,0.03788693475930534,0.0,CONSTRUCTED-NORMALIZED-CONGRUENCE-QUOTIENT
737,94,139,S2,2,p13,-1,u1,"sigma_minus=(0,4,1,5,2,6,3)",1.0,1.0,0.39943727590997463,0.39943727590997463,0.0,CONSTRUCTED-NORMALIZED-CONGRUENCE-QUOTIENT
738,94,159,S3,3,p01,-1,u3,"sigma_minus=(0,4,1,5,2,6,3)",1.0,1.0,0.9657973093709475,0.9657973093709475,0.0,CONSTRUCTED-NORMALIZED-CONGRUENCE-QUOTIENT
739,94,158,S6,6,p01,-1,u3,"sigma_minus=(0,4,1,5,2,6,3)",1.0,1.0,0.9657973093709475,0.9657973093709475,0.0,CONSTRUCTED-NORMALIZED-CONGRUENCE-QUOTIENT
740,95,115,S1,1,p12,-1,u2,"sigma_minus=(0,4,1,5,2,6,3)",1.0,1.0,0.03788693475930534,0.03788693475930534,0.0,CONSTRUCTED-NORMALIZED-CONGRUENCE-QUOTIENT
741,95,138,S2,2,p13,-1,u1,"sigma_minus=(0,4,1,5,2,6,3)",1.0,1.0,0.39943727590997463,0.39943727590997463,0.0,CONSTRUCTED-NORMALIZED-CONGRUENCE-QUOTIENT
742,95,158,S3,3,p01,-1,u3,"sigma_minus=(0,4,1,5,2,6,3)",1.0,1.0,0.9657973093709475,0.9657973093709475,0.0,CONSTRUCTED-NORMALIZED-CONGRUENCE-QUOTIENT
743,95,159,S6,6,p01,-1,u3,"sigma_minus=(0,4,1,5,2,6,3)",1.0,1.0,0.9657973093709475,0.9657973093709475,0.0,CONSTRUCTED-NORMALIZED-CONGRUENCE-QUOTIENT
744,96,144,S2,2,p13,-1,u1,"sigma_minus=(0,4,1,5,2,6,3)",1.0,1.0,0.39943727590997463,0.39943727590997463,0.0,CONSTRUCTED-NORMALIZED-CONGRUENCE-QUOTIENT
745,96,120,S3,3,p01,-1,u3,"sigma_minus=(0,4,1,5,2,6,3)",1.0,1.0,0.9657973093709475,0.9657973093709475,0.0,CONSTRUCTED-NORMALIZED-CONGRUENCE-QUOTIENT
746,96,118,S4,4,p03,-1,u2,"sigma_minus=(0,4,1,5,2,6,3)",1.0,1.0,0.03788693475930534,0.03788693475930534,0.0,CONSTRUCTED-NORMALIZED-CONGRUENCE-QUOTIENT
747,96,111,S5,5,p02,-1,u1,"sigma_minus=(0,4,1,5,2,6,3)",1.0,1.0,0.39943727590997463,0.39943727590997463,0.0,CONSTRUCTED-NORMALIZED-CONGRUENCE-QUOTIENT
748,96,100,S6,6,p01,-1,u3,"sigma_minus=(0,4,1,5,2,6,3)",1.0,1.0,0.9657973093709475,0.9657973093709475,0.0,CONSTRUCTED-NORMALIZED-CONGRUENCE-QUOTIENT
749,96,97,S7,7,p12,-1,u2,"sigma_minus=(0,4,1,5,2,6,3)",1.0,1.0,0.03788693475930534,0.03788693475930534,0.0,CONSTRUCTED-NORMALIZED-CONGRUENCE-QUOTIENT
750,96,153,S8,8,p13,-1,u1,"sigma_minus=(0,4,1,5,2,6,3)",1.0,1.0,0.39943727590997463,0.39943727590997463,0.0,CONSTRUCTED-NORMALIZED-CONGRUENCE-QUOTIENT
751,96,98,S11,11,p23,-1,u3,"sigma_minus=(0,4,1,5,2,6,3)",1.0,1.0,0.9657973093709475,0.9657973093709475,0.0,CONSTRUCTED-NORMALIZED-CONGRUENCE-QUOTIENT
752,96,99,S12,12,p02,-1,u1,"sigma_minus=(0,4,1,5,2,6,3)",1.0,1.0,0.39943727590997463,0.39943727590997463,0.0,CONSTRUCTED-NORMALIZED-CONGRUENCE-QUOTIENT
753,97,145,S2,2,p13,-1,u1,"sigma_minus=(0,4,1,5,2,6,3)",1.0,1.0,0.39943727590997463,0.39943727590997463,0.0,CONSTRUCTED-NORMALIZED-CONGRUENCE-QUOTIENT
754,97,121,S3,3,p01,-1,u3,"sigma_minus=(0,4,1,5,2,6,3)",1.0,1.0,0.9657973093709475,0.9657973093709475,0.0,CONSTRUCTED-NORMALIZED-CONGRUENCE-QUOTIENT
755,97,117,S4,4,p03,-1,u2,"sigma_minus=(0,4,1,5,2,6,3)",1.0,1.0,0.03788693475930534,0.03788693475930534,0.0,CONSTRUCTED-NORMALIZED-CONGRUENCE-QUOTIENT
756,97,109,S5,5,p02,-1,u1,"sigma_minus=(0,4,1,5,2,6,3)",1.0,1.0,0.39943727590997463,0.39943727590997463,0.0,CONSTRUCTED-NORMALIZED-CONGRUENCE-QUOTIENT
757,97,101,S6,6,p01,-1,u3,"sigma_minus=(0,4,1,5,2,6,3)",1.0,1.0,0.9657973093709475,0.9657973093709475,0.0,CONSTRUCTED-NORMALIZED-CONGRUENCE-QUOTIENT
758,97,152,S8,8,p13,-1,u1,"sigma_minus=(0,4,1,5,2,6,3)",1.0,1.0,0.39943727590997463,0.39943727590997463,0.0,CONSTRUCTED-NORMALIZED-CONGRUENCE-QUOTIENT
759,97,99,S11,11,p23,-1,u3,"sigma_minus=(0,4,1,5,2,6,3)",1.0,1.0,0.9657973093709475,0.9657973093709475,0.0,CONSTRUCTED-NORMALIZED-CONGRUENCE-QUOTIENT
760,97,98,S12,12,p02,-1,u1,"sigma_minus=(0,4,1,5,2,6,3)",1.0,1.0,0.39943727590997463,0.39943727590997463,0.0,CONSTRUCTED-NORMALIZED-CONGRUENCE-QUOTIENT
761,98,146,S2,2,p13,-1,u1,"sigma_minus=(0,4,1,5,2,6,3)",1.0,1.0,0.39943727590997463,0.39943727590997463,0.0,CONSTRUCTED-NORMALIZED-CONGRUENCE-QUOTIENT
762,98,123,S3,3,p01,-1,u3,"sigma_minus=(0,4,1,5,2,6,3)",1.0,1.0,0.9657973093709475,0.9657973093709475,0.0,CONSTRUCTED-NORMALIZED-CONGRUENCE-QUOTIENT
763,98,119,S4,4,p03,-1,u2,"sigma_minus=(0,4,1,5,2,6,3)",1.0,1.0,0.03788693475930534,0.03788693475930534,0.0,CONSTRUCTED-NORMALIZED-CONGRUENCE-QUOTIENT
764,98,110,S5,5,p02,-1,u1,"sigma_minus=(0,4,1,5,2,6,3)",1.0,1.0,0.39943727590997463,0.39943727590997463,0.0,CONSTRUCTED-NORMALIZED-CONGRUENCE-QUOTIENT
765,98,103,S6,6,p01,-1,u3,"sigma_minus=(0,4,1,5,2,6,3)",1.0,1.0,0.9657973093709475,0.9657973093709475,0.0,CONSTRUCTED-NORMALIZED-CONGRUENCE-QUOTIENT
766,98,99,S7,7,p12,-1,u2,"sigma_minus=(0,4,1,5,2,6,3)",1.0,1.0,0.03788693475930534,0.03788693475930534,0.0,CONSTRUCTED-NORMALIZED-CONGRUENCE-QUOTIENT
767,98,155,S8,8,p13,-1,u1,"sigma_minus=(0,4,1,5,2,6,3)",1.0,1.0,0.39943727590997463,0.39943727590997463,0.0,CONSTRUCTED-NORMALIZED-CONGRUENCE-QUOTIENT
768,99,147,S2,2,p13,-1,u1,"sigma_minus=(0,4,1,5,2,6,3)",1.0,1.0,0.39943727590997463,0.39943727590997463,0.0,CONSTRUCTED-NORMALIZED-CONGRUENCE-QUOTIENT
769,99,122,S3,3,p01,-1,u3,"sigma_minus=(0,4,1,5,2,6,3)",1.0,1.0,0.9657973093709475,0.9657973093709475,0.0,CONSTRUCTED-NORMALIZED-CONGRUENCE-QUOTIENT
770,99,116,S4,4,p03,-1,u2,"sigma_minus=(0,4,1,5,2,6,3)",1.0,1.0,0.03788693475930534,0.03788693475930534,0.0,CONSTRUCTED-NORMALIZED-CONGRUENCE-QUOTIENT
771,99,108,S5,5,p02,-1,u1,"sigma_minus=(0,4,1,5,2,6,3)",1.0,1.0,0.39943727590997463,0.39943727590997463,0.0,CONSTRUCTED-NORMALIZED-CONGRUENCE-QUOTIENT
772,99,102,S6,6,p01,-1,u3,"sigma_minus=(0,4,1,5,2,6,3)",1.0,1.0,0.9657973093709475,0.9657973093709475,0.0,CONSTRUCTED-NORMALIZED-CONGRUENCE-QUOTIENT
773,99,154,S8,8,p13,-1,u1,"sigma_minus=(0,4,1,5,2,6,3)",1.0,1.0,0.39943727590997463,0.39943727590997463,0.0,CONSTRUCTED-NORMALIZED-CONGRUENCE-QUOTIENT
774,100,148,S2,2,p13,-1,u1,"sigma_minus=(0,4,1,5,2,6,3)",1.0,1.0,0.39943727590997463,0.39943727590997463,0.0,CONSTRUCTED-NORMALIZED-CONGRUENCE-QUOTIENT
775,100,124,S3,3,p01,-1,u3,"sigma_minus=(0,4,1,5,2,6,3)",1.0,1.0,0.9657973093709475,0.9657973093709475,0.0,CONSTRUCTED-NORMALIZED-CONGRUENCE-QUOTIENT
776,100,111,S4,4,p03,-1,u2,"sigma_minus=(0,4,1,5,2,6,3)",1.0,1.0,0.03788693475930534,0.03788693475930534,0.0,CONSTRUCTED-NORMALIZED-CONGRUENCE-QUOTIENT
777,100,118,S5,5,p02,-1,u1,"sigma_minus=(0,4,1,5,2,6,3)",1.0,1.0,0.39943727590997463,0.39943727590997463,0.0,CONSTRUCTED-NORMALIZED-CONGRUENCE-QUOTIENT
778,100,104,S7,7,p12,-1,u2,"sigma_minus=(0,4,1,5,2,6,3)",1.0,1.0,0.03788693475930534,0.03788693475930534,0.0,CONSTRUCTED-NORMALIZED-CONGRUENCE-QUOTIENT
779,100,149,S8,8,p13,-1,u1,"sigma_minus=(0,4,1,5,2,6,3)",1.0,1.0,0.39943727590997463,0.39943727590997463,0.0,CONSTRUCTED-NORMALIZED-CONGRUENCE-QUOTIENT
780,100,112,S11,11,p23,-1,u3,"sigma_minus=(0,4,1,5,2,6,3)",1.0,1.0,0.9657973093709475,0.9657973093709475,0.0,CONSTRUCTED-NORMALIZED-CONGRUENCE-QUOTIENT
781,100,116,S12,12,p02,-1,u1,"sigma_minus=(0,4,1,5,2,6,3)",1.0,1.0,0.39943727590997463,0.39943727590997463,0.0,CONSTRUCTED-NORMALIZED-CONGRUENCE-QUOTIENT
782,101,149,S2,2,p13,-1,u1,"sigma_minus=(0,4,1,5,2,6,3)",1.0,1.0,0.39943727590997463,0.39943727590997463,0.0,CONSTRUCTED-NORMALIZED-CONGRUENCE-QUOTIENT
783,101,125,S3,3,p01,-1,u3,"sigma_minus=(0,4,1,5,2,6,3)",1.0,1.0,0.9657973093709475,0.9657973093709475,0.0,CONSTRUCTED-NORMALIZED-CONGRUENCE-QUOTIENT
784,101,109,S4,4,p03,-1,u2,"sigma_minus=(0,4,1,5,2,6,3)",1.0,1.0,0.03788693475930534,0.03788693475930534,0.0,CONSTRUCTED-NORMALIZED-CONGRUENCE-QUOTIENT
785,101,117,S5,5,p02,-1,u1,"sigma_minus=(0,4,1,5,2,6,3)",1.0,1.0,0.39943727590997463,0.39943727590997463,0.0,CONSTRUCTED-NORMALIZED-CONGRUENCE-QUOTIENT
786,101,105,S7,7,p12,-1,u2,"sigma_minus=(0,4,1,5,2,6,3)",1.0,1.0,0.03788693475930534,0.03788693475930534,0.0,CONSTRUCTED-NORMALIZED-CONGRUENCE-QUOTIENT
787,101,148,S8,8,p13,-1,u1,"sigma_minus=(0,4,1,5,2,6,3)",1.0,1.0,0.39943727590997463,0.39943727590997463,0.0,CONSTRUCTED-NORMALIZED-CONGRUENCE-QUOTIENT
788,101,115,S11,11,p23,-1,u3,"sigma_minus=(0,4,1,5,2,6,3)",1.0,1.0,0.9657973093709475,0.9657973093709475,0.0,CONSTRUCTED-NORMALIZED-CONGRUENCE-QUOTIENT
789,101,119,S12,12,p02,-1,u1,"sigma_minus=(0,4,1,5,2,6,3)",1.0,1.0,0.39943727590997463,0.39943727590997463,0.0,CONSTRUCTED-NORMALIZED-CONGRUENCE-QUOTIENT
790,102,151,S2,2,p13,-1,u1,"sigma_minus=(0,4,1,5,2,6,3)",1.0,1.0,0.39943727590997463,0.39943727590997463,0.0,CONSTRUCTED-NORMALIZED-CONGRUENCE-QUOTIENT
791,102,127,S3,3,p01,-1,u3,"sigma_minus=(0,4,1,5,2,6,3)",1.0,1.0,0.9657973093709475,0.9657973093709475,0.0,CONSTRUCTED-NORMALIZED-CONGRUENCE-QUOTIENT
792,102,108,S4,4,p03,-1,u2,"sigma_minus=(0,4,1,5,2,6,3)",1.0,1.0,0.03788693475930534,0.03788693475930534,0.0,CONSTRUCTED-NORMALIZED-CONGRUENCE-QUOTIENT
793,102,116,S5,5,p02,-1,u1,"sigma_minus=(0,4,1,5,2,6,3)",1.0,1.0,0.39943727590997463,0.39943727590997463,0.0,CONSTRUCTED-NORMALIZED-CONGRUENCE-QUOTIENT
794,102,106,S7,7,p12,-1,u2,"sigma_minus=(0,4,1,5,2,6,3)",1.0,1.0,0.03788693475930534,0.03788693475930534,0.0,CONSTRUCTED-NORMALIZED-CONGRUENCE-QUOTIENT
795,102,150,S8,8,p13,-1,u1,"sigma_minus=(0,4,1,5,2,6,3)",1.0,1.0,0.39943727590997463,0.39943727590997463,0.0,CONSTRUCTED-NORMALIZED-CONGRUENCE-QUOTIENT
796,102,114,S11,11,p23,-1,u3,"sigma_minus=(0,4,1,5,2,6,3)",1.0,1.0,0.9657973093709475,0.9657973093709475,0.0,CONSTRUCTED-NORMALIZED-CONGRUENCE-QUOTIENT
797,102,118,S12,12,p02,-1,u1,"sigma_minus=(0,4,1,5,2,6,3)",1.0,1.0,0.39943727590997463,0.39943727590997463,0.0,CONSTRUCTED-NORMALIZED-CONGRUENCE-QUOTIENT
798,103,150,S2,2,p13,-1,u1,"sigma_minus=(0,4,1,5,2,6,3)",1.0,1.0,0.39943727590997463,0.39943727590997463,0.0,CONSTRUCTED-NORMALIZED-CONGRUENCE-QUOTIENT
799,103,126,S3,3,p01,-1,u3,"sigma_minus=(0,4,1,5,2,6,3)",1.0,1.0,0.9657973093709475,0.9657973093709475,0.0,CONSTRUCTED-NORMALIZED-CONGRUENCE-QUOTIENT
800,103,110,S4,4,p03,-1,u2,"sigma_minus=(0,4,1,5,2,6,3)",1.0,1.0,0.03788693475930534,0.03788693475930534,0.0,CONSTRUCTED-NORMALIZED-CONGRUENCE-QUOTIENT
801,103,119,S5,5,p02,-1,u1,"sigma_minus=(0,4,1,5,2,6,3)",1.0,1.0,0.39943727590997463,0.39943727590997463,0.0,CONSTRUCTED-NORMALIZED-CONGRUENCE-QUOTIENT
802,103,107,S7,7,p12,-1,u2,"sigma_minus=(0,4,1,5,2,6,3)",1.0,1.0,0.03788693475930534,0.03788693475930534,0.0,CONSTRUCTED-NORMALIZED-CONGRUENCE-QUOTIENT
803,103,151,S8,8,p13,-1,u1,"sigma_minus=(0,4,1,5,2,6,3)",1.0,1.0,0.39943727590997463,0.39943727590997463,0.0,CONSTRUCTED-NORMALIZED-CONGRUENCE-QUOTIENT
804,103,113,S11,11,p23,-1,u3,"sigma_minus=(0,4,1,5,2,6,3)",1.0,1.0,0.9657973093709475,0.9657973093709475,0.0,CONSTRUCTED-NORMALIZED-CONGRUENCE-QUOTIENT
805,103,117,S12,12,p02,-1,u1,"sigma_minus=(0,4,1,5,2,6,3)",1.0,1.0,0.39943727590997463,0.39943727590997463,0.0,CONSTRUCTED-NORMALIZED-CONGRUENCE-QUOTIENT
806,104,152,S2,2,p13,-1,u1,"sigma_minus=(0,4,1,5,2,6,3)",1.0,1.0,0.39943727590997463,0.39943727590997463,0.0,CONSTRUCTED-NORMALIZED-CONGRUENCE-QUOTIENT
807,104,128,S3,3,p01,-1,u3,"sigma_minus=(0,4,1,5,2,6,3)",1.0,1.0,0.9657973093709475,0.9657973093709475,0.0,CONSTRUCTED-NORMALIZED-CONGRUENCE-QUOTIENT
808,104,107,S4,4,p03,-1,u2,"sigma_minus=(0,4,1,5,2,6,3)",1.0,1.0,0.03788693475930534,0.03788693475930534,0.0,CONSTRUCTED-NORMALIZED-CONGRUENCE-QUOTIENT
809,104,106,S5,5,p02,-1,u1,"sigma_minus=(0,4,1,5,2,6,3)",1.0,1.0,0.39943727590997463,0.39943727590997463,0.0,CONSTRUCTED-NORMALIZED-CONGRUENCE-QUOTIENT
810,104,105,S6,6,p01,-1,u3,"sigma_minus=(0,4,1,5,2,6,3)",1.0,1.0,0.9657973093709475,0.9657973093709475,0.0,CONSTRUCTED-NORMALIZED-CONGRUENCE-QUOTIENT
811,104,145,S8,8,p13,-1,u1,"sigma_minus=(0,4,1,5,2,6,3)",1.0,1.0,0.39943727590997463,0.39943727590997463,0.0,CONSTRUCTED-NORMALIZED-CONGRUENCE-QUOTIENT
812,104,116,S11,11,p23,-1,u3,"sigma_minus=(0,4,1,5,2,6,3)",1.0,1.0,0.9657973093709475,0.9657973093709475,0.0,CONSTRUCTED-NORMALIZED-CONGRUENCE-QUOTIENT
813,104,112,S12,12,p02,-1,u1,"sigma_minus=(0,4,1,5,2,6,3)",1.0,1.0,0.39943727590997463,0.39943727590997463,0.0,CONSTRUCTED-NORMALIZED-CONGRUENCE-QUOTIENT
814,105,153,S2,2,p13,-1,u1,"sigma_minus=(0,4,1,5,2,6,3)",1.0,1.0,0.39943727590997463,0.39943727590997463,0.0,CONSTRUCTED-NORMALIZED-CONGRUENCE-QUOTIENT
815,105,129,S3,3,p01,-1,u3,"sigma_minus=(0,4,1,5,2,6,3)",1.0,1.0,0.9657973093709475,0.9657973093709475,0.0,CONSTRUCTED-NORMALIZED-CONGRUENCE-QUOTIENT
816,105,106,S4,4,p03,-1,u2,"sigma_minus=(0,4,1,5,2,6,3)",1.0,1.0,0.03788693475930534,0.03788693475930534,0.0,CONSTRUCTED-NORMALIZED-CONGRUENCE-QUOTIENT
817,105,107,S5,5,p02,-1,u1,"sigma_minus=(0,4,1,5,2,6,3)",1.0,1.0,0.39943727590997463,0.39943727590997463,0.0,CONSTRUCTED-NORMALIZED-CONGRUENCE-QUOTIENT
818,105,144,S8,8,p13,-1,u1,"sigma_minus=(0,4,1,5,2,6,3)",1.0,1.0,0.39943727590997463,0.39943727590997463,0.0,CONSTRUCTED-NORMALIZED-CONGRUENCE-QUOTIENT
819,105,119,S11,11,p23,-1,u3,"sigma_minus=(0,4,1,5,2,6,3)",1.0,1.0,0.9657973093709475,0.9657973093709475,0.0,CONSTRUCTED-NORMALIZED-CONGRUENCE-QUOTIENT
820,105,115,S12,12,p02,-1,u1,"sigma_minus=(0,4,1,5,2,6,3)",1.0,1.0,0.39943727590997463,0.39943727590997463,0.0,CONSTRUCTED-NORMALIZED-CONGRUENCE-QUOTIENT
821,106,155,S2,2,p13,-1,u1,"sigma_minus=(0,4,1,5,2,6,3)",1.0,1.0,0.39943727590997463,0.39943727590997463,0.0,CONSTRUCTED-NORMALIZED-CONGRUENCE-QUOTIENT
822,106,131,S3,3,p01,-1,u3,"sigma_minus=(0,4,1,5,2,6,3)",1.0,1.0,0.9657973093709475,0.9657973093709475,0.0,CONSTRUCTED-NORMALIZED-CONGRUENCE-QUOTIENT
823,106,107,S6,6,p01,-1,u3,"sigma_minus=(0,4,1,5,2,6,3)",1.0,1.0,0.9657973093709475,0.9657973093709475,0.0,CONSTRUCTED-NORMALIZED-CONGRUENCE-QUOTIENT
824,106,146,S8,8,p13,-1,u1,"sigma_minus=(0,4,1,5,2,6,3)",1.0,1.0,0.39943727590997463,0.39943727590997463,0.0,CONSTRUCTED-NORMALIZED-CONGRUENCE-QUOTIENT
825,106,118,S11,11,p23,-1,u3,"sigma_minus=(0,4,1,5,2,6,3)",1.0,1.0,0.9657973093709475,0.9657973093709475,0.0,CONSTRUCTED-NORMALIZED-CONGRUENCE-QUOTIENT
826,106,114,S12,12,p02,-1,u1,"sigma_minus=(0,4,1,5,2,6,3)",1.0,1.0,0.39943727590997463,0.39943727590997463,0.0,CONSTRUCTED-NORMALIZED-CONGRUENCE-QUOTIENT
827,107,154,S2,2,p13,-1,u1,"sigma_minus=(0,4,1,5,2,6,3)",1.0,1.0,0.39943727590997463,0.39943727590997463,0.0,CONSTRUCTED-NORMALIZED-CONGRUENCE-QUOTIENT
828,107,130,S3,3,p01,-1,u3,"sigma_minus=(0,4,1,5,2,6,3)",1.0,1.0,0.9657973093709475,0.9657973093709475,0.0,CONSTRUCTED-NORMALIZED-CONGRUENCE-QUOTIENT
829,107,147,S8,8,p13,-1,u1,"sigma_minus=(0,4,1,5,2,6,3)",1.0,1.0,0.39943727590997463,0.39943727590997463,0.0,CONSTRUCTED-NORMALIZED-CONGRUENCE-QUOTIENT
830,107,117,S11,11,p23,-1,u3,"sigma_minus=(0,4,1,5,2,6,3)",1.0,1.0,0.9657973093709475,0.9657973093709475,0.0,CONSTRUCTED-NORMALIZED-CONGRUENCE-QUOTIENT
831,107,113,S12,12,p02,-1,u1,"sigma_minus=(0,4,1,5,2,6,3)",1.0,1.0,0.39943727590997463,0.39943727590997463,0.0,CONSTRUCTED-NORMALIZED-CONGRUENCE-QUOTIENT
832,108,164,S2,2,p13,-1,u1,"sigma_minus=(0,4,1,5,2,6,3)",1.0,1.0,0.39943727590997463,0.39943727590997463,0.0,CONSTRUCTED-NORMALIZED-CONGRUENCE-QUOTIENT
833,108,140,S3,3,p01,-1,u3,"sigma_minus=(0,4,1,5,2,6,3)",1.0,1.0,0.9657973093709475,0.9657973093709475,0.0,CONSTRUCTED-NORMALIZED-CONGRUENCE-QUOTIENT
834,108,116,S6,6,p01,-1,u3,"sigma_minus=(0,4,1,5,2,6,3)",1.0,1.0,0.9657973093709475,0.9657973093709475,0.0,CONSTRUCTED-NORMALIZED-CONGRUENCE-QUOTIENT
835,108,109,S7,7,p12,-1,u2,"sigma_minus=(0,4,1,5,2,6,3)",1.0,1.0,0.03788693475930534,0.03788693475930534,0.0,CONSTRUCTED-NORMALIZED-CONGRUENCE-QUOTIENT
836,108,157,S8,8,p13,-1,u1,"sigma_minus=(0,4,1,5,2,6,3)",1.0,1.0,0.39943727590997463,0.39943727590997463,0.0,CONSTRUCTED-NORMALIZED-CONGRUENCE-QUOTIENT
837,108,110,S11,11,p23,-1,u3,"sigma_minus=(0,4,1,5,2,6,3)",1.0,1.0,0.9657973093709475,0.9657973093709475,0.0,CONSTRUCTED-NORMALIZED-CONGRUENCE-QUOTIENT
838,108,111,S12,12,p02,-1,u1,"sigma_minus=(0,4,1,5,2,6,3)",1.0,1.0,0.39943727590997463,0.39943727590997463,0.0,CONSTRUCTED-NORMALIZED-CONGRUENCE-QUOTIENT
839,109,165,S2,2,p13,-1,u1,"sigma_minus=(0,4,1,5,2,6,3)",1.0,1.0,0.39943727590997463,0.39943727590997463,0.0,CONSTRUCTED-NORMALIZED-CONGRUENCE-QUOTIENT
840,109,141,S3,3,p01,-1,u3,"sigma_minus=(0,4,1,5,2,6,3)",1.0,1.0,0.9657973093709475,0.9657973093709475,0.0,CONSTRUCTED-NORMALIZED-CONGRUENCE-QUOTIENT
841,109,117,S6,6,p01,-1,u3,"sigma_minus=(0,4,1,5,2,6,3)",1.0,1.0,0.9657973093709475,0.9657973093709475,0.0,CONSTRUCTED-NORMALIZED-CONGRUENCE-QUOTIENT
842,109,156,S8,8,p13,-1,u1,"sigma_minus=(0,4,1,5,2,6,3)",1.0,1.0,0.39943727590997463,0.39943727590997463,0.0,CONSTRUCTED-NORMALIZED-CONGRUENCE-QUOTIENT
843,109,111,S11,11,p23,-1,u3,"sigma_minus=(0,4,1,5,2,6,3)",1.0,1.0,0.9657973093709475,0.9657973093709475,0.0,CONSTRUCTED-NORMALIZED-CONGRUENCE-QUOTIENT
844,109,110,S12,12,p02,-1,u1,"sigma_minus=(0,4,1,5,2,6,3)",1.0,1.0,0.39943727590997463,0.39943727590997463,0.0,CONSTRUCTED-NORMALIZED-CONGRUENCE-QUOTIENT
845,110,166,S2,2,p13,-1,u1,"sigma_minus=(0,4,1,5,2,6,3)",1.0,1.0,0.39943727590997463,0.39943727590997463,0.0,CONSTRUCTED-NORMALIZED-CONGRUENCE-QUOTIENT
846,110,143,S3,3,p01,-1,u3,"sigma_minus=(0,4,1,5,2,6,3)",1.0,1.0,0.9657973093709475,0.9657973093709475,0.0,CONSTRUCTED-NORMALIZED-CONGRUENCE-QUOTIENT
847,110,119,S6,6,p01,-1,u3,"sigma_minus=(0,4,1,5,2,6,3)",1.0,1.0,0.9657973093709475,0.9657973093709475,0.0,CONSTRUCTED-NORMALIZED-CONGRUENCE-QUOTIENT
848,110,111,S7,7,p12,-1,u2,"sigma_minus=(0,4,1,5,2,6,3)",1.0,1.0,0.03788693475930534,0.03788693475930534,0.0,CONSTRUCTED-NORMALIZED-CONGRUENCE-QUOTIENT
849,110,159,S8,8,p13,-1,u1,"sigma_minus=(0,4,1,5,2,6,3)",1.0,1.0,0.39943727590997463,0.39943727590997463,0.0,CONSTRUCTED-NORMALIZED-CONGRUENCE-QUOTIENT
850,111,167,S2,2,p13,-1,u1,"sigma_minus=(0,4,1,5,2,6,3)",1.0,1.0,0.39943727590997463,0.39943727590997463,0.0,CONSTRUCTED-NORMALIZED-CONGRUENCE-QUOTIENT
851,111,142,S3,3,p01,-1,u3,"sigma_minus=(0,4,1,5,2,6,3)",1.0,1.0,0.9657973093709475,0.9657973093709475,0.0,CONSTRUCTED-NORMALIZED-CONGRUENCE-QUOTIENT
852,111,118,S6,6,p01,-1,u3,"sigma_minus=(0,4,1,5,2,6,3)",1.0,1.0,0.9657973093709475,0.9657973093709475,0.0,CONSTRUCTED-NORMALIZED-CONGRUENCE-QUOTIENT
853,111,158,S8,8,p13,-1,u1,"sigma_minus=(0,4,1,5,2,6,3)",1.0,1.0,0.39943727590997463,0.39943727590997463,0.0,CONSTRUCTED-NORMALIZED-CONGRUENCE-QUOTIENT
854,112,156,S2,2,p13,-1,u1,"sigma_minus=(0,4,1,5,2,6,3)",1.0,1.0,0.39943727590997463,0.39943727590997463,0.0,CONSTRUCTED-NORMALIZED-CONGRUENCE-QUOTIENT
855,112,136,S3,3,p01,-1,u3,"sigma_minus=(0,4,1,5,2,6,3)",1.0,1.0,0.9657973093709475,0.9657973093709475,0.0,CONSTRUCTED-NORMALIZED-CONGRUENCE-QUOTIENT
856,112,115,S4,4,p03,-1,u2,"sigma_minus=(0,4,1,5,2,6,3)",1.0,1.0,0.03788693475930534,0.03788693475930534,0.0,CONSTRUCTED-NORMALIZED-CONGRUENCE-QUOTIENT
857,112,114,S5,5,p02,-1,u1,"sigma_minus=(0,4,1,5,2,6,3)",1.0,1.0,0.39943727590997463,0.39943727590997463,0.0,CONSTRUCTED-NORMALIZED-CONGRUENCE-QUOTIENT
858,112,113,S6,6,p01,-1,u3,"sigma_minus=(0,4,1,5,2,6,3)",1.0,1.0,0.9657973093709475,0.9657973093709475,0.0,CONSTRUCTED-NORMALIZED-CONGRUENCE-QUOTIENT
859,112,116,S7,7,p12,-1,u2,"sigma_minus=(0,4,1,5,2,6,3)",1.0,1.0,0.03788693475930534,0.03788693475930534,0.0,CONSTRUCTED-NORMALIZED-CONGRUENCE-QUOTIENT
860,112,165,S8,8,p13,-1,u1,"sigma_minus=(0,4,1,5,2,6,3)",1.0,1.0,0.39943727590997463,0.39943727590997463,0.0,CONSTRUCTED-NORMALIZED-CONGRUENCE-QUOTIENT
861,113,157,S2,2,p13,-1,u1,"sigma_minus=(0,4,1,5,2,6,3)",1.0,1.0,0.39943727590997463,0.39943727590997463,0.0,CONSTRUCTED-NORMALIZED-CONGRUENCE-QUOTIENT
862,113,137,S3,3,p01,-1,u3,"sigma_minus=(0,4,1,5,2,6,3)",1.0,1.0,0.9657973093709475,0.9657973093709475,0.0,CONSTRUCTED-NORMALIZED-CONGRUENCE-QUOTIENT
863,113,114,S4,4,p03,-1,u2,"sigma_minus=(0,4,1,5,2,6,3)",1.0,1.0,0.03788693475930534,0.03788693475930534,0.0,CONSTRUCTED-NORMALIZED-CONGRUENCE-QUOTIENT
864,113,115,S5,5,p02,-1,u1,"sigma_minus=(0,4,1,5,2,6,3)",1.0,1.0,0.39943727590997463,0.39943727590997463,0.0,CONSTRUCTED-NORMALIZED-CONGRUENCE-QUOTIENT
865,113,117,S7,7,p12,-1,u2,"sigma_minus=(0,4,1,5,2,6,3)",1.0,1.0,0.03788693475930534,0.03788693475930534,0.0,CONSTRUCTED-NORMALIZED-CONGRUENCE-QUOTIENT
866,113,164,S8,8,p13,-1,u1,"sigma_minus=(0,4,1,5,2,6,3)",1.0,1.0,0.39943727590997463,0.39943727590997463,0.0,CONSTRUCTED-NORMALIZED-CONGRUENCE-QUOTIENT
867,114,159,S2,2,p13,-1,u1,"sigma_minus=(0,4,1,5,2,6,3)",1.0,1.0,0.39943727590997463,0.39943727590997463,0.0,CONSTRUCTED-NORMALIZED-CONGRUENCE-QUOTIENT
868,114,139,S3,3,p01,-1,u3,"sigma_minus=(0,4,1,5,2,6,3)",1.0,1.0,0.9657973093709475,0.9657973093709475,0.0,CONSTRUCTED-NORMALIZED-CONGRUENCE-QUOTIENT
869,114,115,S6,6,p01,-1,u3,"sigma_minus=(0,4,1,5,2,6,3)",1.0,1.0,0.9657973093709475,0.9657973093709475,0.0,CONSTRUCTED-NORMALIZED-CONGRUENCE-QUOTIENT
870,114,118,S7,7,p12,-1,u2,"sigma_minus=(0,4,1,5,2,6,3)",1.0,1.0,0.03788693475930534,0.03788693475930534,0.0,CONSTRUCTED-NORMALIZED-CONGRUENCE-QUOTIENT
871,114,166,S8,8,p13,-1,u1,"sigma_minus=(0,4,1,5,2,6,3)",1.0,1.0,0.39943727590997463,0.39943727590997463,0.0,CONSTRUCTED-NORMALIZED-CONGRUENCE-QUOTIENT
872,115,158,S2,2,p13,-1,u1,"sigma_minus=(0,4,1,5,2,6,3)",1.0,1.0,0.39943727590997463,0.39943727590997463,0.0,CONSTRUCTED-NORMALIZED-CONGRUENCE-QUOTIENT
873,115,138,S3,3,p01,-1,u3,"sigma_minus=(0,4,1,5,2,6,3)",1.0,1.0,0.9657973093709475,0.9657973093709475,0.0,CONSTRUCTED-NORMALIZED-CONGRUENCE-QUOTIENT
874,115,119,S7,7,p12,-1,u2,"sigma_minus=(0,4,1,5,2,6,3)",1.0,1.0,0.03788693475930534,0.03788693475930534,0.0,CONSTRUCTED-NORMALIZED-CONGRUENCE-QUOTIENT
875,115,167,S8,8,p13,-1,u1,"sigma_minus=(0,4,1,5,2,6,3)",1.0,1.0,0.39943727590997463,0.39943727590997463,0.0,CONSTRUCTED-NORMALIZED-CONGRUENCE-QUOTIENT
876,116,160,S2,2,p13,-1,u1,"sigma_minus=(0,4,1,5,2,6,3)",1.0,1.0,0.39943727590997463,0.39943727590997463,0.0,CONSTRUCTED-NORMALIZED-CONGRUENCE-QUOTIENT
877,116,132,S3,3,p01,-1,u3,"sigma_minus=(0,4,1,5,2,6,3)",1.0,1.0,0.9657973093709475,0.9657973093709475,0.0,CONSTRUCTED-NORMALIZED-CONGRUENCE-QUOTIENT
878,116,161,S8,8,p13,-1,u1,"sigma_minus=(0,4,1,5,2,6,3)",1.0,1.0,0.39943727590997463,0.39943727590997463,0.0,CONSTRUCTED-NORMALIZED-CONGRUENCE-QUOTIENT
879,117,161,S2,2,p13,-1,u1,"sigma_minus=(0,4,1,5,2,6,3)",1.0,1.0,0.39943727590997463,0.39943727590997463,0.0,CONSTRUCTED-NORMALIZED-CONGRUENCE-QUOTIENT
880,117,133,S3,3,p01,-1,u3,"sigma_minus=(0,4,1,5,2,6,3)",1.0,1.0,0.9657973093709475,0.9657973093709475,0.0,CONSTRUCTED-NORMALIZED-CONGRUENCE-QUOTIENT
881,117,160,S8,8,p13,-1,u1,"sigma_minus=(0,4,1,5,2,6,3)",1.0,1.0,0.39943727590997463,0.39943727590997463,0.0,CONSTRUCTED-NORMALIZED-CONGRUENCE-QUOTIENT
882,118,163,S2,2,p13,-1,u1,"sigma_minus=(0,4,1,5,2,6,3)",1.0,1.0,0.39943727590997463,0.39943727590997463,0.0,CONSTRUCTED-NORMALIZED-CONGRUENCE-QUOTIENT
883,118,135,S3,3,p01,-1,u3,"sigma_minus=(0,4,1,5,2,6,3)",1.0,1.0,0.9657973093709475,0.9657973093709475,0.0,CONSTRUCTED-NORMALIZED-CONGRUENCE-QUOTIENT
884,118,162,S8,8,p13,-1,u1,"sigma_minus=(0,4,1,5,2,6,3)",1.0,1.0,0.39943727590997463,0.39943727590997463,0.0,CONSTRUCTED-NORMALIZED-CONGRUENCE-QUOTIENT
885,119,162,S2,2,p13,-1,u1,"sigma_minus=(0,4,1,5,2,6,3)",1.0,1.0,0.39943727590997463,0.39943727590997463,0.0,CONSTRUCTED-NORMALIZED-CONGRUENCE-QUOTIENT
886,119,134,S3,3,p01,-1,u3,"sigma_minus=(0,4,1,5,2,6,3)",1.0,1.0,0.9657973093709475,0.9657973093709475,0.0,CONSTRUCTED-NORMALIZED-CONGRUENCE-QUOTIENT
887,119,163,S8,8,p13,-1,u1,"sigma_minus=(0,4,1,5,2,6,3)",1.0,1.0,0.39943727590997463,0.39943727590997463,0.0,CONSTRUCTED-NORMALIZED-CONGRUENCE-QUOTIENT
888,120,144,S1,1,p12,-1,u2,"sigma_minus=(0,4,1,5,2,6,3)",1.0,1.0,0.03788693475930534,0.03788693475930534,0.0,CONSTRUCTED-NORMALIZED-CONGRUENCE-QUOTIENT
889,120,142,S4,4,p03,-1,u2,"sigma_minus=(0,4,1,5,2,6,3)",1.0,1.0,0.03788693475930534,0.03788693475930534,0.0,CONSTRUCTED-NORMALIZED-CONGRUENCE-QUOTIENT
890,120,135,S5,5,p02,-1,u1,"sigma_minus=(0,4,1,5,2,6,3)",1.0,1.0,0.39943727590997463,0.39943727590997463,0.0,CONSTRUCTED-NORMALIZED-CONGRUENCE-QUOTIENT
891,120,124,S6,6,p01,-1,u3,"sigma_minus=(0,4,1,5,2,6,3)",1.0,1.0,0.9657973093709475,0.9657973093709475,0.0,CONSTRUCTED-NORMALIZED-CONGRUENCE-QUOTIENT
892,120,145,S7,7,p12,-1,u2,"sigma_minus=(0,4,1,5,2,6,3)",1.0,1.0,0.03788693475930534,0.03788693475930534,0.0,CONSTRUCTED-NORMALIZED-CONGRUENCE-QUOTIENT
893,120,129,S8,8,p13,-1,u1,"sigma_minus=(0,4,1,5,2,6,3)",1.0,1.0,0.39943727590997463,0.39943727590997463,0.0,CONSTRUCTED-NORMALIZED-CONGRUENCE-QUOTIENT
894,120,137,S9,9,p23,-1,u3,"sigma_minus=(0,4,1,5,2,6,3)",1.0,1.0,0.9657973093709475,0.9657973093709475,0.0,CONSTRUCTED-NORMALIZED-CONGRUENCE-QUOTIENT
895,120,140,S10,10,p03,-1,u2,"sigma_minus=(0,4,1,5,2,6,3)",1.0,1.0,0.03788693475930534,0.03788693475930534,0.0,CONSTRUCTED-NORMALIZED-CONGRUENCE-QUOTIENT
896,121,145,S1,1,p12,-1,u2,"sigma_minus=(0,4,1,5,2,6,3)",1.0,1.0,0.03788693475930534,0.03788693475930534,0.0,CONSTRUCTED-NORMALIZED-CONGRUENCE-QUOTIENT
897,121,141,S4,4,p03,-1,u2,"sigma_minus=(0,4,1,5,2,6,3)",1.0,1.0,0.03788693475930534,0.03788693475930534,0.0,CONSTRUCTED-NORMALIZED-CONGRUENCE-QUOTIENT
898,121,133,S5,5,p02,-1,u1,"sigma_minus=(0,4,1,5,2,6,3)",1.0,1.0,0.39943727590997463,0.39943727590997463,0.0,CONSTRUCTED-NORMALIZED-CONGRUENCE-QUOTIENT
899,121,125,S6,6,p01,-1,u3,"sigma_minus=(0,4,1,5,2,6,3)",1.0,1.0,0.9657973093709475,0.9657973093709475,0.0,CONSTRUCTED-NORMALIZED-CONGRUENCE-QUOTIENT
900,121,144,S7,7,p12,-1,u2,"sigma_minus=(0,4,1,5,2,6,3)",1.0,1.0,0.03788693475930534,0.03788693475930534,0.0,CONSTRUCTED-NORMALIZED-CONGRUENCE-QUOTIENT
901,121,128,S8,8,p13,-1,u1,"sigma_minus=(0,4,1,5,2,6,3)",1.0,1.0,0.39943727590997463,0.39943727590997463,0.0,CONSTRUCTED-NORMALIZED-CONGRUENCE-QUOTIENT
902,121,139,S9,9,p23,-1,u3,"sigma_minus=(0,4,1,5,2,6,3)",1.0,1.0,0.9657973093709475,0.9657973093709475,0.0,CONSTRUCTED-NORMALIZED-CONGRUENCE-QUOTIENT
903,121,143,S10,10,p03,-1,u2,"sigma_minus=(0,4,1,5,2,6,3)",1.0,1.0,0.03788693475930534,0.03788693475930534,0.0,CONSTRUCTED-NORMALIZED-CONGRUENCE-QUOTIENT
904,122,147,S1,1,p12,-1,u2,"sigma_minus=(0,4,1,5,2,6,3)",1.0,1.0,0.03788693475930534,0.03788693475930534,0.0,CONSTRUCTED-NORMALIZED-CONGRUENCE-QUOTIENT
905,122,140,S4,4,p03,-1,u2,"sigma_minus=(0,4,1,5,2,6,3)",1.0,1.0,0.03788693475930534,0.03788693475930534,0.0,CONSTRUCTED-NORMALIZED-CONGRUENCE-QUOTIENT
906,122,132,S5,5,p02,-1,u1,"sigma_minus=(0,4,1,5,2,6,3)",1.0,1.0,0.39943727590997463,0.39943727590997463,0.0,CONSTRUCTED-NORMALIZED-CONGRUENCE-QUOTIENT
907,122,127,S6,6,p01,-1,u3,"sigma_minus=(0,4,1,5,2,6,3)",1.0,1.0,0.9657973093709475,0.9657973093709475,0.0,CONSTRUCTED-NORMALIZED-CONGRUENCE-QUOTIENT
908,122,146,S7,7,p12,-1,u2,"sigma_minus=(0,4,1,5,2,6,3)",1.0,1.0,0.03788693475930534,0.03788693475930534,0.0,CONSTRUCTED-NORMALIZED-CONGRUENCE-QUOTIENT
909,122,130,S8,8,p13,-1,u1,"sigma_minus=(0,4,1,5,2,6,3)",1.0,1.0,0.39943727590997463,0.39943727590997463,0.0,CONSTRUCTED-NORMALIZED-CONGRUENCE-QUOTIENT
910,122,138,S9,9,p23,-1,u3,"sigma_minus=(0,4,1,5,2,6,3)",1.0,1.0,0.9657973093709475,0.9657973093709475,0.0,CONSTRUCTED-NORMALIZED-CONGRUENCE-QUOTIENT
911,122,142,S10,10,p03,-1,u2,"sigma_minus=(0,4,1,5,2,6,3)",1.0,1.0,0.03788693475930534,0.03788693475930534,0.0,CONSTRUCTED-NORMALIZED-CONGRUENCE-QUOTIENT
912,123,146,S1,1,p12,-1,u2,"sigma_minus=(0,4,1,5,2,6,3)",1.0,1.0,0.03788693475930534,0.03788693475930534,0.0,CONSTRUCTED-NORMALIZED-CONGRUENCE-QUOTIENT
913,123,143,S4,4,p03,-1,u2,"sigma_minus=(0,4,1,5,2,6,3)",1.0,1.0,0.03788693475930534,0.03788693475930534,0.0,CONSTRUCTED-NORMALIZED-CONGRUENCE-QUOTIENT
914,123,134,S5,5,p02,-1,u1,"sigma_minus=(0,4,1,5,2,6,3)",1.0,1.0,0.39943727590997463,0.39943727590997463,0.0,CONSTRUCTED-NORMALIZED-CONGRUENCE-QUOTIENT
915,123,126,S6,6,p01,-1,u3,"sigma_minus=(0,4,1,5,2,6,3)",1.0,1.0,0.9657973093709475,0.9657973093709475,0.0,CONSTRUCTED-NORMALIZED-CONGRUENCE-QUOTIENT
916,123,147,S7,7,p12,-1,u2,"sigma_minus=(0,4,1,5,2,6,3)",1.0,1.0,0.03788693475930534,0.03788693475930534,0.0,CONSTRUCTED-NORMALIZED-CONGRUENCE-QUOTIENT
917,123,131,S8,8,p13,-1,u1,"sigma_minus=(0,4,1,5,2,6,3)",1.0,1.0,0.39943727590997463,0.39943727590997463,0.0,CONSTRUCTED-NORMALIZED-CONGRUENCE-QUOTIENT
918,123,136,S9,9,p23,-1,u3,"sigma_minus=(0,4,1,5,2,6,3)",1.0,1.0,0.9657973093709475,0.9657973093709475,0.0,CONSTRUCTED-NORMALIZED-CONGRUENCE-QUOTIENT
919,123,141,S10,10,p03,-1,u2,"sigma_minus=(0,4,1,5,2,6,3)",1.0,1.0,0.03788693475930534,0.03788693475930534,0.0,CONSTRUCTED-NORMALIZED-CONGRUENCE-QUOTIENT
920,124,148,S1,1,p12,-1,u2,"sigma_minus=(0,4,1,5,2,6,3)",1.0,1.0,0.03788693475930534,0.03788693475930534,0.0,CONSTRUCTED-NORMALIZED-CONGRUENCE-QUOTIENT
921,124,135,S4,4,p03,-1,u2,"sigma_minus=(0,4,1,5,2,6,3)",1.0,1.0,0.03788693475930534,0.03788693475930534,0.0,CONSTRUCTED-NORMALIZED-CONGRUENCE-QUOTIENT
922,124,142,S5,5,p02,-1,u1,"sigma_minus=(0,4,1,5,2,6,3)",1.0,1.0,0.39943727590997463,0.39943727590997463,0.0,CONSTRUCTED-NORMALIZED-CONGRUENCE-QUOTIENT
923,124,152,S7,7,p12,-1,u2,"sigma_minus=(0,4,1,5,2,6,3)",1.0,1.0,0.03788693475930534,0.03788693475930534,0.0,CONSTRUCTED-NORMALIZED-CONGRUENCE-QUOTIENT
924,124,125,S8,8,p13,-1,u1,"sigma_minus=(0,4,1,5,2,6,3)",1.0,1.0,0.39943727590997463,0.39943727590997463,0.0,CONSTRUCTED-NORMALIZED-CONGRUENCE-QUOTIENT
925,124,126,S9,9,p23,-1,u3,"sigma_minus=(0,4,1,5,2,6,3)",1.0,1.0,0.9657973093709475,0.9657973093709475,0.0,CONSTRUCTED-NORMALIZED-CONGRUENCE-QUOTIENT
926,124,127,S10,10,p03,-1,u2,"sigma_minus=(0,4,1,5,2,6,3)",1.0,1.0,0.03788693475930534,0.03788693475930534,0.0,CONSTRUCTED-NORMALIZED-CONGRUENCE-QUOTIENT
927,125,149,S1,1,p12,-1,u2,"sigma_minus=(0,4,1,5,2,6,3)",1.0,1.0,0.03788693475930534,0.03788693475930534,0.0,CONSTRUCTED-NORMALIZED-CONGRUENCE-QUOTIENT
928,125,133,S4,4,p03,-1,u2,"sigma_minus=(0,4,1,5,2,6,3)",1.0,1.0,0.03788693475930534,0.03788693475930534,0.0,CONSTRUCTED-NORMALIZED-CONGRUENCE-QUOTIENT
929,125,141,S5,5,p02,-1,u1,"sigma_minus=(0,4,1,5,2,6,3)",1.0,1.0,0.39943727590997463,0.39943727590997463,0.0,CONSTRUCTED-NORMALIZED-CONGRUENCE-QUOTIENT
930,125,153,S7,7,p12,-1,u2,"sigma_minus=(0,4,1,5,2,6,3)",1.0,1.0,0.03788693475930534,0.03788693475930534,0.0,CONSTRUCTED-NORMALIZED-CONGRUENCE-QUOTIENT
931,125,127,S9,9,p23,-1,u3,"sigma_minus=(0,4,1,5,2,6,3)",1.0,1.0,0.9657973093709475,0.9657973093709475,0.0,CONSTRUCTED-NORMALIZED-CONGRUENCE-QUOTIENT
932,125,126,S10,10,p03,-1,u2,"sigma_minus=(0,4,1,5,2,6,3)",1.0,1.0,0.03788693475930534,0.03788693475930534,0.0,CONSTRUCTED-NORMALIZED-CONGRUENCE-QUOTIENT
933,126,150,S1,1,p12,-1,u2,"sigma_minus=(0,4,1,5,2,6,3)",1.0,1.0,0.03788693475930534,0.03788693475930534,0.0,CONSTRUCTED-NORMALIZED-CONGRUENCE-QUOTIENT
934,126,134,S4,4,p03,-1,u2,"sigma_minus=(0,4,1,5,2,6,3)",1.0,1.0,0.03788693475930534,0.03788693475930534,0.0,CONSTRUCTED-NORMALIZED-CONGRUENCE-QUOTIENT
935,126,143,S5,5,p02,-1,u1,"sigma_minus=(0,4,1,5,2,6,3)",1.0,1.0,0.39943727590997463,0.39943727590997463,0.0,CONSTRUCTED-NORMALIZED-CONGRUENCE-QUOTIENT
936,126,154,S7,7,p12,-1,u2,"sigma_minus=(0,4,1,5,2,6,3)",1.0,1.0,0.03788693475930534,0.03788693475930534,0.0,CONSTRUCTED-NORMALIZED-CONGRUENCE-QUOTIENT
937,126,127,S8,8,p13,-1,u1,"sigma_minus=(0,4,1,5,2,6,3)",1.0,1.0,0.39943727590997463,0.39943727590997463,0.0,CONSTRUCTED-NORMALIZED-CONGRUENCE-QUOTIENT
938,127,151,S1,1,p12,-1,u2,"sigma_minus=(0,4,1,5,2,6,3)",1.0,1.0,0.03788693475930534,0.03788693475930534,0.0,CONSTRUCTED-NORMALIZED-CONGRUENCE-QUOTIENT
939,127,132,S4,4,p03,-1,u2,"sigma_minus=(0,4,1,5,2,6,3)",1.0,1.0,0.03788693475930534,0.03788693475930534,0.0,CONSTRUCTED-NORMALIZED-CONGRUENCE-QUOTIENT
940,127,140,S5,5,p02,-1,u1,"sigma_minus=(0,4,1,5,2,6,3)",1.0,1.0,0.39943727590997463,0.39943727590997463,0.0,CONSTRUCTED-NORMALIZED-CONGRUENCE-QUOTIENT
941,127,155,S7,7,p12,-1,u2,"sigma_minus=(0,4,1,5,2,6,3)",1.0,1.0,0.03788693475930534,0.03788693475930534,0.0,CONSTRUCTED-NORMALIZED-CONGRUENCE-QUOTIENT
942,128,152,S1,1,p12,-1,u2,"sigma_minus=(0,4,1,5,2,6,3)",1.0,1.0,0.03788693475930534,0.03788693475930534,0.0,CONSTRUCTED-NORMALIZED-CONGRUENCE-QUOTIENT
943,128,131,S4,4,p03,-1,u2,"sigma_minus=(0,4,1,5,2,6,3)",1.0,1.0,0.03788693475930534,0.03788693475930534,0.0,CONSTRUCTED-NORMALIZED-CONGRUENCE-QUOTIENT
944,128,130,S5,5,p02,-1,u1,"sigma_minus=(0,4,1,5,2,6,3)",1.0,1.0,0.39943727590997463,0.39943727590997463,0.0,CONSTRUCTED-NORMALIZED-CONGRUENCE-QUOTIENT
945,128,129,S6,6,p01,-1,u3,"sigma_minus=(0,4,1,5,2,6,3)",1.0,1.0,0.9657973093709475,0.9657973093709475,0.0,CONSTRUCTED-NORMALIZED-CONGRUENCE-QUOTIENT
946,128,148,S7,7,p12,-1,u2,"sigma_minus=(0,4,1,5,2,6,3)",1.0,1.0,0.03788693475930534,0.03788693475930534,0.0,CONSTRUCTED-NORMALIZED-CONGRUENCE-QUOTIENT
947,128,143,S9,9,p23,-1,u3,"sigma_minus=(0,4,1,5,2,6,3)",1.0,1.0,0.9657973093709475,0.9657973093709475,0.0,CONSTRUCTED-NORMALIZED-CONGRUENCE-QUOTIENT
948,128,139,S10,10,p03,-1,u2,"sigma_minus=(0,4,1,5,2,6,3)",1.0,1.0,0.03788693475930534,0.03788693475930534,0.0,CONSTRUCTED-NORMALIZED-CONGRUENCE-QUOTIENT
949,129,153,S1,1,p12,-1,u2,"sigma_minus=(0,4,1,5,2,6,3)",1.0,1.0,0.03788693475930534,0.03788693475930534,0.0,CONSTRUCTED-NORMALIZED-CONGRUENCE-QUOTIENT
950,129,130,S4,4,p03,-1,u2,"sigma_minus=(0,4,1,5,2,6,3)",1.0,1.0,0.03788693475930534,0.03788693475930534,0.0,CONSTRUCTED-NORMALIZED-CONGRUENCE-QUOTIENT
951,129,131,S5,5,p02,-1,u1,"sigma_minus=(0,4,1,5,2,6,3)",1.0,1.0,0.39943727590997463,0.39943727590997463,0.0,CONSTRUCTED-NORMALIZED-CONGRUENCE-QUOTIENT
952,129,149,S7,7,p12,-1,u2,"sigma_minus=(0,4,1,5,2,6,3)",1.0,1.0,0.03788693475930534,0.03788693475930534,0.0,CONSTRUCTED-NORMALIZED-CONGRUENCE-QUOTIENT
953,129,140,S9,9,p23,-1,u3,"sigma_minus=(0,4,1,5,2,6,3)",1.0,1.0,0.9657973093709475,0.9657973093709475,0.0,CONSTRUCTED-NORMALIZED-CONGRUENCE-QUOTIENT
954,129,137,S10,10,p03,-1,u2,"sigma_minus=(0,4,1,5,2,6,3)",1.0,1.0,0.03788693475930534,0.03788693475930534,0.0,CONSTRUCTED-NORMALIZED-CONGRUENCE-QUOTIENT
955,130,154,S1,1,p12,-1,u2,"sigma_minus=(0,4,1,5,2,6,3)",1.0,1.0,0.03788693475930534,0.03788693475930534,0.0,CONSTRUCTED-NORMALIZED-CONGRUENCE-QUOTIENT
956,130,131,S6,6,p01,-1,u3,"sigma_minus=(0,4,1,5,2,6,3)",1.0,1.0,0.9657973093709475,0.9657973093709475,0.0,CONSTRUCTED-NORMALIZED-CONGRUENCE-QUOTIENT
957,130,150,S7,7,p12,-1,u2,"sigma_minus=(0,4,1,5,2,6,3)",1.0,1.0,0.03788693475930534,0.03788693475930534,0.0,CONSTRUCTED-NORMALIZED-CONGRUENCE-QUOTIENT
958,130,142,S9,9,p23,-1,u3,"sigma_minus=(0,4,1,5,2,6,3)",1.0,1.0,0.9657973093709475,0.9657973093709475,0.0,CONSTRUCTED-NORMALIZED-CONGRUENCE-QUOTIENT
959,130,138,S10,10,p03,-1,u2,"sigma_minus=(0,4,1,5,2,6,3)",1.0,1.0,0.03788693475930534,0.03788693475930534,0.0,CONSTRUCTED-NORMALIZED-CONGRUENCE-QUOTIENT
960,131,155,S1,1,p12,-1,u2,"sigma_minus=(0,4,1,5,2,6,3)",1.0,1.0,0.03788693475930534,0.03788693475930534,0.0,CONSTRUCTED-NORMALIZED-CONGRUENCE-QUOTIENT
961,131,151,S7,7,p12,-1,u2,"sigma_minus=(0,4,1,5,2,6,3)",1.0,1.0,0.03788693475930534,0.03788693475930534,0.0,CONSTRUCTED-NORMALIZED-CONGRUENCE-QUOTIENT
962,131,141,S9,9,p23,-1,u3,"sigma_minus=(0,4,1,5,2,6,3)",1.0,1.0,0.9657973093709475,0.9657973093709475,0.0,CONSTRUCTED-NORMALIZED-CONGRUENCE-QUOTIENT
963,131,136,S10,10,p03,-1,u2,"sigma_minus=(0,4,1,5,2,6,3)",1.0,1.0,0.03788693475930534,0.03788693475930534,0.0,CONSTRUCTED-NORMALIZED-CONGRUENCE-QUOTIENT
964,132,160,S1,1,p12,-1,u2,"sigma_minus=(0,4,1,5,2,6,3)",1.0,1.0,0.03788693475930534,0.03788693475930534,0.0,CONSTRUCTED-NORMALIZED-CONGRUENCE-QUOTIENT
965,132,140,S6,6,p01,-1,u3,"sigma_minus=(0,4,1,5,2,6,3)",1.0,1.0,0.9657973093709475,0.9657973093709475,0.0,CONSTRUCTED-NORMALIZED-CONGRUENCE-QUOTIENT
966,132,156,S7,7,p12,-1,u2,"sigma_minus=(0,4,1,5,2,6,3)",1.0,1.0,0.03788693475930534,0.03788693475930534,0.0,CONSTRUCTED-NORMALIZED-CONGRUENCE-QUOTIENT
967,132,133,S8,8,p13,-1,u1,"sigma_minus=(0,4,1,5,2,6,3)",1.0,1.0,0.39943727590997463,0.39943727590997463,0.0,CONSTRUCTED-NORMALIZED-CONGRUENCE-QUOTIENT
968,132,134,S9,9,p23,-1,u3,"sigma_minus=(0,4,1,5,2,6,3)",1.0,1.0,0.9657973093709475,0.9657973093709475,0.0,CONSTRUCTED-NORMALIZED-CONGRUENCE-QUOTIENT
969,132,135,S10,10,p03,-1,u2,"sigma_minus=(0,4,1,5,2,6,3)",1.0,1.0,0.03788693475930534,0.03788693475930534,0.0,CONSTRUCTED-NORMALIZED-CONGRUENCE-QUOTIENT
970,133,161,S1,1,p12,-1,u2,"sigma_minus=(0,4,1,5,2,6,3)",1.0,1.0,0.03788693475930534,0.03788693475930534,0.0,CONSTRUCTED-NORMALIZED-CONGRUENCE-QUOTIENT
971,133,141,S6,6,p01,-1,u3,"sigma_minus=(0,4,1,5,2,6,3)",1.0,1.0,0.9657973093709475,0.9657973093709475,0.0,CONSTRUCTED-NORMALIZED-CONGRUENCE-QUOTIENT
972,133,157,S7,7,p12,-1,u2,"sigma_minus=(0,4,1,5,2,6,3)",1.0,1.0,0.03788693475930534,0.03788693475930534,0.0,CONSTRUCTED-NORMALIZED-CONGRUENCE-QUOTIENT
973,133,135,S9,9,p23,-1,u3,"sigma_minus=(0,4,1,5,2,6,3)",1.0,1.0,0.9657973093709475,0.9657973093709475,0.0,CONSTRUCTED-NORMALIZED-CONGRUENCE-QUOTIENT
974,133,134,S10,10,p03,-1,u2,"sigma_minus=(0,4,1,5,2,6,3)",1.0,1.0,0.03788693475930534,0.03788693475930534,0.0,CONSTRUCTED-NORMALIZED-CONGRUENCE-QUOTIENT
975,134,162,S1,1,p12,-1,u2,"sigma_minus=(0,4,1,5,2,6,3)",1.0,1.0,0.03788693475930534,0.03788693475930534,0.0,CONSTRUCTED-NORMALIZED-CONGRUENCE-QUOTIENT
976,134,143,S6,6,p01,-1,u3,"sigma_minus=(0,4,1,5,2,6,3)",1.0,1.0,0.9657973093709475,0.9657973093709475,0.0,CONSTRUCTED-NORMALIZED-CONGRUENCE-QUOTIENT
977,134,158,S7,7,p12,-1,u2,"sigma_minus=(0,4,1,5,2,6,3)",1.0,1.0,0.03788693475930534,0.03788693475930534,0.0,CONSTRUCTED-NORMALIZED-CONGRUENCE-QUOTIENT
978,134,135,S8,8,p13,-1,u1,"sigma_minus=(0,4,1,5,2,6,3)",1.0,1.0,0.39943727590997463,0.39943727590997463,0.0,CONSTRUCTED-NORMALIZED-CONGRUENCE-QUOTIENT
979,135,163,S1,1,p12,-1,u2,"sigma_minus=(0,4,1,5,2,6,3)",1.0,1.0,0.03788693475930534,0.03788693475930534,0.0,CONSTRUCTED-NORMALIZED-CONGRUENCE-QUOTIENT
980,135,142,S6,6,p01,-1,u3,"sigma_minus=(0,4,1,5,2,6,3)",1.0,1.0,0.9657973093709475,0.9657973093709475,0.0,CONSTRUCTED-NORMALIZED-CONGRUENCE-QUOTIENT
981,135,159,S7,7,p12,-1,u2,"sigma_minus=(0,4,1,5,2,6,3)",1.0,1.0,0.03788693475930534,0.03788693475930534,0.0,CONSTRUCTED-NORMALIZED-CONGRUENCE-QUOTIENT
982,136,156,S1,1,p12,-1,u2,"sigma_minus=(0,4,1,5,2,6,3)",1.0,1.0,0.03788693475930534,0.03788693475930534,0.0,CONSTRUCTED-NORMALIZED-CONGRUENCE-QUOTIENT
983,136,139,S4,4,p03,-1,u2,"sigma_minus=(0,4,1,5,2,6,3)",1.0,1.0,0.03788693475930534,0.03788693475930534,0.0,CONSTRUCTED-NORMALIZED-CONGRUENCE-QUOTIENT
984,136,138,S5,5,p02,-1,u1,"sigma_minus=(0,4,1,5,2,6,3)",1.0,1.0,0.39943727590997463,0.39943727590997463,0.0,CONSTRUCTED-NORMALIZED-CONGRUENCE-QUOTIENT
985,136,137,S6,6,p01,-1,u3,"sigma_minus=(0,4,1,5,2,6,3)",1.0,1.0,0.9657973093709475,0.9657973093709475,0.0,CONSTRUCTED-NORMALIZED-CONGRUENCE-QUOTIENT
986,136,160,S7,7,p12,-1,u2,"sigma_minus=(0,4,1,5,2,6,3)",1.0,1.0,0.03788693475930534,0.03788693475930534,0.0,CONSTRUCTED-NORMALIZED-CONGRUENCE-QUOTIENT
987,136,141,S8,8,p13,-1,u1,"sigma_minus=(0,4,1,5,2,6,3)",1.0,1.0,0.39943727590997463,0.39943727590997463,0.0,CONSTRUCTED-NORMALIZED-CONGRUENCE-QUOTIENT
988,137,157,S1,1,p12,-1,u2,"sigma_minus=(0,4,1,5,2,6,3)",1.0,1.0,0.03788693475930534,0.03788693475930534,0.0,CONSTRUCTED-NORMALIZED-CONGRUENCE-QUOTIENT
989,137,138,S4,4,p03,-1,u2,"sigma_minus=(0,4,1,5,2,6,3)",1.0,1.0,0.03788693475930534,0.03788693475930534,0.0,CONSTRUCTED-NORMALIZED-CONGRUENCE-QUOTIENT
990,137,139,S5,5,p02,-1,u1,"sigma_minus=(0,4,1,5,2,6,3)",1.0,1.0,0.39943727590997463,0.39943727590997463,0.0,CONSTRUCTED-NORMALIZED-CONGRUENCE-QUOTIENT
991,137,161,S7,7,p12,-1,u2,"sigma_minus=(0,4,1,5,2,6,3)",1.0,1.0,0.03788693475930534,0.03788693475930534,0.0,CONSTRUCTED-NORMALIZED-CONGRUENCE-QUOTIENT
992,137,140,S8,8,p13,-1,u1,"sigma_minus=(0,4,1,5,2,6,3)",1.0,1.0,0.39943727590997463,0.39943727590997463,0.0,CONSTRUCTED-NORMALIZED-CONGRUENCE-QUOTIENT
993,138,158,S1,1,p12,-1,u2,"sigma_minus=(0,4,1,5,2,6,3)",1.0,1.0,0.03788693475930534,0.03788693475930534,0.0,CONSTRUCTED-NORMALIZED-CONGRUENCE-QUOTIENT
994,138,139,S6,6,p01,-1,u3,"sigma_minus=(0,4,1,5,2,6,3)",1.0,1.0,0.9657973093709475,0.9657973093709475,0.0,CONSTRUCTED-NORMALIZED-CONGRUENCE-QUOTIENT
995,138,162,S7,7,p12,-1,u2,"sigma_minus=(0,4,1,5,2,6,3)",1.0,1.0,0.03788693475930534,0.03788693475930534,0.0,CONSTRUCTED-NORMALIZED-CONGRUENCE-QUOTIENT
996,138,142,S8,8,p13,-1,u1,"sigma_minus=(0,4,1,5,2,6,3)",1.0,1.0,0.39943727590997463,0.39943727590997463,0.0,CONSTRUCTED-NORMALIZED-CONGRUENCE-QUOTIENT
997,139,159,S1,1,p12,-1,u2,"sigma_minus=(0,4,1,5,2,6,3)",1.0,1.0,0.03788693475930534,0.03788693475930534,0.0,CONSTRUCTED-NORMALIZED-CONGRUENCE-QUOTIENT
998,139,163,S7,7,p12,-1,u2,"sigma_minus=(0,4,1,5,2,6,3)",1.0,1.0,0.03788693475930534,0.03788693475930534,0.0,CONSTRUCTED-NORMALIZED-CONGRUENCE-QUOTIENT
999,139,143,S8,8,p13,-1,u1,"sigma_minus=(0,4,1,5,2,6,3)",1.0,1.0,0.39943727590997463,0.39943727590997463,0.0,CONSTRUCTED-NORMALIZED-CONGRUENCE-QUOTIENT
1000,140,164,S1,1,p12,-1,u2,"sigma_minus=(0,4,1,5,2,6,3)",1.0,1.0,0.03788693475930534,0.03788693475930534,0.0,CONSTRUCTED-NORMALIZED-CONGRUENCE-QUOTIENT
1001,140,165,S7,7,p12,-1,u2,"sigma_minus=(0,4,1,5,2,6,3)",1.0,1.0,0.03788693475930534,0.03788693475930534,0.0,CONSTRUCTED-NORMALIZED-CONGRUENCE-QUOTIENT
1002,141,165,S1,1,p12,-1,u2,"sigma_minus=(0,4,1,5,2,6,3)",1.0,1.0,0.03788693475930534,0.03788693475930534,0.0,CONSTRUCTED-NORMALIZED-CONGRUENCE-QUOTIENT
1003,141,164,S7,7,p12,-1,u2,"sigma_minus=(0,4,1,5,2,6,3)",1.0,1.0,0.03788693475930534,0.03788693475930534,0.0,CONSTRUCTED-NORMALIZED-CONGRUENCE-QUOTIENT
1004,142,167,S1,1,p12,-1,u2,"sigma_minus=(0,4,1,5,2,6,3)",1.0,1.0,0.03788693475930534,0.03788693475930534,0.0,CONSTRUCTED-NORMALIZED-CONGRUENCE-QUOTIENT
1005,142,166,S7,7,p12,-1,u2,"sigma_minus=(0,4,1,5,2,6,3)",1.0,1.0,0.03788693475930534,0.03788693475930534,0.0,CONSTRUCTED-NORMALIZED-CONGRUENCE-QUOTIENT
1006,143,166,S1,1,p12,-1,u2,"sigma_minus=(0,4,1,5,2,6,3)",1.0,1.0,0.03788693475930534,0.03788693475930534,0.0,CONSTRUCTED-NORMALIZED-CONGRUENCE-QUOTIENT
1007,143,167,S7,7,p12,-1,u2,"sigma_minus=(0,4,1,5,2,6,3)",1.0,1.0,0.03788693475930534,0.03788693475930534,0.0,CONSTRUCTED-NORMALIZED-CONGRUENCE-QUOTIENT
