{
  "type": "FeatureCollection",
  "crs_note": "pixel coordinates in canonical photo crop; origin top-left",
  "source": "Tafel-III-fig1.jpg",
  "source_sha256": "36fbabf24d710e4bfd570bf05b2dba8350862ffcd02d44efd4f755204653a2b0",
  "crop_box_full_photo": [
    1460,
    120,
    3550,
    3000
  ],
  "status": "PRE_V38_DIAGNOSTIC_ONLY",
  "features": [
    {
      "type": "Feature",
      "geometry": {
        "type": "LineString",
        "coordinates": [
          [
            1504.0,
            561.0
          ],
          [
            1536.0,
            419.0
          ],
          [
            1585.0,
            282.0
          ],
          [
            1628.0,
            187.0
          ]
        ]
      },
      "properties": {
        "candidate_id": "P000",
        "class": "PHOTO_MATCHED_TO_V37_GEOMETRY",
        "style_candidate": "REINFORCED_STROKE_CANDIDATE",
        "length_px_photo": 425.362,
        "tortuosity": 1.079545,
        "stroke_radius_med_px_photo": 3.197,
        "v37_support_fraction_6px": 1.0,
        "v37_support_fraction_10px": 1.0,
        "status": "DIAGNOSTIC_ONLY_NOT_HISTORICAL_INCIDENCE"
      }
    },
    {
      "type": "Feature",
      "geometry": {
        "type": "LineString",
        "coordinates": [
          [
            1816.0,
            241.0
          ],
          [
            1809.0,
            241.0
          ],
          [
            1805.0,
            237.0
          ],
          [
            1798.0,
            238.0
          ],
          [
            1793.0,
            233.0
          ],
          [
            1785.0,
            233.0
          ]
        ]
      },
      "properties": {
        "candidate_id": "P001",
        "class": "PHOTO_PARTIAL_OR_FRAGMENT_CANDIDATE",
        "style_candidate": "ORDINARY_STROKE_CANDIDATE",
        "length_px_photo": 35.142,
        "tortuosity": 1.097656,
        "stroke_radius_med_px_photo": 2.0,
        "v37_support_fraction_6px": 0.0,
        "v37_support_fraction_10px": 0.0,
        "status": "DIAGNOSTIC_ONLY_NOT_HISTORICAL_INCIDENCE"
      }
    },
    {
      "type": "Feature",
      "geometry": {
        "type": "LineString",
        "coordinates": [
          [
            1857.0,
            253.0
          ],
          [
            1852.0,
            254.0
          ],
          [
            1848.0,
            250.0
          ],
          [
            1839.0,
            250.0
          ],
          [
            1834.0,
            246.0
          ],
          [
            1825.0,
            246.0
          ],
          [
            1821.0,
            243.0
          ]
        ]
      },
      "properties": {
        "candidate_id": "P002",
        "class": "PHOTO_PARTIAL_OR_FRAGMENT_CANDIDATE",
        "style_candidate": "ORDINARY_STROKE_CANDIDATE",
        "length_px_photo": 41.556,
        "tortuosity": 1.11223,
        "stroke_radius_med_px_photo": 2.0,
        "v37_support_fraction_6px": 0.0,
        "v37_support_fraction_10px": 0.0,
        "status": "DIAGNOSTIC_ONLY_NOT_HISTORICAL_INCIDENCE"
      }
    },
    {
      "type": "Feature",
      "geometry": {
        "type": "LineString",
        "coordinates": [
          [
            1895.0,
            263.0
          ],
          [
            1887.0,
            263.0
          ],
          [
            1884.0,
            259.0
          ],
          [
            1877.0,
            260.0
          ],
          [
            1874.0,
            257.0
          ],
          [
            1865.0,
            258.0
          ],
          [
            1861.0,
            254.0
          ]
        ]
      },
      "properties": {
        "candidate_id": "P003",
        "class": "PHOTO_PARTIAL_OR_FRAGMENT_CANDIDATE",
        "style_candidate": "ORDINARY_STROKE_CANDIDATE",
        "length_px_photo": 40.799,
        "tortuosity": 1.160018,
        "stroke_radius_med_px_photo": 2.0,
        "v37_support_fraction_6px": 0.0,
        "v37_support_fraction_10px": 0.0,
        "status": "DIAGNOSTIC_ONLY_NOT_HISTORICAL_INCIDENCE"
      }
    },
    {
      "type": "Feature",
      "geometry": {
        "type": "LineString",
        "coordinates": [
          [
            1523.0,
            260.0
          ],
          [
            1519.0,
            267.0
          ],
          [
            1472.0,
            298.0
          ],
          [
            1469.0,
            302.0
          ]
        ]
      },
      "properties": {
        "candidate_id": "P004",
        "class": "PHOTO_NEW_LONG_GEOMETRY_CANDIDATE",
        "style_candidate": "ORDINARY_STROKE_CANDIDATE",
        "length_px_photo": 73.74,
        "tortuosity": 1.077906,
        "stroke_radius_med_px_photo": 1.4,
        "v37_support_fraction_6px": 0.0,
        "v37_support_fraction_10px": 0.0,
        "status": "DIAGNOSTIC_ONLY_NOT_HISTORICAL_INCIDENCE"
      }
    },
    {
      "type": "Feature",
      "geometry": {
        "type": "LineString",
        "coordinates": [
          [
            1924.0,
            274.0
          ],
          [
            1892.0,
            440.0
          ],
          [
            1871.0,
            630.0
          ]
        ]
      },
      "properties": {
        "candidate_id": "P005",
        "class": "PHOTO_MATCHED_TO_V37_GEOMETRY",
        "style_candidate": "REINFORCED_STROKE_CANDIDATE",
        "length_px_photo": 377.953,
        "tortuosity": 1.050093,
        "stroke_radius_med_px_photo": 3.0,
        "v37_support_fraction_6px": 0.967391,
        "v37_support_fraction_10px": 1.0,
        "status": "DIAGNOSTIC_ONLY_NOT_HISTORICAL_INCIDENCE"
      }
    },
    {
      "type": "Feature",
      "geometry": {
        "type": "LineString",
        "coordinates": [
          [
            1458.0,
            307.0
          ],
          [
            1436.0,
            319.0
          ],
          [
            1421.0,
            324.0
          ]
        ]
      },
      "properties": {
        "candidate_id": "P006",
        "class": "PHOTO_PARTIAL_OR_FRAGMENT_CANDIDATE",
        "style_candidate": "ORDINARY_STROKE_CANDIDATE",
        "length_px_photo": 44.042,
        "tortuosity": 1.081611,
        "stroke_radius_med_px_photo": 1.4,
        "v37_support_fraction_6px": 0.0,
        "v37_support_fraction_10px": 0.0,
        "status": "DIAGNOSTIC_ONLY_NOT_HISTORICAL_INCIDENCE"
      }
    },
    {
      "type": "Feature",
      "geometry": {
        "type": "LineString",
        "coordinates": [
          [
            1329.0,
            342.0
          ],
          [
            1355.0,
            342.0
          ],
          [
            1381.0,
            335.0
          ]
        ]
      },
      "properties": {
        "candidate_id": "P007",
        "class": "PHOTO_PARTIAL_OR_FRAGMENT_CANDIDATE",
        "style_candidate": "ORDINARY_STROKE_CANDIDATE",
        "length_px_photo": 54.899,
        "tortuosity": 1.046322,
        "stroke_radius_med_px_photo": 1.0,
        "v37_support_fraction_6px": 0.066667,
        "v37_support_fraction_10px": 0.166667,
        "status": "DIAGNOSTIC_ONLY_NOT_HISTORICAL_INCIDENCE"
      }
    },
    {
      "type": "Feature",
      "geometry": {
        "type": "LineString",
        "coordinates": [
          [
            1325.0,
            344.0
          ],
          [
            1320.0,
            347.0
          ],
          [
            1310.0,
            394.0
          ]
        ]
      },
      "properties": {
        "candidate_id": "P008",
        "class": "PHOTO_MATCHED_TO_V37_GEOMETRY",
        "style_candidate": "ORDINARY_STROKE_CANDIDATE",
        "length_px_photo": 57.385,
        "tortuosity": 1.099293,
        "stroke_radius_med_px_photo": 1.4,
        "v37_support_fraction_6px": 1.0,
        "v37_support_fraction_10px": 1.0,
        "status": "DIAGNOSTIC_ONLY_NOT_HISTORICAL_INCIDENCE"
      }
    },
    {
      "type": "Feature",
      "geometry": {
        "type": "LineString",
        "coordinates": [
          [
            1328.0,
            346.0
          ],
          [
            1411.0,
            453.0
          ]
        ]
      },
      "properties": {
        "candidate_id": "P009",
        "class": "PHOTO_MATCHED_TO_V37_GEOMETRY",
        "style_candidate": "ORDINARY_STROKE_CANDIDATE",
        "length_px_photo": 141.38,
        "tortuosity": 1.044025,
        "stroke_radius_med_px_photo": 2.8,
        "v37_support_fraction_6px": 1.0,
        "v37_support_fraction_10px": 1.0,
        "status": "DIAGNOSTIC_ONLY_NOT_HISTORICAL_INCIDENCE"
      }
    },
    {
      "type": "Feature",
      "geometry": {
        "type": "LineString",
        "coordinates": [
          [
            1304.0,
            418.0
          ],
          [
            1297.0,
            449.0
          ],
          [
            1296.0,
            461.0
          ],
          [
            1292.0,
            470.0
          ],
          [
            1283.0,
            505.0
          ]
        ]
      },
      "properties": {
        "candidate_id": "P010",
        "class": "PHOTO_MATCHED_TO_V37_GEOMETRY",
        "style_candidate": "ORDINARY_STROKE_CANDIDATE",
        "length_px_photo": 95.698,
        "tortuosity": 1.069274,
        "stroke_radius_med_px_photo": 1.4,
        "v37_support_fraction_6px": 1.0,
        "v37_support_fraction_10px": 1.0,
        "status": "DIAGNOSTIC_ONLY_NOT_HISTORICAL_INCIDENCE"
      }
    },
    {
      "type": "Feature",
      "geometry": {
        "type": "LineString",
        "coordinates": [
          [
            1414.0,
            457.0
          ],
          [
            1488.0,
            552.0
          ],
          [
            1499.0,
            563.0
          ]
        ]
      },
      "properties": {
        "candidate_id": "P011",
        "class": "PHOTO_MATCHED_TO_V37_GEOMETRY",
        "style_candidate": "REINFORCED_STROKE_CANDIDATE",
        "length_px_photo": 142.38,
        "tortuosity": 1.047902,
        "stroke_radius_med_px_photo": 3.197,
        "v37_support_fraction_6px": 1.0,
        "v37_support_fraction_10px": 1.0,
        "status": "DIAGNOSTIC_ONLY_NOT_HISTORICAL_INCIDENCE"
      }
    },
    {
      "type": "Feature",
      "geometry": {
        "type": "LineString",
        "coordinates": [
          [
            1206.0,
            507.0
          ],
          [
            1203.0,
            505.0
          ],
          [
            1118.0,
            504.0
          ]
        ]
      },
      "properties": {
        "candidate_id": "P012",
        "class": "PHOTO_NEW_LONG_GEOMETRY_CANDIDATE",
        "style_candidate": "ORDINARY_STROKE_CANDIDATE",
        "length_px_photo": 90.899,
        "tortuosity": 1.032349,
        "stroke_radius_med_px_photo": 1.4,
        "v37_support_fraction_6px": 0.020833,
        "v37_support_fraction_10px": 0.083333,
        "status": "DIAGNOSTIC_ONLY_NOT_HISTORICAL_INCIDENCE"
      }
    },
    {
      "type": "Feature",
      "geometry": {
        "type": "LineString",
        "coordinates": [
          [
            1279.0,
            507.0
          ],
          [
            1211.0,
            505.0
          ]
        ]
      },
      "properties": {
        "candidate_id": "P013",
        "class": "PHOTO_PARTIAL_OR_FRAGMENT_CANDIDATE",
        "style_candidate": "ORDINARY_STROKE_CANDIDATE",
        "length_px_photo": 69.657,
        "tortuosity": 1.023923,
        "stroke_radius_med_px_photo": 1.0,
        "v37_support_fraction_6px": 0.054054,
        "v37_support_fraction_10px": 0.108108,
        "status": "DIAGNOSTIC_ONLY_NOT_HISTORICAL_INCIDENCE"
      }
    },
    {
      "type": "Feature",
      "geometry": {
        "type": "LineString",
        "coordinates": [
          [
            1540.0,
            538.0
          ],
          [
            1576.0,
            518.0
          ],
          [
            1620.0,
            507.0
          ],
          [
            1653.0,
            506.0
          ],
          [
            1690.0,
            512.0
          ]
        ]
      },
      "properties": {
        "candidate_id": "P014",
        "class": "PHOTO_NEW_LONG_GEOMETRY_CANDIDATE",
        "style_candidate": "ORDINARY_STROKE_CANDIDATE",
        "length_px_photo": 166.569,
        "tortuosity": 1.094142,
        "stroke_radius_med_px_photo": 1.4,
        "v37_support_fraction_6px": 0.0,
        "v37_support_fraction_10px": 0.035294,
        "status": "DIAGNOSTIC_ONLY_NOT_HISTORICAL_INCIDENCE"
      }
    },
    {
      "type": "Feature",
      "geometry": {
        "type": "LineString",
        "coordinates": [
          [
            1117.0,
            508.0
          ],
          [
            1147.0,
            555.0
          ],
          [
            1226.0,
            651.0
          ],
          [
            1275.0,
            701.0
          ],
          [
            1315.0,
            728.0
          ]
        ]
      },
      "properties": {
        "candidate_id": "P015",
        "class": "PHOTO_MATCHED_TO_V37_GEOMETRY",
        "style_candidate": "ORDINARY_STROKE_CANDIDATE",
        "length_px_photo": 311.973,
        "tortuosity": 1.054034,
        "stroke_radius_med_px_photo": 1.4,
        "v37_support_fraction_6px": 0.694268,
        "v37_support_fraction_10px": 0.707006,
        "status": "DIAGNOSTIC_ONLY_NOT_HISTORICAL_INCIDENCE"
      }
    },
    {
      "type": "Feature",
      "geometry": {
        "type": "LineString",
        "coordinates": [
          [
            1197.0,
            533.0
          ],
          [
            1199.0,
            536.0
          ],
          [
            1204.0,
            536.0
          ],
          [
            1208.0,
            533.0
          ],
          [
            1209.0,
            510.0
          ]
        ]
      },
      "properties": {
        "candidate_id": "P016",
        "class": "PHOTO_PARTIAL_OR_FRAGMENT_CANDIDATE",
        "style_candidate": "ORDINARY_STROKE_CANDIDATE",
        "length_px_photo": 38.314,
        "tortuosity": 1.476885,
        "stroke_radius_med_px_photo": 2.0,
        "v37_support_fraction_6px": 0.0,
        "v37_support_fraction_10px": 0.0,
        "status": "DIAGNOSTIC_ONLY_NOT_HISTORICAL_INCIDENCE"
      }
    },
    {
      "type": "Feature",
      "geometry": {
        "type": "LineString",
        "coordinates": [
          [
            1282.0,
            511.0
          ],
          [
            1289.0,
            521.0
          ],
          [
            1317.0,
            548.0
          ],
          [
            1343.0,
            565.0
          ],
          [
            1360.0,
            573.0
          ]
        ]
      },
      "properties": {
        "candidate_id": "P017",
        "class": "PHOTO_NEW_LONG_GEOMETRY_CANDIDATE",
        "style_candidate": "ORDINARY_STROKE_CANDIDATE",
        "length_px_photo": 105.439,
        "tortuosity": 1.058202,
        "stroke_radius_med_px_photo": 1.4,
        "v37_support_fraction_6px": 0.0,
        "v37_support_fraction_10px": 0.034483,
        "status": "DIAGNOSTIC_ONLY_NOT_HISTORICAL_INCIDENCE"
      }
    },
    {
      "type": "Feature",
      "geometry": {
        "type": "LineString",
        "coordinates": [
          [
            1083.0,
            814.0
          ],
          [
            1087.0,
            647.0
          ],
          [
            1095.0,
            580.0
          ],
          [
            1110.0,
            512.0
          ]
        ]
      },
      "properties": {
        "candidate_id": "P018",
        "class": "PHOTO_MATCHED_TO_V37_GEOMETRY",
        "style_candidate": "ORDINARY_STROKE_CANDIDATE",
        "length_px_photo": 314.012,
        "tortuosity": 1.035645,
        "stroke_radius_med_px_photo": 1.0,
        "v37_support_fraction_6px": 1.0,
        "v37_support_fraction_10px": 1.0,
        "status": "DIAGNOSTIC_ONLY_NOT_HISTORICAL_INCIDENCE"
      }
    },
    {
      "type": "Feature",
      "geometry": {
        "type": "LineString",
        "coordinates": [
          [
            1864.0,
            629.0
          ],
          [
            1844.0,
            605.0
          ],
          [
            1818.0,
            580.0
          ],
          [
            1795.0,
            561.0
          ],
          [
            1781.0,
            552.0
          ]
        ]
      },
      "properties": {
        "candidate_id": "P019",
        "class": "PHOTO_NEW_LONG_GEOMETRY_CANDIDATE",
        "style_candidate": "ORDINARY_STROKE_CANDIDATE",
        "length_px_photo": 117.823,
        "tortuosity": 1.04069,
        "stroke_radius_med_px_photo": 1.4,
        "v37_support_fraction_6px": 0.03125,
        "v37_support_fraction_10px": 0.078125,
        "status": "DIAGNOSTIC_ONLY_NOT_HISTORICAL_INCIDENCE"
      }
    },
    {
      "type": "Feature",
      "geometry": {
        "type": "LineString",
        "coordinates": [
          [
            1417.0,
            588.0
          ],
          [
            1395.0,
            585.0
          ],
          [
            1368.0,
            577.0
          ]
        ]
      },
      "properties": {
        "candidate_id": "P020",
        "class": "PHOTO_PARTIAL_OR_FRAGMENT_CANDIDATE",
        "style_candidate": "ORDINARY_STROKE_CANDIDATE",
        "length_px_photo": 53.556,
        "tortuosity": 1.066445,
        "stroke_radius_med_px_photo": 1.4,
        "v37_support_fraction_6px": 0.0,
        "v37_support_fraction_10px": 0.0,
        "status": "DIAGNOSTIC_ONLY_NOT_HISTORICAL_INCIDENCE"
      }
    },
    {
      "type": "Feature",
      "geometry": {
        "type": "LineString",
        "coordinates": [
          [
            1481.0,
            727.0
          ],
          [
            1491.0,
            631.0
          ],
          [
            1500.0,
            579.0
          ]
        ]
      },
      "properties": {
        "candidate_id": "P021",
        "class": "PHOTO_MATCHED_TO_V37_GEOMETRY",
        "style_candidate": "REINFORCED_STROKE_CANDIDATE",
        "length_px_photo": 155.87,
        "tortuosity": 1.044603,
        "stroke_radius_med_px_photo": 3.0,
        "v37_support_fraction_6px": 1.0,
        "v37_support_fraction_10px": 1.0,
        "status": "DIAGNOSTIC_ONLY_NOT_HISTORICAL_INCIDENCE"
      }
    },
    {
      "type": "Feature",
      "geometry": {
        "type": "LineString",
        "coordinates": [
          [
            1484.0,
            581.0
          ],
          [
            1469.0,
            586.0
          ],
          [
            1464.0,
            585.0
          ],
          [
            1427.0,
            589.0
          ]
        ]
      },
      "properties": {
        "candidate_id": "P022",
        "class": "PHOTO_PARTIAL_OR_FRAGMENT_CANDIDATE",
        "style_candidate": "ORDINARY_STROKE_CANDIDATE",
        "length_px_photo": 61.142,
        "tortuosity": 1.062258,
        "stroke_radius_med_px_photo": 1.4,
        "v37_support_fraction_6px": 0.0,
        "v37_support_fraction_10px": 0.0,
        "status": "DIAGNOSTIC_ONLY_NOT_HISTORICAL_INCIDENCE"
      }
    },
    {
      "type": "Feature",
      "geometry": {
        "type": "LineString",
        "coordinates": [
          [
            1585.0,
            679.0
          ],
          [
            1551.0,
            635.0
          ]
        ]
      },
      "properties": {
        "candidate_id": "P023",
        "class": "PHOTO_PARTIAL_OR_FRAGMENT_CANDIDATE",
        "style_candidate": "ORDINARY_STROKE_CANDIDATE",
        "length_px_photo": 58.083,
        "tortuosity": 1.044555,
        "stroke_radius_med_px_photo": 1.4,
        "v37_support_fraction_6px": 0.0,
        "v37_support_fraction_10px": 0.0,
        "status": "DIAGNOSTIC_ONLY_NOT_HISTORICAL_INCIDENCE"
      }
    },
    {
      "type": "Feature",
      "geometry": {
        "type": "LineString",
        "coordinates": [
          [
            1850.0,
            634.0
          ],
          [
            1845.0,
            634.0
          ],
          [
            1826.0,
            640.0
          ],
          [
            1805.0,
            651.0
          ]
        ]
      },
      "properties": {
        "candidate_id": "P024",
        "class": "PHOTO_PARTIAL_OR_FRAGMENT_CANDIDATE",
        "style_candidate": "ORDINARY_STROKE_CANDIDATE",
        "length_px_photo": 52.042,
        "tortuosity": 1.081856,
        "stroke_radius_med_px_photo": 1.0,
        "v37_support_fraction_6px": 0.0,
        "v37_support_fraction_10px": 0.0,
        "status": "DIAGNOSTIC_ONLY_NOT_HISTORICAL_INCIDENCE"
      }
    },
    {
      "type": "Feature",
      "geometry": {
        "type": "LineString",
        "coordinates": [
          [
            1856.0,
            996.0
          ],
          [
            1870.0,
            635.0
          ]
        ]
      },
      "properties": {
        "candidate_id": "P025",
        "class": "PHOTO_MATCHED_TO_V37_GEOMETRY",
        "style_candidate": "REINFORCED_STROKE_CANDIDATE",
        "length_px_photo": 367.627,
        "tortuosity": 1.017594,
        "stroke_radius_med_px_photo": 3.0,
        "v37_support_fraction_6px": 0.770492,
        "v37_support_fraction_10px": 0.989071,
        "status": "DIAGNOSTIC_ONLY_NOT_HISTORICAL_INCIDENCE"
      }
    },
    {
      "type": "Feature",
      "geometry": {
        "type": "LineString",
        "coordinates": [
          [
            850.0,
            683.0
          ],
          [
            910.0,
            778.0
          ],
          [
            925.0,
            807.0
          ]
        ]
      },
      "properties": {
        "candidate_id": "P026",
        "class": "PHOTO_NEW_LONG_GEOMETRY_CANDIDATE",
        "style_candidate": "ORDINARY_STROKE_CANDIDATE",
        "length_px_photo": 155.066,
        "tortuosity": 1.070032,
        "stroke_radius_med_px_photo": 1.4,
        "v37_support_fraction_6px": 0.0,
        "v37_support_fraction_10px": 0.0,
        "status": "DIAGNOSTIC_ONLY_NOT_HISTORICAL_INCIDENCE"
      }
    },
    {
      "type": "Feature",
      "geometry": {
        "type": "LineString",
        "coordinates": [
          [
            1641.0,
            699.0
          ],
          [
            1627.0,
            698.0
          ],
          [
            1605.0,
            692.0
          ],
          [
            1587.0,
            682.0
          ]
        ]
      },
      "properties": {
        "candidate_id": "P027",
        "class": "PHOTO_PARTIAL_OR_FRAGMENT_CANDIDATE",
        "style_candidate": "ORDINARY_STROKE_CANDIDATE",
        "length_px_photo": 61.042,
        "tortuosity": 1.078232,
        "stroke_radius_med_px_photo": 1.4,
        "v37_support_fraction_6px": 0.0,
        "v37_support_fraction_10px": 0.0,
        "status": "DIAGNOSTIC_ONLY_NOT_HISTORICAL_INCIDENCE"
      }
    },
    {
      "type": "Feature",
      "geometry": {
        "type": "LineString",
        "coordinates": [
          [
            1680.0,
            697.0
          ],
          [
            1694.0,
            697.0
          ],
          [
            1731.0,
            690.0
          ]
        ]
      },
      "properties": {
        "candidate_id": "P028",
        "class": "PHOTO_PARTIAL_OR_FRAGMENT_CANDIDATE",
        "style_candidate": "ORDINARY_STROKE_CANDIDATE",
        "length_px_photo": 54.728,
        "tortuosity": 1.063129,
        "stroke_radius_med_px_photo": 1.0,
        "v37_support_fraction_6px": 0.0,
        "v37_support_fraction_10px": 0.0,
        "status": "DIAGNOSTIC_ONLY_NOT_HISTORICAL_INCIDENCE"
      }
    },
    {
      "type": "Feature",
      "geometry": {
        "type": "LineString",
        "coordinates": [
          [
            1316.0,
            731.0
          ],
          [
            1311.0,
            807.0
          ],
          [
            1310.0,
            874.0
          ]
        ]
      },
      "properties": {
        "candidate_id": "P029",
        "class": "PHOTO_NEW_LONG_GEOMETRY_CANDIDATE",
        "style_candidate": "ORDINARY_STROKE_CANDIDATE",
        "length_px_photo": 145.485,
        "tortuosity": 1.016485,
        "stroke_radius_med_px_photo": 1.0,
        "v37_support_fraction_6px": 0.026316,
        "v37_support_fraction_10px": 0.065789,
        "status": "DIAGNOSTIC_ONLY_NOT_HISTORICAL_INCIDENCE"
      }
    },
    {
      "type": "Feature",
      "geometry": {
        "type": "LineString",
        "coordinates": [
          [
            1480.0,
            732.0
          ],
          [
            1476.0,
            774.0
          ]
        ]
      },
      "properties": {
        "candidate_id": "P030",
        "class": "PHOTO_MATCHED_TO_V37_GEOMETRY",
        "style_candidate": "ORDINARY_STROKE_CANDIDATE",
        "length_px_photo": 43.657,
        "tortuosity": 1.034767,
        "stroke_radius_med_px_photo": 3.0,
        "v37_support_fraction_6px": 1.0,
        "v37_support_fraction_10px": 1.0,
        "status": "DIAGNOSTIC_ONLY_NOT_HISTORICAL_INCIDENCE"
      }
    },
    {
      "type": "Feature",
      "geometry": {
        "type": "LineString",
        "coordinates": [
          [
            563.0,
            817.0
          ],
          [
            689.0,
            759.0
          ]
        ]
      },
      "properties": {
        "candidate_id": "P031",
        "class": "PHOTO_MATCHED_TO_V37_GEOMETRY",
        "style_candidate": "ORDINARY_STROKE_CANDIDATE",
        "length_px_photo": 150.024,
        "tortuosity": 1.081582,
        "stroke_radius_med_px_photo": 1.4,
        "v37_support_fraction_6px": 1.0,
        "v37_support_fraction_10px": 1.0,
        "status": "DIAGNOSTIC_ONLY_NOT_HISTORICAL_INCIDENCE"
      }
    },
    {
      "type": "Feature",
      "geometry": {
        "type": "LineString",
        "coordinates": [
          [
            1475.0,
            784.0
          ],
          [
            1472.0,
            873.0
          ],
          [
            1476.0,
            964.0
          ],
          [
            1480.0,
            991.0
          ]
        ]
      },
      "properties": {
        "candidate_id": "P032",
        "class": "PHOTO_MATCHED_TO_V37_GEOMETRY",
        "style_candidate": "REINFORCED_STROKE_CANDIDATE",
        "length_px_photo": 211.556,
        "tortuosity": 1.021713,
        "stroke_radius_med_px_photo": 3.0,
        "v37_support_fraction_6px": 1.0,
        "v37_support_fraction_10px": 1.0,
        "status": "DIAGNOSTIC_ONLY_NOT_HISTORICAL_INCIDENCE"
      }
    },
    {
      "type": "Feature",
      "geometry": {
        "type": "LineString",
        "coordinates": [
          [
            1238.0,
            846.0
          ],
          [
            1172.0,
            827.0
          ],
          [
            1114.0,
            819.0
          ]
        ]
      },
      "properties": {
        "candidate_id": "P033",
        "class": "PHOTO_NEW_LONG_GEOMETRY_CANDIDATE",
        "style_candidate": "ORDINARY_STROKE_CANDIDATE",
        "length_px_photo": 135.184,
        "tortuosity": 1.065232,
        "stroke_radius_med_px_photo": 1.0,
        "v37_support_fraction_6px": 0.0,
        "v37_support_fraction_10px": 0.0,
        "status": "DIAGNOSTIC_ONLY_NOT_HISTORICAL_INCIDENCE"
      }
    },
    {
      "type": "Feature",
      "geometry": {
        "type": "LineString",
        "coordinates": [
          [
            464.0,
            860.0
          ],
          [
            557.0,
            820.0
          ]
        ]
      },
      "properties": {
        "candidate_id": "P034",
        "class": "PHOTO_NEW_LONG_GEOMETRY_CANDIDATE",
        "style_candidate": "ORDINARY_STROKE_CANDIDATE",
        "length_px_photo": 109.569,
        "tortuosity": 1.082294,
        "stroke_radius_med_px_photo": 1.4,
        "v37_support_fraction_6px": 0.037736,
        "v37_support_fraction_10px": 0.075472,
        "status": "DIAGNOSTIC_ONLY_NOT_HISTORICAL_INCIDENCE"
      }
    },
    {
      "type": "Feature",
      "geometry": {
        "type": "LineString",
        "coordinates": [
          [
            773.0,
            950.0
          ],
          [
            715.0,
            926.0
          ],
          [
            670.0,
            900.0
          ],
          [
            564.0,
            820.0
          ]
        ]
      },
      "properties": {
        "candidate_id": "P035",
        "class": "PHOTO_MATCHED_TO_V37_GEOMETRY",
        "style_candidate": "ORDINARY_STROKE_CANDIDATE",
        "length_px_photo": 262.848,
        "tortuosity": 1.067913,
        "stroke_radius_med_px_photo": 1.4,
        "v37_support_fraction_6px": 0.736434,
        "v37_support_fraction_10px": 0.767442,
        "status": "DIAGNOSTIC_ONLY_NOT_HISTORICAL_INCIDENCE"
      }
    },
    {
      "type": "Feature",
      "geometry": {
        "type": "LineString",
        "coordinates": [
          [
            1082.0,
            820.0
          ],
          [
            1069.0,
            849.0
          ],
          [
            1049.0,
            879.0
          ],
          [
            1021.0,
            907.0
          ],
          [
            998.0,
            925.0
          ]
        ]
      },
      "properties": {
        "candidate_id": "P036",
        "class": "PHOTO_MATCHED_TO_V37_GEOMETRY",
        "style_candidate": "ORDINARY_STROKE_CANDIDATE",
        "length_px_photo": 143.894,
        "tortuosity": 1.070121,
        "stroke_radius_med_px_photo": 1.4,
        "v37_support_fraction_6px": 1.0,
        "v37_support_fraction_10px": 1.0,
        "status": "DIAGNOSTIC_ONLY_NOT_HISTORICAL_INCIDENCE"
      }
    },
    {
      "type": "Feature",
      "geometry": {
        "type": "LineString",
        "coordinates": [
          [
            560.0,
            823.0
          ],
          [
            556.0,
            851.0
          ],
          [
            556.0,
            907.0
          ],
          [
            558.0,
            927.0
          ]
        ]
      },
      "properties": {
        "candidate_id": "P037",
        "class": "PHOTO_MATCHED_TO_V37_GEOMETRY",
        "style_candidate": "ORDINARY_STROKE_CANDIDATE",
        "length_px_photo": 107.314,
        "tortuosity": 1.031672,
        "stroke_radius_med_px_photo": 1.0,
        "v37_support_fraction_6px": 0.637931,
        "v37_support_fraction_10px": 0.706897,
        "status": "DIAGNOSTIC_ONLY_NOT_HISTORICAL_INCIDENCE"
      }
    },
    {
      "type": "Feature",
      "geometry": {
        "type": "LineString",
        "coordinates": [
          [
            1403.0,
            829.0
          ],
          [
            1364.0,
            852.0
          ],
          [
            1359.0,
            853.0
          ],
          [
            1343.0,
            863.0
          ],
          [
            1315.0,
            876.0
          ]
        ]
      },
      "properties": {
        "candidate_id": "P038",
        "class": "PHOTO_MATCHED_TO_V37_GEOMETRY",
        "style_candidate": "ORDINARY_STROKE_CANDIDATE",
        "length_px_photo": 107.468,
        "tortuosity": 1.077215,
        "stroke_radius_med_px_photo": 1.4,
        "v37_support_fraction_6px": 0.859649,
        "v37_support_fraction_10px": 0.894737,
        "status": "DIAGNOSTIC_ONLY_NOT_HISTORICAL_INCIDENCE"
      }
    },
    {
      "type": "Feature",
      "geometry": {
        "type": "LineString",
        "coordinates": [
          [
            1306.0,
            875.0
          ],
          [
            1303.0,
            875.0
          ],
          [
            1262.0,
            855.0
          ],
          [
            1247.0,
            850.0
          ],
          [
            1243.0,
            846.0
          ]
        ]
      },
      "properties": {
        "candidate_id": "P039",
        "class": "PHOTO_MATCHED_TO_V37_GEOMETRY",
        "style_candidate": "ORDINARY_STROKE_CANDIDATE",
        "length_px_photo": 75.598,
        "tortuosity": 1.090028,
        "stroke_radius_med_px_photo": 1.4,
        "v37_support_fraction_6px": 0.512195,
        "v37_support_fraction_10px": 0.560976,
        "status": "DIAGNOSTIC_ONLY_NOT_HISTORICAL_INCIDENCE"
      }
    },
    {
      "type": "Feature",
      "geometry": {
        "type": "LineString",
        "coordinates": [
          [
            408.0,
            882.0
          ],
          [
            457.0,
            862.0
          ]
        ]
      },
      "properties": {
        "candidate_id": "P040",
        "class": "PHOTO_PARTIAL_OR_FRAGMENT_CANDIDATE",
        "style_candidate": "ORDINARY_STROKE_CANDIDATE",
        "length_px_photo": 57.284,
        "tortuosity": 1.082378,
        "stroke_radius_med_px_photo": 1.4,
        "v37_support_fraction_6px": 0.0,
        "v37_support_fraction_10px": 0.0,
        "status": "DIAGNOSTIC_ONLY_NOT_HISTORICAL_INCIDENCE"
      }
    },
    {
      "type": "Feature",
      "geometry": {
        "type": "LineString",
        "coordinates": [
          [
            985.0,
            925.0
          ],
          [
            959.0,
            919.0
          ],
          [
            925.0,
            905.0
          ],
          [
            855.0,
            871.0
          ]
        ]
      },
      "properties": {
        "candidate_id": "P041",
        "class": "PHOTO_NEW_LONG_GEOMETRY_CANDIDATE",
        "style_candidate": "ORDINARY_STROKE_CANDIDATE",
        "length_px_photo": 152.368,
        "tortuosity": 1.082392,
        "stroke_radius_med_px_photo": 1.0,
        "v37_support_fraction_6px": 0.0,
        "v37_support_fraction_10px": 0.026316,
        "status": "DIAGNOSTIC_ONLY_NOT_HISTORICAL_INCIDENCE"
      }
    },
    {
      "type": "Feature",
      "geometry": {
        "type": "LineString",
        "coordinates": [
          [
            1306.0,
            879.0
          ],
          [
            1294.0,
            886.0
          ],
          [
            1224.0,
            912.0
          ],
          [
            1178.0,
            924.0
          ],
          [
            1142.0,
            930.0
          ]
        ]
      },
      "properties": {
        "candidate_id": "P042",
        "class": "PHOTO_MATCHED_TO_V37_GEOMETRY",
        "style_candidate": "ORDINARY_STROKE_CANDIDATE",
        "length_px_photo": 185.711,
        "tortuosity": 1.081304,
        "stroke_radius_med_px_photo": 1.4,
        "v37_support_fraction_6px": 0.655914,
        "v37_support_fraction_10px": 0.677419,
        "status": "DIAGNOSTIC_ONLY_NOT_HISTORICAL_INCIDENCE"
      }
    },
    {
      "type": "Feature",
      "geometry": {
        "type": "LineString",
        "coordinates": [
          [
            1315.0,
            881.0
          ],
          [
            1344.0,
            897.0
          ]
        ]
      },
      "properties": {
        "candidate_id": "P043",
        "class": "PHOTO_PARTIAL_OR_FRAGMENT_CANDIDATE",
        "style_candidate": "ORDINARY_STROKE_CANDIDATE",
        "length_px_photo": 35.627,
        "tortuosity": 1.075675,
        "stroke_radius_med_px_photo": 1.4,
        "v37_support_fraction_6px": 0.105263,
        "v37_support_fraction_10px": 0.210526,
        "status": "DIAGNOSTIC_ONLY_NOT_HISTORICAL_INCIDENCE"
      }
    },
    {
      "type": "Feature",
      "geometry": {
        "type": "LineString",
        "coordinates": [
          [
            1704.0,
            909.0
          ],
          [
            1726.0,
            916.0
          ],
          [
            1729.0,
            919.0
          ],
          [
            1757.0,
            930.0
          ],
          [
            1786.0,
            945.0
          ]
        ]
      },
      "properties": {
        "candidate_id": "P044",
        "class": "PHOTO_NEW_LONG_GEOMETRY_CANDIDATE",
        "style_candidate": "ORDINARY_STROKE_CANDIDATE",
        "length_px_photo": 96.912,
        "tortuosity": 1.082154,
        "stroke_radius_med_px_photo": 1.4,
        "v37_support_fraction_6px": 0.0,
        "v37_support_fraction_10px": 0.0,
        "status": "DIAGNOSTIC_ONLY_NOT_HISTORICAL_INCIDENCE"
      }
    },
    {
      "type": "Feature",
      "geometry": {
        "type": "LineString",
        "coordinates": [
          [
            1310.0,
            918.0
          ],
          [
            1311.0,
            958.0
          ]
        ]
      },
      "properties": {
        "candidate_id": "P045",
        "class": "PHOTO_MATCHED_TO_V37_GEOMETRY",
        "style_candidate": "ORDINARY_STROKE_CANDIDATE",
        "length_px_photo": 41.243,
        "tortuosity": 1.030744,
        "stroke_radius_med_px_photo": 1.0,
        "v37_support_fraction_6px": 1.0,
        "v37_support_fraction_10px": 1.0,
        "status": "DIAGNOSTIC_ONLY_NOT_HISTORICAL_INCIDENCE"
      }
    },
    {
      "type": "Feature",
      "geometry": {
        "type": "LineString",
        "coordinates": [
          [
            463.0,
            1082.0
          ],
          [
            433.0,
            1029.0
          ],
          [
            399.0,
            985.0
          ],
          [
            364.0,
            950.0
          ],
          [
            330.0,
            924.0
          ]
        ]
      },
      "properties": {
        "candidate_id": "P046",
        "class": "PHOTO_MATCHED_TO_V37_GEOMETRY",
        "style_candidate": "ORDINARY_STROKE_CANDIDATE",
        "length_px_photo": 218.362,
        "tortuosity": 1.057312,
        "stroke_radius_med_px_photo": 1.4,
        "v37_support_fraction_6px": 0.90991,
        "v37_support_fraction_10px": 0.945946,
        "status": "DIAGNOSTIC_ONLY_NOT_HISTORICAL_INCIDENCE"
      }
    },
    {
      "type": "Feature",
      "geometry": {
        "type": "LineString",
        "coordinates": [
          [
            989.0,
            931.0
          ],
          [
            968.0,
            943.0
          ],
          [
            942.0,
            953.0
          ],
          [
            920.0,
            959.0
          ],
          [
            899.0,
            962.0
          ]
        ]
      },
      "properties": {
        "candidate_id": "P047",
        "class": "PHOTO_MATCHED_TO_V37_GEOMETRY",
        "style_candidate": "ORDINARY_STROKE_CANDIDATE",
        "length_px_photo": 102.841,
        "tortuosity": 1.08038,
        "stroke_radius_med_px_photo": 1.4,
        "v37_support_fraction_6px": 1.0,
        "v37_support_fraction_10px": 1.0,
        "status": "DIAGNOSTIC_ONLY_NOT_HISTORICAL_INCIDENCE"
      }
    },
    {
      "type": "Feature",
      "geometry": {
        "type": "LineString",
        "coordinates": [
          [
            1137.0,
            931.0
          ],
          [
            1097.0,
            935.0
          ]
        ]
      },
      "properties": {
        "candidate_id": "P048",
        "class": "PHOTO_PARTIAL_OR_FRAGMENT_CANDIDATE",
        "style_candidate": "ORDINARY_STROKE_CANDIDATE",
        "length_px_photo": 41.657,
        "tortuosity": 1.036253,
        "stroke_radius_med_px_photo": 1.0,
        "v37_support_fraction_6px": 0.0,
        "v37_support_fraction_10px": 0.0,
        "status": "DIAGNOSTIC_ONLY_NOT_HISTORICAL_INCIDENCE"
      }
    },
    {
      "type": "Feature",
      "geometry": {
        "type": "LineString",
        "coordinates": [
          [
            559.0,
            933.0
          ],
          [
            566.0,
            991.0
          ],
          [
            582.0,
            1050.0
          ],
          [
            607.0,
            1113.0
          ],
          [
            635.0,
            1162.0
          ]
        ]
      },
      "properties": {
        "candidate_id": "P049",
        "class": "PHOTO_PARTIAL_OR_FRAGMENT_CANDIDATE",
        "style_candidate": "ORDINARY_STROKE_CANDIDATE",
        "length_px_photo": 260.48,
        "tortuosity": 1.079568,
        "stroke_radius_med_px_photo": 1.4,
        "v37_support_fraction_6px": 0.426357,
        "v37_support_fraction_10px": 0.449612,
        "status": "DIAGNOSTIC_ONLY_NOT_HISTORICAL_INCIDENCE"
      }
    },
    {
      "type": "Feature",
      "geometry": {
        "type": "LineString",
        "coordinates": [
          [
            303.0,
            950.0
          ],
          [
            286.0,
            1021.0
          ],
          [
            280.0,
            1111.0
          ],
          [
            286.0,
            1201.0
          ],
          [
            302.0,
            1289.0
          ]
        ]
      },
      "properties": {
        "candidate_id": "P050",
        "class": "PHOTO_MATCHED_TO_V37_GEOMETRY",
        "style_candidate": "ORDINARY_STROKE_CANDIDATE",
        "length_px_photo": 358.468,
        "tortuosity": 1.057423,
        "stroke_radius_med_px_photo": 1.0,
        "v37_support_fraction_6px": 0.681564,
        "v37_support_fraction_10px": 0.703911,
        "status": "DIAGNOSTIC_ONLY_NOT_HISTORICAL_INCIDENCE"
      }
    },
    {
      "type": "Feature",
      "geometry": {
        "type": "LineString",
        "coordinates": [
          [
            830.0,
            962.0
          ],
          [
            867.0,
            964.0
          ]
        ]
      },
      "properties": {
        "candidate_id": "P051",
        "class": "PHOTO_MATCHED_TO_V37_GEOMETRY",
        "style_candidate": "ORDINARY_STROKE_CANDIDATE",
        "length_px_photo": 38.657,
        "tortuosity": 1.043257,
        "stroke_radius_med_px_photo": 1.4,
        "v37_support_fraction_6px": 0.571429,
        "v37_support_fraction_10px": 0.714286,
        "status": "DIAGNOSTIC_ONLY_NOT_HISTORICAL_INCIDENCE"
      }
    },
    {
      "type": "Feature",
      "geometry": {
        "type": "LineString",
        "coordinates": [
          [
            1316.0,
            1037.0
          ],
          [
            1311.0,
            963.0
          ]
        ]
      },
      "properties": {
        "candidate_id": "P052",
        "class": "PHOTO_MATCHED_TO_V37_GEOMETRY",
        "style_candidate": "ORDINARY_STROKE_CANDIDATE",
        "length_px_photo": 76.071,
        "tortuosity": 1.025649,
        "stroke_radius_med_px_photo": 1.0,
        "v37_support_fraction_6px": 1.0,
        "v37_support_fraction_10px": 1.0,
        "status": "DIAGNOSTIC_ONLY_NOT_HISTORICAL_INCIDENCE"
      }
    },
    {
      "type": "Feature",
      "geometry": {
        "type": "LineString",
        "coordinates": [
          [
            181.0,
            1198.0
          ],
          [
            133.0,
            975.0
          ]
        ]
      },
      "properties": {
        "candidate_id": "P053",
        "class": "PHOTO_MATCHED_TO_V37_GEOMETRY",
        "style_candidate": "ORDINARY_STROKE_CANDIDATE",
        "length_px_photo": 242.882,
        "tortuosity": 1.064771,
        "stroke_radius_med_px_photo": 1.0,
        "v37_support_fraction_6px": 0.863248,
        "v37_support_fraction_10px": 0.91453,
        "status": "DIAGNOSTIC_ONLY_NOT_HISTORICAL_INCIDENCE"
      }
    },
    {
      "type": "Feature",
      "geometry": {
        "type": "LineString",
        "coordinates": [
          [
            1033.0,
            1014.0
          ],
          [
            1077.0,
            1110.0
          ]
        ]
      },
      "properties": {
        "candidate_id": "P054",
        "class": "PHOTO_NEW_LONG_GEOMETRY_CANDIDATE",
        "style_candidate": "ORDINARY_STROKE_CANDIDATE",
        "length_px_photo": 114.225,
        "tortuosity": 1.081649,
        "stroke_radius_med_px_photo": 1.4,
        "v37_support_fraction_6px": 0.0,
        "v37_support_fraction_10px": 0.0,
        "status": "DIAGNOSTIC_ONLY_NOT_HISTORICAL_INCIDENCE"
      }
    },
    {
      "type": "Feature",
      "geometry": {
        "type": "LineString",
        "coordinates": [
          [
            1271.0,
            1076.0
          ],
          [
            1314.0,
            1042.0
          ]
        ]
      },
      "properties": {
        "candidate_id": "P055",
        "class": "PHOTO_PARTIAL_OR_FRAGMENT_CANDIDATE",
        "style_candidate": "ORDINARY_STROKE_CANDIDATE",
        "length_px_photo": 57.669,
        "tortuosity": 1.052012,
        "stroke_radius_med_px_photo": 1.4,
        "v37_support_fraction_6px": 0.033333,
        "v37_support_fraction_10px": 0.1,
        "status": "DIAGNOSTIC_ONLY_NOT_HISTORICAL_INCIDENCE"
      }
    },
    {
      "type": "Feature",
      "geometry": {
        "type": "LineString",
        "coordinates": [
          [
            1092.0,
            1144.0
          ],
          [
            1100.0,
            1169.0
          ],
          [
            1116.0,
            1205.0
          ],
          [
            1128.0,
            1239.0
          ]
        ]
      },
      "properties": {
        "candidate_id": "P056",
        "class": "PHOTO_MATCHED_TO_V37_GEOMETRY",
        "style_candidate": "ORDINARY_STROKE_CANDIDATE",
        "length_px_photo": 109.912,
        "tortuosity": 1.08189,
        "stroke_radius_med_px_photo": 1.4,
        "v37_support_fraction_6px": 1.0,
        "v37_support_fraction_10px": 1.0,
        "status": "DIAGNOSTIC_ONLY_NOT_HISTORICAL_INCIDENCE"
      }
    },
    {
      "type": "Feature",
      "geometry": {
        "type": "LineString",
        "coordinates": [
          [
            1536.0,
            1215.0
          ],
          [
            1526.0,
            1192.0
          ],
          [
            1521.0,
            1171.0
          ],
          [
            1512.0,
            1145.0
          ]
        ]
      },
      "properties": {
        "candidate_id": "P057",
        "class": "PHOTO_NEW_LONG_GEOMETRY_CANDIDATE",
        "style_candidate": "ORDINARY_STROKE_CANDIDATE",
        "length_px_photo": 79.941,
        "tortuosity": 1.080286,
        "stroke_radius_med_px_photo": 1.0,
        "v37_support_fraction_6px": 0.0,
        "v37_support_fraction_10px": 0.0,
        "status": "DIAGNOSTIC_ONLY_NOT_HISTORICAL_INCIDENCE"
      }
    },
    {
      "type": "Feature",
      "geometry": {
        "type": "LineString",
        "coordinates": [
          [
            1137.0,
            1233.0
          ],
          [
            1155.0,
            1206.0
          ],
          [
            1184.0,
            1168.0
          ]
        ]
      },
      "properties": {
        "candidate_id": "P058",
        "class": "PHOTO_MATCHED_TO_V37_GEOMETRY",
        "style_candidate": "ORDINARY_STROKE_CANDIDATE",
        "length_px_photo": 85.054,
        "tortuosity": 1.06036,
        "stroke_radius_med_px_photo": 1.4,
        "v37_support_fraction_6px": 1.0,
        "v37_support_fraction_10px": 1.0,
        "status": "DIAGNOSTIC_ONLY_NOT_HISTORICAL_INCIDENCE"
      }
    },
    {
      "type": "Feature",
      "geometry": {
        "type": "LineString",
        "coordinates": [
          [
            1860.0,
            1265.0
          ],
          [
            1858.0,
            1173.0
          ]
        ]
      },
      "properties": {
        "candidate_id": "P059",
        "class": "PHOTO_NEW_LONG_GEOMETRY_CANDIDATE",
        "style_candidate": "ORDINARY_STROKE_CANDIDATE",
        "length_px_photo": 94.485,
        "tortuosity": 1.026771,
        "stroke_radius_med_px_photo": 1.0,
        "v37_support_fraction_6px": 0.0,
        "v37_support_fraction_10px": 0.0,
        "status": "DIAGNOSTIC_ONLY_NOT_HISTORICAL_INCIDENCE"
      }
    },
    {
      "type": "Feature",
      "geometry": {
        "type": "LineString",
        "coordinates": [
          [
            531.0,
            1288.0
          ],
          [
            524.0,
            1261.0
          ],
          [
            524.0,
            1255.0
          ],
          [
            516.0,
            1228.0
          ],
          [
            514.0,
            1213.0
          ],
          [
            511.0,
            1208.0
          ],
          [
            507.0,
            1187.0
          ],
          [
            504.0,
            1181.0
          ]
        ]
      },
      "properties": {
        "candidate_id": "P060",
        "class": "PHOTO_MATCHED_TO_V37_GEOMETRY",
        "style_candidate": "ORDINARY_STROKE_CANDIDATE",
        "length_px_photo": 118.184,
        "tortuosity": 1.070952,
        "stroke_radius_med_px_photo": 1.0,
        "v37_support_fraction_6px": 1.0,
        "v37_support_fraction_10px": 1.0,
        "status": "DIAGNOSTIC_ONLY_NOT_HISTORICAL_INCIDENCE"
      }
    },
    {
      "type": "Feature",
      "geometry": {
        "type": "LineString",
        "coordinates": [
          [
            1617.0,
            1182.0
          ],
          [
            1597.0,
            1204.0
          ],
          [
            1571.0,
            1239.0
          ],
          [
            1562.0,
            1254.0
          ],
          [
            1558.0,
            1257.0
          ]
        ]
      },
      "properties": {
        "candidate_id": "P061",
        "class": "PHOTO_NEW_LONG_GEOMETRY_CANDIDATE",
        "style_candidate": "ORDINARY_STROKE_CANDIDATE",
        "length_px_photo": 100.024,
        "tortuosity": 1.048195,
        "stroke_radius_med_px_photo": 1.4,
        "v37_support_fraction_6px": 0.0,
        "v37_support_fraction_10px": 0.0,
        "status": "DIAGNOSTIC_ONLY_NOT_HISTORICAL_INCIDENCE"
      }
    },
    {
      "type": "Feature",
      "geometry": {
        "type": "LineString",
        "coordinates": [
          [
            182.0,
            1204.0
          ],
          [
            211.0,
            1385.0
          ]
        ]
      },
      "properties": {
        "candidate_id": "P062",
        "class": "PHOTO_MATCHED_TO_V37_GEOMETRY",
        "style_candidate": "ORDINARY_STROKE_CANDIDATE",
        "length_px_photo": 193.012,
        "tortuosity": 1.052936,
        "stroke_radius_med_px_photo": 1.0,
        "v37_support_fraction_6px": 1.0,
        "v37_support_fraction_10px": 1.0,
        "status": "DIAGNOSTIC_ONLY_NOT_HISTORICAL_INCIDENCE"
      }
    },
    {
      "type": "Feature",
      "geometry": {
        "type": "LineString",
        "coordinates": [
          [
            778.0,
            1210.0
          ],
          [
            862.0,
            1218.0
          ]
        ]
      },
      "properties": {
        "candidate_id": "P063",
        "class": "PHOTO_NEW_LONG_GEOMETRY_CANDIDATE",
        "style_candidate": "ORDINARY_STROKE_CANDIDATE",
        "length_px_photo": 87.314,
        "tortuosity": 1.034767,
        "stroke_radius_med_px_photo": 1.4,
        "v37_support_fraction_6px": 0.0,
        "v37_support_fraction_10px": 0.0,
        "status": "DIAGNOSTIC_ONLY_NOT_HISTORICAL_INCIDENCE"
      }
    },
    {
      "type": "Feature",
      "geometry": {
        "type": "LineString",
        "coordinates": [
          [
            1062.0,
            1238.0
          ],
          [
            876.0,
            1219.0
          ]
        ]
      },
      "properties": {
        "candidate_id": "P064",
        "class": "PHOTO_NEW_LONG_GEOMETRY_CANDIDATE",
        "style_candidate": "ORDINARY_STROKE_CANDIDATE",
        "length_px_photo": 193.87,
        "tortuosity": 1.036916,
        "stroke_radius_med_px_photo": 1.0,
        "v37_support_fraction_6px": 0.0,
        "v37_support_fraction_10px": 0.0,
        "status": "DIAGNOSTIC_ONLY_NOT_HISTORICAL_INCIDENCE"
      }
    },
    {
      "type": "Feature",
      "geometry": {
        "type": "LineString",
        "coordinates": [
          [
            471.0,
            1221.0
          ],
          [
            472.0,
            1223.0
          ],
          [
            469.0,
            1228.0
          ],
          [
            470.0,
            1231.0
          ],
          [
            479.0,
            1235.0
          ],
          [
            477.0,
            1244.0
          ],
          [
            480.0,
            1247.0
          ],
          [
            485.0,
            1247.0
          ],
          [
            487.0,
            1249.0
          ],
          [
            485.0,
            1258.0
          ],
          [
            494.0,
            1262.0
          ],
          [
            492.0,
            1267.0
          ],
          [
            493.0,
            1271.0
          ],
          [
            501.0,
            1274.0
          ],
          [
            500.0,
            1282.0
          ],
          [
            508.0,
            1287.0
          ],
          [
            505.0,
            1294.0
          ],
          [
            509.0,
            1297.0
          ],
          [
            515.0,
            1297.0
          ],
          [
            517.0,
            1300.0
          ]
        ]
      },
      "properties": {
        "candidate_id": "P065",
        "class": "PHOTO_NEW_LONG_GEOMETRY_CANDIDATE",
        "style_candidate": "CURVED_OR_SERPENTINE_CANDIDATE",
        "length_px_photo": 126.397,
        "tortuosity": 1.382648,
        "stroke_radius_med_px_photo": 1.0,
        "v37_support_fraction_6px": 0.0,
        "v37_support_fraction_10px": 0.0,
        "status": "DIAGNOSTIC_ONLY_NOT_HISTORICAL_INCIDENCE"
      }
    },
    {
      "type": "Feature",
      "geometry": {
        "type": "LineString",
        "coordinates": [
          [
            1538.0,
            1222.0
          ],
          [
            1553.0,
            1257.0
          ]
        ]
      },
      "properties": {
        "candidate_id": "P066",
        "class": "PHOTO_PARTIAL_OR_FRAGMENT_CANDIDATE",
        "style_candidate": "ORDINARY_STROKE_CANDIDATE",
        "length_px_photo": 41.213,
        "tortuosity": 1.082312,
        "stroke_radius_med_px_photo": 1.4,
        "v37_support_fraction_6px": 0.0,
        "v37_support_fraction_10px": 0.0,
        "status": "DIAGNOSTIC_ONLY_NOT_HISTORICAL_INCIDENCE"
      }
    },
    {
      "type": "Feature",
      "geometry": {
        "type": "LineString",
        "coordinates": [
          [
            1134.0,
            1243.0
          ],
          [
            1181.0,
            1246.0
          ]
        ]
      },
      "properties": {
        "candidate_id": "P067",
        "class": "PHOTO_PARTIAL_OR_FRAGMENT_CANDIDATE",
        "style_candidate": "ORDINARY_STROKE_CANDIDATE",
        "length_px_photo": 48.243,
        "tortuosity": 1.024355,
        "stroke_radius_med_px_photo": 1.0,
        "v37_support_fraction_6px": 0.115385,
        "v37_support_fraction_10px": 0.192308,
        "status": "DIAGNOSTIC_ONLY_NOT_HISTORICAL_INCIDENCE"
      }
    },
    {
      "type": "Feature",
      "geometry": {
        "type": "LineString",
        "coordinates": [
          [
            1203.0,
            1248.0
          ],
          [
            1330.0,
            1254.0
          ]
        ]
      },
      "properties": {
        "candidate_id": "P068",
        "class": "PHOTO_NEW_LONG_GEOMETRY_CANDIDATE",
        "style_candidate": "ORDINARY_STROKE_CANDIDATE",
        "length_px_photo": 130.314,
        "tortuosity": 1.024949,
        "stroke_radius_med_px_photo": 1.0,
        "v37_support_fraction_6px": 0.0,
        "v37_support_fraction_10px": 0.0,
        "status": "DIAGNOSTIC_ONLY_NOT_HISTORICAL_INCIDENCE"
      }
    },
    {
      "type": "Feature",
      "geometry": {
        "type": "LineString",
        "coordinates": [
          [
            546.0,
            1340.0
          ],
          [
            584.0,
            1303.0
          ],
          [
            618.0,
            1263.0
          ],
          [
            626.0,
            1251.0
          ]
        ]
      },
      "properties": {
        "candidate_id": "P069",
        "class": "PHOTO_MATCHED_TO_V37_GEOMETRY",
        "style_candidate": "ORDINARY_STROKE_CANDIDATE",
        "length_px_photo": 125.652,
        "tortuosity": 1.049982,
        "stroke_radius_med_px_photo": 1.4,
        "v37_support_fraction_6px": 0.80303,
        "v37_support_fraction_10px": 0.863636,
        "status": "DIAGNOSTIC_ONLY_NOT_HISTORICAL_INCIDENCE"
      }
    },
    {
      "type": "Feature",
      "geometry": {
        "type": "LineString",
        "coordinates": [
          [
            1344.0,
            1253.0
          ],
          [
            1352.0,
            1256.0
          ],
          [
            1552.0,
            1263.0
          ]
        ]
      },
      "properties": {
        "candidate_id": "P070",
        "class": "PHOTO_NEW_LONG_GEOMETRY_CANDIDATE",
        "style_candidate": "ORDINARY_STROKE_CANDIDATE",
        "length_px_photo": 213.556,
        "tortuosity": 1.025529,
        "stroke_radius_med_px_photo": 1.0,
        "v37_support_fraction_6px": 0.0,
        "v37_support_fraction_10px": 0.0,
        "status": "DIAGNOSTIC_ONLY_NOT_HISTORICAL_INCIDENCE"
      }
    },
    {
      "type": "Feature",
      "geometry": {
        "type": "LineString",
        "coordinates": [
          [
            1619.0,
            1267.0
          ],
          [
            1558.0,
            1264.0
          ]
        ]
      },
      "properties": {
        "candidate_id": "P071",
        "class": "PHOTO_PARTIAL_OR_FRAGMENT_CANDIDATE",
        "style_candidate": "ORDINARY_STROKE_CANDIDATE",
        "length_px_photo": 62.243,
        "tortuosity": 1.019139,
        "stroke_radius_med_px_photo": 1.4,
        "v37_support_fraction_6px": 0.0,
        "v37_support_fraction_10px": 0.0,
        "status": "DIAGNOSTIC_ONLY_NOT_HISTORICAL_INCIDENCE"
      }
    },
    {
      "type": "Feature",
      "geometry": {
        "type": "LineString",
        "coordinates": [
          [
            1170.0,
            1343.0
          ],
          [
            1141.0,
            1269.0
          ]
        ]
      },
      "properties": {
        "candidate_id": "P072",
        "class": "PHOTO_NEW_LONG_GEOMETRY_CANDIDATE",
        "style_candidate": "ORDINARY_STROKE_CANDIDATE",
        "length_px_photo": 86.012,
        "tortuosity": 1.082193,
        "stroke_radius_med_px_photo": 1.0,
        "v37_support_fraction_6px": 0.0,
        "v37_support_fraction_10px": 0.0,
        "status": "DIAGNOSTIC_ONLY_NOT_HISTORICAL_INCIDENCE"
      }
    },
    {
      "type": "Feature",
      "geometry": {
        "type": "LineString",
        "coordinates": [
          [
            1773.0,
            1268.0
          ],
          [
            1697.0,
            1268.0
          ]
        ]
      },
      "properties": {
        "candidate_id": "P073",
        "class": "PHOTO_NEW_LONG_GEOMETRY_CANDIDATE",
        "style_candidate": "ORDINARY_STROKE_CANDIDATE",
        "length_px_photo": 76.0,
        "tortuosity": 1.0,
        "stroke_radius_med_px_photo": 1.4,
        "v37_support_fraction_6px": 0.0,
        "v37_support_fraction_10px": 0.0,
        "status": "DIAGNOSTIC_ONLY_NOT_HISTORICAL_INCIDENCE"
      }
    },
    {
      "type": "Feature",
      "geometry": {
        "type": "LineString",
        "coordinates": [
          [
            1791.0,
            1268.0
          ],
          [
            1857.0,
            1268.0
          ]
        ]
      },
      "properties": {
        "candidate_id": "P074",
        "class": "PHOTO_PARTIAL_OR_FRAGMENT_CANDIDATE",
        "style_candidate": "ORDINARY_STROKE_CANDIDATE",
        "length_px_photo": 66.828,
        "tortuosity": 1.012552,
        "stroke_radius_med_px_photo": 1.0,
        "v37_support_fraction_6px": 0.0,
        "v37_support_fraction_10px": 0.0,
        "status": "DIAGNOSTIC_ONLY_NOT_HISTORICAL_INCIDENCE"
      }
    },
    {
      "type": "Feature",
      "geometry": {
        "type": "LineString",
        "coordinates": [
          [
            1863.0,
            1335.0
          ],
          [
            1861.0,
            1285.0
          ]
        ]
      },
      "properties": {
        "candidate_id": "P075",
        "class": "PHOTO_MATCHED_TO_V37_GEOMETRY",
        "style_candidate": "ORDINARY_STROKE_CANDIDATE",
        "length_px_photo": 50.828,
        "tortuosity": 1.015756,
        "stroke_radius_med_px_photo": 1.0,
        "v37_support_fraction_6px": 0.714286,
        "v37_support_fraction_10px": 0.821429,
        "status": "DIAGNOSTIC_ONLY_NOT_HISTORICAL_INCIDENCE"
      }
    },
    {
      "type": "Feature",
      "geometry": {
        "type": "LineString",
        "coordinates": [
          [
            523.0,
            1342.0
          ],
          [
            305.0,
            1292.0
          ]
        ]
      },
      "properties": {
        "candidate_id": "P076",
        "class": "PHOTO_NEW_LONG_GEOMETRY_CANDIDATE",
        "style_candidate": "ORDINARY_STROKE_CANDIDATE",
        "length_px_photo": 238.711,
        "tortuosity": 1.06729,
        "stroke_radius_med_px_photo": 1.0,
        "v37_support_fraction_6px": 0.0,
        "v37_support_fraction_10px": 0.0,
        "status": "DIAGNOSTIC_ONLY_NOT_HISTORICAL_INCIDENCE"
      }
    },
    {
      "type": "Feature",
      "geometry": {
        "type": "LineString",
        "coordinates": [
          [
            539.0,
            1333.0
          ],
          [
            539.0,
            1326.0
          ],
          [
            532.0,
            1294.0
          ]
        ]
      },
      "properties": {
        "candidate_id": "P077",
        "class": "PHOTO_MATCHED_TO_V37_GEOMETRY",
        "style_candidate": "ORDINARY_STROKE_CANDIDATE",
        "length_px_photo": 41.899,
        "tortuosity": 1.057448,
        "stroke_radius_med_px_photo": 1.0,
        "v37_support_fraction_6px": 1.0,
        "v37_support_fraction_10px": 1.0,
        "status": "DIAGNOSTIC_ONLY_NOT_HISTORICAL_INCIDENCE"
      }
    },
    {
      "type": "Feature",
      "geometry": {
        "type": "LineString",
        "coordinates": [
          [
            1098.0,
            1298.0
          ],
          [
            1076.0,
            1341.0
          ],
          [
            1066.0,
            1372.0
          ]
        ]
      },
      "properties": {
        "candidate_id": "P078",
        "class": "PHOTO_MATCHED_TO_V37_GEOMETRY",
        "style_candidate": "ORDINARY_STROKE_CANDIDATE",
        "length_px_photo": 87.255,
        "tortuosity": 1.082263,
        "stroke_radius_med_px_photo": 1.4,
        "v37_support_fraction_6px": 1.0,
        "v37_support_fraction_10px": 1.0,
        "status": "DIAGNOSTIC_ONLY_NOT_HISTORICAL_INCIDENCE"
      }
    },
    {
      "type": "Feature",
      "geometry": {
        "type": "LineString",
        "coordinates": [
          [
            546.0,
            1348.0
          ],
          [
            651.0,
            1373.0
          ],
          [
            786.0,
            1417.0
          ],
          [
            946.0,
            1486.0
          ],
          [
            1027.0,
            1530.0
          ]
        ]
      },
      "properties": {
        "candidate_id": "P079",
        "class": "PHOTO_MATCHED_TO_V37_GEOMETRY",
        "style_candidate": "REINFORCED_STROKE_CANDIDATE",
        "length_px_photo": 556.387,
        "tortuosity": 1.081873,
        "stroke_radius_med_px_photo": 3.197,
        "v37_support_fraction_6px": 1.0,
        "v37_support_fraction_10px": 1.0,
        "status": "DIAGNOSTIC_ONLY_NOT_HISTORICAL_INCIDENCE"
      }
    },
    {
      "type": "Feature",
      "geometry": {
        "type": "LineString",
        "coordinates": [
          [
            543.0,
            1350.0
          ],
          [
            550.0,
            1386.0
          ]
        ]
      },
      "properties": {
        "candidate_id": "P080",
        "class": "PHOTO_MATCHED_TO_V37_GEOMETRY",
        "style_candidate": "ORDINARY_STROKE_CANDIDATE",
        "length_px_photo": 38.899,
        "tortuosity": 1.060676,
        "stroke_radius_med_px_photo": 3.197,
        "v37_support_fraction_6px": 1.0,
        "v37_support_fraction_10px": 1.0,
        "status": "DIAGNOSTIC_ONLY_NOT_HISTORICAL_INCIDENCE"
      }
    },
    {
      "type": "Feature",
      "geometry": {
        "type": "LineString",
        "coordinates": [
          [
            1864.0,
            1354.0
          ],
          [
            1866.0,
            1403.0
          ]
        ]
      },
      "properties": {
        "candidate_id": "P081",
        "class": "PHOTO_MATCHED_TO_V37_GEOMETRY",
        "style_candidate": "ORDINARY_STROKE_CANDIDATE",
        "length_px_photo": 49.828,
        "tortuosity": 1.016061,
        "stroke_radius_med_px_photo": 1.0,
        "v37_support_fraction_6px": 1.0,
        "v37_support_fraction_10px": 1.0,
        "status": "DIAGNOSTIC_ONLY_NOT_HISTORICAL_INCIDENCE"
      }
    },
    {
      "type": "Feature",
      "geometry": {
        "type": "LineString",
        "coordinates": [
          [
            1031.0,
            1528.0
          ],
          [
            1039.0,
            1469.0
          ],
          [
            1064.0,
            1376.0
          ]
        ]
      },
      "properties": {
        "candidate_id": "P082",
        "class": "PHOTO_MATCHED_TO_V37_GEOMETRY",
        "style_candidate": "ORDINARY_STROKE_CANDIDATE",
        "length_px_photo": 165.669,
        "tortuosity": 1.065115,
        "stroke_radius_med_px_photo": 1.0,
        "v37_support_fraction_6px": 1.0,
        "v37_support_fraction_10px": 1.0,
        "status": "DIAGNOSTIC_ONLY_NOT_HISTORICAL_INCIDENCE"
      }
    },
    {
      "type": "Feature",
      "geometry": {
        "type": "LineString",
        "coordinates": [
          [
            490.0,
            1380.0
          ],
          [
            463.0,
            1396.0
          ],
          [
            435.0,
            1407.0
          ]
        ]
      },
      "properties": {
        "candidate_id": "P083",
        "class": "PHOTO_PARTIAL_OR_FRAGMENT_CANDIDATE",
        "style_candidate": "ORDINARY_STROKE_CANDIDATE",
        "length_px_photo": 66.184,
        "tortuosity": 1.0802,
        "stroke_radius_med_px_photo": 1.4,
        "v37_support_fraction_6px": 0.0,
        "v37_support_fraction_10px": 0.0,
        "status": "DIAGNOSTIC_ONLY_NOT_HISTORICAL_INCIDENCE"
      }
    },
    {
      "type": "Feature",
      "geometry": {
        "type": "LineString",
        "coordinates": [
          [
            576.0,
            1733.0
          ],
          [
            572.0,
            1564.0
          ],
          [
            551.0,
            1391.0
          ]
        ]
      },
      "properties": {
        "candidate_id": "P084",
        "class": "PHOTO_MATCHED_TO_V37_GEOMETRY",
        "style_candidate": "REINFORCED_STROKE_CANDIDATE",
        "length_px_photo": 354.012,
        "tortuosity": 1.032369,
        "stroke_radius_med_px_photo": 3.597,
        "v37_support_fraction_6px": 1.0,
        "v37_support_fraction_10px": 1.0,
        "status": "DIAGNOSTIC_ONLY_NOT_HISTORICAL_INCIDENCE"
      }
    },
    {
      "type": "Feature",
      "geometry": {
        "type": "LineString",
        "coordinates": [
          [
            1488.0,
            1461.0
          ],
          [
            1486.0,
            1458.0
          ],
          [
            1487.0,
            1450.0
          ],
          [
            1500.0,
            1403.0
          ]
        ]
      },
      "properties": {
        "candidate_id": "P085",
        "class": "PHOTO_MATCHED_TO_V37_GEOMETRY",
        "style_candidate": "ORDINARY_STROKE_CANDIDATE",
        "length_px_photo": 64.627,
        "tortuosity": 1.091156,
        "stroke_radius_med_px_photo": 1.0,
        "v37_support_fraction_6px": 1.0,
        "v37_support_fraction_10px": 1.0,
        "status": "DIAGNOSTIC_ONLY_NOT_HISTORICAL_INCIDENCE"
      }
    },
    {
      "type": "Feature",
      "geometry": {
        "type": "LineString",
        "coordinates": [
          [
            251.0,
            1410.0
          ],
          [
            304.0,
            1424.0
          ],
          [
            331.0,
            1427.0
          ],
          [
            373.0,
            1425.0
          ],
          [
            419.0,
            1413.0
          ]
        ]
      },
      "properties": {
        "candidate_id": "P086",
        "class": "PHOTO_PARTIAL_OR_FRAGMENT_CANDIDATE",
        "style_candidate": "ORDINARY_STROKE_CANDIDATE",
        "length_px_photo": 180.841,
        "tortuosity": 1.076261,
        "stroke_radius_med_px_photo": 1.0,
        "v37_support_fraction_6px": 0.376344,
        "v37_support_fraction_10px": 0.397849,
        "status": "DIAGNOSTIC_ONLY_NOT_HISTORICAL_INCIDENCE"
      }
    },
    {
      "type": "Feature",
      "geometry": {
        "type": "LineString",
        "coordinates": [
          [
            1666.0,
            1414.0
          ],
          [
            1671.0,
            1413.0
          ],
          [
            1701.0,
            1416.0
          ],
          [
            1718.0,
            1421.0
          ]
        ]
      },
      "properties": {
        "candidate_id": "P087",
        "class": "PHOTO_PARTIAL_OR_FRAGMENT_CANDIDATE",
        "style_candidate": "ORDINARY_STROKE_CANDIDATE",
        "length_px_photo": 55.728,
        "tortuosity": 1.062111,
        "stroke_radius_med_px_photo": 1.0,
        "v37_support_fraction_6px": 0.0,
        "v37_support_fraction_10px": 0.0,
        "status": "DIAGNOSTIC_ONLY_NOT_HISTORICAL_INCIDENCE"
      }
    },
    {
      "type": "Feature",
      "geometry": {
        "type": "LineString",
        "coordinates": [
          [
            243.0,
            1496.0
          ],
          [
            223.0,
            1481.0
          ],
          [
            219.0,
            1446.0
          ]
        ]
      },
      "properties": {
        "candidate_id": "P088",
        "class": "PHOTO_PARTIAL_OR_FRAGMENT_CANDIDATE",
        "style_candidate": "ORDINARY_STROKE_CANDIDATE",
        "length_px_photo": 62.87,
        "tortuosity": 1.133576,
        "stroke_radius_med_px_photo": 1.0,
        "v37_support_fraction_6px": 0.0,
        "v37_support_fraction_10px": 0.0,
        "status": "DIAGNOSTIC_ONLY_NOT_HISTORICAL_INCIDENCE"
      }
    },
    {
      "type": "Feature",
      "geometry": {
        "type": "LineString",
        "coordinates": [
          [
            1187.0,
            1447.0
          ],
          [
            1173.0,
            1455.0
          ],
          [
            1156.0,
            1468.0
          ],
          [
            1107.0,
            1497.0
          ]
        ]
      },
      "properties": {
        "candidate_id": "P089",
        "class": "PHOTO_NEW_LONG_GEOMETRY_CANDIDATE",
        "style_candidate": "ORDINARY_STROKE_CANDIDATE",
        "length_px_photo": 100.711,
        "tortuosity": 1.067531,
        "stroke_radius_med_px_photo": 1.4,
        "v37_support_fraction_6px": 0.0,
        "v37_support_fraction_10px": 0.0,
        "status": "DIAGNOSTIC_ONLY_NOT_HISTORICAL_INCIDENCE"
      }
    },
    {
      "type": "Feature",
      "geometry": {
        "type": "LineString",
        "coordinates": [
          [
            1486.0,
            1529.0
          ],
          [
            1516.0,
            1513.0
          ]
        ]
      },
      "properties": {
        "candidate_id": "P090",
        "class": "PHOTO_PARTIAL_OR_FRAGMENT_CANDIDATE",
        "style_candidate": "ORDINARY_STROKE_CANDIDATE",
        "length_px_photo": 36.627,
        "tortuosity": 1.077277,
        "stroke_radius_med_px_photo": 1.4,
        "v37_support_fraction_6px": 0.0,
        "v37_support_fraction_10px": 0.0,
        "status": "DIAGNOSTIC_ONLY_NOT_HISTORICAL_INCIDENCE"
      }
    },
    {
      "type": "Feature",
      "geometry": {
        "type": "LineString",
        "coordinates": [
          [
            1921.0,
            1872.0
          ],
          [
            1875.0,
            1528.0
          ],
          [
            1869.0,
            1526.0
          ]
        ]
      },
      "properties": {
        "candidate_id": "P091",
        "class": "PHOTO_MATCHED_TO_V37_GEOMETRY",
        "style_candidate": "REINFORCED_STROKE_CANDIDATE",
        "length_px_photo": 370.711,
        "tortuosity": 1.059519,
        "stroke_radius_med_px_photo": 3.0,
        "v37_support_fraction_6px": 0.972376,
        "v37_support_fraction_10px": 1.0,
        "status": "DIAGNOSTIC_ONLY_NOT_HISTORICAL_INCIDENCE"
      }
    },
    {
      "type": "Feature",
      "geometry": {
        "type": "LineString",
        "coordinates": [
          [
            1860.0,
            1531.0
          ],
          [
            1827.0,
            1545.0
          ],
          [
            1813.0,
            1549.0
          ]
        ]
      },
      "properties": {
        "candidate_id": "P092",
        "class": "PHOTO_MATCHED_TO_V37_GEOMETRY",
        "style_candidate": "ORDINARY_STROKE_CANDIDATE",
        "length_px_photo": 54.456,
        "tortuosity": 1.081999,
        "stroke_radius_med_px_photo": 1.4,
        "v37_support_fraction_6px": 0.931034,
        "v37_support_fraction_10px": 1.0,
        "status": "DIAGNOSTIC_ONLY_NOT_HISTORICAL_INCIDENCE"
      }
    },
    {
      "type": "Feature",
      "geometry": {
        "type": "LineString",
        "coordinates": [
          [
            295.0,
            1538.0
          ],
          [
            367.0,
            1593.0
          ]
        ]
      },
      "properties": {
        "candidate_id": "P093",
        "class": "PHOTO_NEW_LONG_GEOMETRY_CANDIDATE",
        "style_candidate": "ORDINARY_STROKE_CANDIDATE",
        "length_px_photo": 94.782,
        "tortuosity": 1.046115,
        "stroke_radius_med_px_photo": 1.4,
        "v37_support_fraction_6px": 0.0,
        "v37_support_fraction_10px": 0.0,
        "status": "DIAGNOSTIC_ONLY_NOT_HISTORICAL_INCIDENCE"
      }
    },
    {
      "type": "Feature",
      "geometry": {
        "type": "LineString",
        "coordinates": [
          [
            1466.0,
            1538.0
          ],
          [
            1460.0,
            1543.0
          ],
          [
            1433.0,
            1555.0
          ]
        ]
      },
      "properties": {
        "candidate_id": "P094",
        "class": "PHOTO_MATCHED_TO_V37_GEOMETRY",
        "style_candidate": "ORDINARY_STROKE_CANDIDATE",
        "length_px_photo": 40.627,
        "tortuosity": 1.094447,
        "stroke_radius_med_px_photo": 1.4,
        "v37_support_fraction_6px": 1.0,
        "v37_support_fraction_10px": 1.0,
        "status": "DIAGNOSTIC_ONLY_NOT_HISTORICAL_INCIDENCE"
      }
    },
    {
      "type": "Feature",
      "geometry": {
        "type": "LineString",
        "coordinates": [
          [
            1505.0,
            1914.0
          ],
          [
            1475.0,
            1708.0
          ],
          [
            1473.0,
            1539.0
          ]
        ]
      },
      "properties": {
        "candidate_id": "P095",
        "class": "PHOTO_MATCHED_TO_V37_GEOMETRY",
        "style_candidate": "REINFORCED_STROKE_CANDIDATE",
        "length_px_photo": 389.912,
        "tortuosity": 1.035999,
        "stroke_radius_med_px_photo": 3.0,
        "v37_support_fraction_6px": 1.0,
        "v37_support_fraction_10px": 1.0,
        "status": "DIAGNOSTIC_ONLY_NOT_HISTORICAL_INCIDENCE"
      }
    },
    {
      "type": "Feature",
      "geometry": {
        "type": "LineString",
        "coordinates": [
          [
            1031.0,
            1625.0
          ],
          [
            1029.0,
            1542.0
          ]
        ]
      },
      "properties": {
        "candidate_id": "P096",
        "class": "PHOTO_MATCHED_TO_V37_GEOMETRY",
        "style_candidate": "REINFORCED_STROKE_CANDIDATE",
        "length_px_photo": 83.828,
        "tortuosity": 1.009688,
        "stroke_radius_med_px_photo": 3.0,
        "v37_support_fraction_6px": 1.0,
        "v37_support_fraction_10px": 1.0,
        "status": "DIAGNOSTIC_ONLY_NOT_HISTORICAL_INCIDENCE"
      }
    },
    {
      "type": "Feature",
      "geometry": {
        "type": "LineString",
        "coordinates": [
          [
            991.0,
            1553.0
          ],
          [
            923.0,
            1586.0
          ]
        ]
      },
      "properties": {
        "candidate_id": "P097",
        "class": "PHOTO_NEW_LONG_GEOMETRY_CANDIDATE",
        "style_candidate": "ORDINARY_STROKE_CANDIDATE",
        "length_px_photo": 81.669,
        "tortuosity": 1.080502,
        "stroke_radius_med_px_photo": 1.4,
        "v37_support_fraction_6px": 0.0,
        "v37_support_fraction_10px": 0.0,
        "status": "DIAGNOSTIC_ONLY_NOT_HISTORICAL_INCIDENCE"
      }
    },
    {
      "type": "Feature",
      "geometry": {
        "type": "LineString",
        "coordinates": [
          [
            1804.0,
            1552.0
          ],
          [
            1774.0,
            1560.0
          ],
          [
            1745.0,
            1565.0
          ]
        ]
      },
      "properties": {
        "candidate_id": "P098",
        "class": "PHOTO_PARTIAL_OR_FRAGMENT_CANDIDATE",
        "style_candidate": "ORDINARY_STROKE_CANDIDATE",
        "length_px_photo": 64.385,
        "tortuosity": 1.065704,
        "stroke_radius_med_px_photo": 1.0,
        "v37_support_fraction_6px": 0.0,
        "v37_support_fraction_10px": 0.0,
        "status": "DIAGNOSTIC_ONLY_NOT_HISTORICAL_INCIDENCE"
      }
    },
    {
      "type": "Feature",
      "geometry": {
        "type": "LineString",
        "coordinates": [
          [
            1348.0,
            1588.0
          ],
          [
            1424.0,
            1559.0
          ]
        ]
      },
      "properties": {
        "candidate_id": "P099",
        "class": "PHOTO_NEW_LONG_GEOMETRY_CANDIDATE",
        "style_candidate": "ORDINARY_STROKE_CANDIDATE",
        "length_px_photo": 88.012,
        "tortuosity": 1.081963,
        "stroke_radius_med_px_photo": 1.4,
        "v37_support_fraction_6px": 0.0,
        "v37_support_fraction_10px": 0.023256,
        "status": "DIAGNOSTIC_ONLY_NOT_HISTORICAL_INCIDENCE"
      }
    },
    {
      "type": "Feature",
      "geometry": {
        "type": "LineString",
        "coordinates": [
          [
            916.0,
            1590.0
          ],
          [
            710.0,
            1684.0
          ]
        ]
      },
      "properties": {
        "candidate_id": "P100",
        "class": "PHOTO_NEW_LONG_GEOMETRY_CANDIDATE",
        "style_candidate": "ORDINARY_STROKE_CANDIDATE",
        "length_px_photo": 244.936,
        "tortuosity": 1.081714,
        "stroke_radius_med_px_photo": 1.4,
        "v37_support_fraction_6px": 0.0,
        "v37_support_fraction_10px": 0.0,
        "status": "DIAGNOSTIC_ONLY_NOT_HISTORICAL_INCIDENCE"
      }
    },
    {
      "type": "Feature",
      "geometry": {
        "type": "LineString",
        "coordinates": [
          [
            373.0,
            1598.0
          ],
          [
            479.0,
            1673.0
          ]
        ]
      },
      "properties": {
        "candidate_id": "P101",
        "class": "PHOTO_NEW_LONG_GEOMETRY_CANDIDATE",
        "style_candidate": "ORDINARY_STROKE_CANDIDATE",
        "length_px_photo": 137.066,
        "tortuosity": 1.055573,
        "stroke_radius_med_px_photo": 1.4,
        "v37_support_fraction_6px": 0.0,
        "v37_support_fraction_10px": 0.0,
        "status": "DIAGNOSTIC_ONLY_NOT_HISTORICAL_INCIDENCE"
      }
    },
    {
      "type": "Feature",
      "geometry": {
        "type": "LineString",
        "coordinates": [
          [
            1121.0,
            1603.0
          ],
          [
            1152.0,
            1633.0
          ],
          [
            1156.0,
            1639.0
          ]
        ]
      },
      "properties": {
        "candidate_id": "P102",
        "class": "PHOTO_PARTIAL_OR_FRAGMENT_CANDIDATE",
        "style_candidate": "ORDINARY_STROKE_CANDIDATE",
        "length_px_photo": 51.083,
        "tortuosity": 1.017401,
        "stroke_radius_med_px_photo": 1.4,
        "v37_support_fraction_6px": 0.0,
        "v37_support_fraction_10px": 0.0,
        "status": "DIAGNOSTIC_ONLY_NOT_HISTORICAL_INCIDENCE"
      }
    },
    {
      "type": "Feature",
      "geometry": {
        "type": "LineString",
        "coordinates": [
          [
            1283.0,
            1609.0
          ],
          [
            1228.0,
            1624.0
          ]
        ]
      },
      "properties": {
        "candidate_id": "P103",
        "class": "PHOTO_PARTIAL_OR_FRAGMENT_CANDIDATE",
        "style_candidate": "ORDINARY_STROKE_CANDIDATE",
        "length_px_photo": 61.213,
        "tortuosity": 1.073751,
        "stroke_radius_med_px_photo": 1.0,
        "v37_support_fraction_6px": 0.0,
        "v37_support_fraction_10px": 0.0,
        "status": "DIAGNOSTIC_ONLY_NOT_HISTORICAL_INCIDENCE"
      }
    },
    {
      "type": "Feature",
      "geometry": {
        "type": "LineString",
        "coordinates": [
          [
            1161.0,
            1640.0
          ],
          [
            1196.0,
            1633.0
          ],
          [
            1223.0,
            1625.0
          ]
        ]
      },
      "properties": {
        "candidate_id": "P104",
        "class": "PHOTO_PARTIAL_OR_FRAGMENT_CANDIDATE",
        "style_candidate": "ORDINARY_STROKE_CANDIDATE",
        "length_px_photo": 68.213,
        "tortuosity": 1.069362,
        "stroke_radius_med_px_photo": 1.4,
        "v37_support_fraction_6px": 0.0,
        "v37_support_fraction_10px": 0.0,
        "status": "DIAGNOSTIC_ONLY_NOT_HISTORICAL_INCIDENCE"
      }
    },
    {
      "type": "Feature",
      "geometry": {
        "type": "LineString",
        "coordinates": [
          [
            1032.0,
            1639.0
          ],
          [
            1041.0,
            1705.0
          ],
          [
            1061.0,
            1792.0
          ]
        ]
      },
      "properties": {
        "candidate_id": "P105",
        "class": "PHOTO_MATCHED_TO_V37_GEOMETRY",
        "style_candidate": "REINFORCED_STROKE_CANDIDATE",
        "length_px_photo": 165.012,
        "tortuosity": 1.059644,
        "stroke_radius_med_px_photo": 3.0,
        "v37_support_fraction_6px": 1.0,
        "v37_support_fraction_10px": 1.0,
        "status": "DIAGNOSTIC_ONLY_NOT_HISTORICAL_INCIDENCE"
      }
    },
    {
      "type": "Feature",
      "geometry": {
        "type": "LineString",
        "coordinates": [
          [
            1126.0,
            1697.0
          ],
          [
            1152.0,
            1648.0
          ],
          [
            1157.0,
            1644.0
          ]
        ]
      },
      "properties": {
        "candidate_id": "P106",
        "class": "PHOTO_PARTIAL_OR_FRAGMENT_CANDIDATE",
        "style_candidate": "ORDINARY_STROKE_CANDIDATE",
        "length_px_photo": 66.426,
        "tortuosity": 1.081858,
        "stroke_radius_med_px_photo": 1.4,
        "v37_support_fraction_6px": 0.0,
        "v37_support_fraction_10px": 0.0,
        "status": "DIAGNOSTIC_ONLY_NOT_HISTORICAL_INCIDENCE"
      }
    },
    {
      "type": "Feature",
      "geometry": {
        "type": "LineString",
        "coordinates": [
          [
            573.0,
            1736.0
          ],
          [
            569.0,
            1735.0
          ],
          [
            543.0,
            1717.0
          ]
        ]
      },
      "properties": {
        "candidate_id": "P107",
        "class": "PHOTO_PARTIAL_OR_FRAGMENT_CANDIDATE",
        "style_candidate": "ORDINARY_STROKE_CANDIDATE",
        "length_px_photo": 37.87,
        "tortuosity": 1.066445,
        "stroke_radius_med_px_photo": 1.0,
        "v37_support_fraction_6px": 0.181818,
        "v37_support_fraction_10px": 0.318182,
        "status": "DIAGNOSTIC_ONLY_NOT_HISTORICAL_INCIDENCE"
      }
    },
    {
      "type": "Feature",
      "geometry": {
        "type": "LineString",
        "coordinates": [
          [
            533.0,
            2072.0
          ],
          [
            561.0,
            1934.0
          ],
          [
            575.0,
            1743.0
          ]
        ]
      },
      "properties": {
        "candidate_id": "P108",
        "class": "PHOTO_MATCHED_TO_V37_GEOMETRY",
        "style_candidate": "REINFORCED_STROKE_CANDIDATE",
        "length_px_photo": 346.397,
        "tortuosity": 1.044402,
        "stroke_radius_med_px_photo": 4.0,
        "v37_support_fraction_6px": 1.0,
        "v37_support_fraction_10px": 1.0,
        "status": "DIAGNOSTIC_ONLY_NOT_HISTORICAL_INCIDENCE"
      }
    },
    {
      "type": "Feature",
      "geometry": {
        "type": "LineString",
        "coordinates": [
          [
            495.0,
            1777.0
          ],
          [
            402.0,
            1819.0
          ]
        ]
      },
      "properties": {
        "candidate_id": "P109",
        "class": "PHOTO_NEW_LONG_GEOMETRY_CANDIDATE",
        "style_candidate": "ORDINARY_STROKE_CANDIDATE",
        "length_px_photo": 110.397,
        "tortuosity": 1.081855,
        "stroke_radius_med_px_photo": 1.4,
        "v37_support_fraction_6px": 0.0,
        "v37_support_fraction_10px": 0.0,
        "status": "DIAGNOSTIC_ONLY_NOT_HISTORICAL_INCIDENCE"
      }
    },
    {
      "type": "Feature",
      "geometry": {
        "type": "LineString",
        "coordinates": [
          [
            968.0,
            1809.0
          ],
          [
            1000.0,
            1803.0
          ],
          [
            1035.0,
            1802.0
          ]
        ]
      },
      "properties": {
        "candidate_id": "P110",
        "class": "PHOTO_NEW_LONG_GEOMETRY_CANDIDATE",
        "style_candidate": "ORDINARY_STROKE_CANDIDATE",
        "length_px_photo": 70.728,
        "tortuosity": 1.049926,
        "stroke_radius_med_px_photo": 1.0,
        "v37_support_fraction_6px": 0.0,
        "v37_support_fraction_10px": 0.0,
        "status": "DIAGNOSTIC_ONLY_NOT_HISTORICAL_INCIDENCE"
      }
    },
    {
      "type": "Feature",
      "geometry": {
        "type": "LineString",
        "coordinates": [
          [
            1014.0,
            1863.0
          ],
          [
            1055.0,
            1809.0
          ]
        ]
      },
      "properties": {
        "candidate_id": "P111",
        "class": "PHOTO_MATCHED_TO_V37_GEOMETRY",
        "style_candidate": "ORDINARY_STROKE_CANDIDATE",
        "length_px_photo": 71.569,
        "tortuosity": 1.055565,
        "stroke_radius_med_px_photo": 1.4,
        "v37_support_fraction_6px": 1.0,
        "v37_support_fraction_10px": 1.0,
        "status": "DIAGNOSTIC_ONLY_NOT_HISTORICAL_INCIDENCE"
      }
    },
    {
      "type": "Feature",
      "geometry": {
        "type": "LineString",
        "coordinates": [
          [
            1091.0,
            1904.0
          ],
          [
            1076.0,
            1852.0
          ],
          [
            1066.0,
            1808.0
          ]
        ]
      },
      "properties": {
        "candidate_id": "P112",
        "class": "PHOTO_MATCHED_TO_V37_GEOMETRY",
        "style_candidate": "REINFORCED_STROKE_CANDIDATE",
        "length_px_photo": 106.355,
        "tortuosity": 1.072111,
        "stroke_radius_med_px_photo": 3.197,
        "v37_support_fraction_6px": 1.0,
        "v37_support_fraction_10px": 1.0,
        "status": "DIAGNOSTIC_ONLY_NOT_HISTORICAL_INCIDENCE"
      }
    },
    {
      "type": "Feature",
      "geometry": {
        "type": "LineString",
        "coordinates": [
          [
            1092.0,
            1809.0
          ],
          [
            1142.0,
            1825.0
          ],
          [
            1173.0,
            1841.0
          ],
          [
            1212.0,
            1871.0
          ],
          [
            1231.0,
            1894.0
          ]
        ]
      },
      "properties": {
        "candidate_id": "P113",
        "class": "PHOTO_PARTIAL_OR_FRAGMENT_CANDIDATE",
        "style_candidate": "ORDINARY_STROKE_CANDIDATE",
        "length_px_photo": 177.137,
        "tortuosity": 1.087201,
        "stroke_radius_med_px_photo": 1.4,
        "v37_support_fraction_6px": 0.4,
        "v37_support_fraction_10px": 0.422222,
        "status": "DIAGNOSTIC_ONLY_NOT_HISTORICAL_INCIDENCE"
      }
    },
    {
      "type": "Feature",
      "geometry": {
        "type": "LineString",
        "coordinates": [
          [
            961.0,
            1810.0
          ],
          [
            927.0,
            1819.0
          ],
          [
            890.0,
            1833.0
          ],
          [
            885.0,
            1833.0
          ]
        ]
      },
      "properties": {
        "candidate_id": "P114",
        "class": "PHOTO_NEW_LONG_GEOMETRY_CANDIDATE",
        "style_candidate": "ORDINARY_STROKE_CANDIDATE",
        "length_px_photo": 85.527,
        "tortuosity": 1.077111,
        "stroke_radius_med_px_photo": 1.4,
        "v37_support_fraction_6px": 0.0,
        "v37_support_fraction_10px": 0.0,
        "status": "DIAGNOSTIC_ONLY_NOT_HISTORICAL_INCIDENCE"
      }
    },
    {
      "type": "Feature",
      "geometry": {
        "type": "LineString",
        "coordinates": [
          [
            1749.0,
            1813.0
          ],
          [
            1695.0,
            1819.0
          ],
          [
            1634.0,
            1839.0
          ],
          [
            1553.0,
            1883.0
          ],
          [
            1510.0,
            1915.0
          ]
        ]
      },
      "properties": {
        "candidate_id": "P115",
        "class": "PHOTO_MATCHED_TO_V37_GEOMETRY",
        "style_candidate": "ORDINARY_STROKE_CANDIDATE",
        "length_px_photo": 282.078,
        "tortuosity": 1.085518,
        "stroke_radius_med_px_photo": 1.4,
        "v37_support_fraction_6px": 0.871429,
        "v37_support_fraction_10px": 0.9,
        "status": "DIAGNOSTIC_ONLY_NOT_HISTORICAL_INCIDENCE"
      }
    },
    {
      "type": "Feature",
      "geometry": {
        "type": "LineString",
        "coordinates": [
          [
            1796.0,
            1820.0
          ],
          [
            1779.0,
            1815.0
          ],
          [
            1755.0,
            1814.0
          ]
        ]
      },
      "properties": {
        "candidate_id": "P116",
        "class": "PHOTO_MATCHED_TO_V37_GEOMETRY",
        "style_candidate": "ORDINARY_STROKE_CANDIDATE",
        "length_px_photo": 43.485,
        "tortuosity": 1.049439,
        "stroke_radius_med_px_photo": 1.4,
        "v37_support_fraction_6px": 1.0,
        "v37_support_fraction_10px": 1.0,
        "status": "DIAGNOSTIC_ONLY_NOT_HISTORICAL_INCIDENCE"
      }
    },
    {
      "type": "Feature",
      "geometry": {
        "type": "LineString",
        "coordinates": [
          [
            235.0,
            1883.0
          ],
          [
            240.0,
            1885.0
          ],
          [
            395.0,
            1822.0
          ]
        ]
      },
      "properties": {
        "candidate_id": "P117",
        "class": "PHOTO_NEW_LONG_GEOMETRY_CANDIDATE",
        "style_candidate": "ORDINARY_STROKE_CANDIDATE",
        "length_px_photo": 186.924,
        "tortuosity": 1.09163,
        "stroke_radius_med_px_photo": 1.4,
        "v37_support_fraction_6px": 0.0,
        "v37_support_fraction_10px": 0.0,
        "status": "DIAGNOSTIC_ONLY_NOT_HISTORICAL_INCIDENCE"
      }
    },
    {
      "type": "Feature",
      "geometry": {
        "type": "LineString",
        "coordinates": [
          [
            1885.0,
            1852.0
          ],
          [
            1871.0,
            1843.0
          ],
          [
            1840.0,
            1830.0
          ],
          [
            1819.0,
            1825.0
          ],
          [
            1817.0,
            1823.0
          ],
          [
            1803.0,
            1822.0
          ]
        ]
      },
      "properties": {
        "candidate_id": "P118",
        "class": "PHOTO_NEW_LONG_GEOMETRY_CANDIDATE",
        "style_candidate": "ORDINARY_STROKE_CANDIDATE",
        "length_px_photo": 94.426,
        "tortuosity": 1.081439,
        "stroke_radius_med_px_photo": 1.4,
        "v37_support_fraction_6px": 0.0,
        "v37_support_fraction_10px": 0.0,
        "status": "DIAGNOSTIC_ONLY_NOT_HISTORICAL_INCIDENCE"
      }
    },
    {
      "type": "Feature",
      "geometry": {
        "type": "LineString",
        "coordinates": [
          [
            802.0,
            1878.0
          ],
          [
            712.0,
            1827.0
          ]
        ]
      },
      "properties": {
        "candidate_id": "P119",
        "class": "PHOTO_MATCHED_TO_V37_GEOMETRY",
        "style_candidate": "ORDINARY_STROKE_CANDIDATE",
        "length_px_photo": 111.125,
        "tortuosity": 1.074235,
        "stroke_radius_med_px_photo": 1.4,
        "v37_support_fraction_6px": 1.0,
        "v37_support_fraction_10px": 1.0,
        "status": "DIAGNOSTIC_ONLY_NOT_HISTORICAL_INCIDENCE"
      }
    },
    {
      "type": "Feature",
      "geometry": {
        "type": "LineString",
        "coordinates": [
          [
            882.0,
            1836.0
          ],
          [
            844.0,
            1855.0
          ],
          [
            830.0,
            1864.0
          ]
        ]
      },
      "properties": {
        "candidate_id": "P120",
        "class": "PHOTO_PARTIAL_OR_FRAGMENT_CANDIDATE",
        "style_candidate": "ORDINARY_STROKE_CANDIDATE",
        "length_px_photo": 63.598,
        "tortuosity": 1.07685,
        "stroke_radius_med_px_photo": 1.4,
        "v37_support_fraction_6px": 0.0,
        "v37_support_fraction_10px": 0.0,
        "status": "DIAGNOSTIC_ONLY_NOT_HISTORICAL_INCIDENCE"
      }
    },
    {
      "type": "Feature",
      "geometry": {
        "type": "LineString",
        "coordinates": [
          [
            964.0,
            1923.0
          ],
          [
            1010.0,
            1867.0
          ]
        ]
      },
      "properties": {
        "candidate_id": "P121",
        "class": "PHOTO_MATCHED_TO_V37_GEOMETRY",
        "style_candidate": "ORDINARY_STROKE_CANDIDATE",
        "length_px_photo": 76.811,
        "tortuosity": 1.059893,
        "stroke_radius_med_px_photo": 1.4,
        "v37_support_fraction_6px": 1.0,
        "v37_support_fraction_10px": 1.0,
        "status": "DIAGNOSTIC_ONLY_NOT_HISTORICAL_INCIDENCE"
      }
    },
    {
      "type": "Feature",
      "geometry": {
        "type": "LineString",
        "coordinates": [
          [
            1773.0,
            1930.0
          ],
          [
            1840.0,
            1902.0
          ],
          [
            1913.0,
            1882.0
          ],
          [
            1918.0,
            1878.0
          ]
        ]
      },
      "properties": {
        "candidate_id": "P122",
        "class": "PHOTO_PARTIAL_OR_FRAGMENT_CANDIDATE",
        "style_candidate": "ORDINARY_STROKE_CANDIDATE",
        "length_px_photo": 166.539,
        "tortuosity": 1.081126,
        "stroke_radius_med_px_photo": 1.4,
        "v37_support_fraction_6px": 0.289157,
        "v37_support_fraction_10px": 0.313253,
        "status": "DIAGNOSTIC_ONLY_NOT_HISTORICAL_INCIDENCE"
      }
    },
    {
      "type": "Feature",
      "geometry": {
        "type": "LineString",
        "coordinates": [
          [
            1922.0,
            1878.0
          ],
          [
            2022.0,
            2300.0
          ]
        ]
      },
      "properties": {
        "candidate_id": "P123",
        "class": "PHOTO_MATCHED_TO_V37_GEOMETRY",
        "style_candidate": "ORDINARY_STROKE_CANDIDATE",
        "length_px_photo": 463.421,
        "tortuosity": 1.068563,
        "stroke_radius_med_px_photo": 1.4,
        "v37_support_fraction_6px": 1.0,
        "v37_support_fraction_10px": 1.0,
        "status": "DIAGNOSTIC_ONLY_NOT_HISTORICAL_INCIDENCE"
      }
    },
    {
      "type": "Feature",
      "geometry": {
        "type": "LineString",
        "coordinates": [
          [
            811.0,
            1919.0
          ],
          [
            805.0,
            1882.0
          ]
        ]
      },
      "properties": {
        "candidate_id": "P124",
        "class": "PHOTO_MATCHED_TO_V37_GEOMETRY",
        "style_candidate": "ORDINARY_STROKE_CANDIDATE",
        "length_px_photo": 39.485,
        "tortuosity": 1.053409,
        "stroke_radius_med_px_photo": 1.0,
        "v37_support_fraction_6px": 1.0,
        "v37_support_fraction_10px": 1.0,
        "status": "DIAGNOSTIC_ONLY_NOT_HISTORICAL_INCIDENCE"
      }
    },
    {
      "type": "Feature",
      "geometry": {
        "type": "LineString",
        "coordinates": [
          [
            222.0,
            2024.0
          ],
          [
            234.0,
            1891.0
          ]
        ]
      },
      "properties": {
        "candidate_id": "P125",
        "class": "PHOTO_MATCHED_TO_V37_GEOMETRY",
        "style_candidate": "ORDINARY_STROKE_CANDIDATE",
        "length_px_photo": 137.971,
        "tortuosity": 1.033176,
        "stroke_radius_med_px_photo": 1.0,
        "v37_support_fraction_6px": 1.0,
        "v37_support_fraction_10px": 1.0,
        "status": "DIAGNOSTIC_ONLY_NOT_HISTORICAL_INCIDENCE"
      }
    },
    {
      "type": "Feature",
      "geometry": {
        "type": "LineString",
        "coordinates": [
          [
            1399.0,
            1904.0
          ],
          [
            1305.0,
            1897.0
          ],
          [
            1235.0,
            1897.0
          ]
        ]
      },
      "properties": {
        "candidate_id": "P126",
        "class": "PHOTO_MATCHED_TO_V37_GEOMETRY",
        "style_candidate": "ORDINARY_STROKE_CANDIDATE",
        "length_px_photo": 168.556,
        "tortuosity": 1.026848,
        "stroke_radius_med_px_photo": 1.0,
        "v37_support_fraction_6px": 0.627907,
        "v37_support_fraction_10px": 0.686047,
        "status": "DIAGNOSTIC_ONLY_NOT_HISTORICAL_INCIDENCE"
      }
    },
    {
      "type": "Feature",
      "geometry": {
        "type": "LineString",
        "coordinates": [
          [
            1231.0,
            1899.0
          ],
          [
            1217.0,
            1932.0
          ],
          [
            1190.0,
            1983.0
          ]
        ]
      },
      "properties": {
        "candidate_id": "P127",
        "class": "PHOTO_MATCHED_TO_V37_GEOMETRY",
        "style_candidate": "ORDINARY_STROKE_CANDIDATE",
        "length_px_photo": 100.983,
        "tortuosity": 1.080354,
        "stroke_radius_med_px_photo": 1.4,
        "v37_support_fraction_6px": 0.78,
        "v37_support_fraction_10px": 0.82,
        "status": "DIAGNOSTIC_ONLY_NOT_HISTORICAL_INCIDENCE"
      }
    },
    {
      "type": "Feature",
      "geometry": {
        "type": "LineString",
        "coordinates": [
          [
            1410.0,
            1906.0
          ],
          [
            1456.0,
            1910.0
          ],
          [
            1496.0,
            1918.0
          ]
        ]
      },
      "properties": {
        "candidate_id": "P128",
        "class": "PHOTO_MATCHED_TO_V37_GEOMETRY",
        "style_candidate": "ORDINARY_STROKE_CANDIDATE",
        "length_px_photo": 90.971,
        "tortuosity": 1.047648,
        "stroke_radius_med_px_photo": 1.4,
        "v37_support_fraction_6px": 1.0,
        "v37_support_fraction_10px": 1.0,
        "status": "DIAGNOSTIC_ONLY_NOT_HISTORICAL_INCIDENCE"
      }
    },
    {
      "type": "Feature",
      "geometry": {
        "type": "LineString",
        "coordinates": [
          [
            1145.0,
            2052.0
          ],
          [
            1121.0,
            1995.0
          ],
          [
            1098.0,
            1929.0
          ],
          [
            1093.0,
            1908.0
          ]
        ]
      },
      "properties": {
        "candidate_id": "P129",
        "class": "PHOTO_MATCHED_TO_V37_GEOMETRY",
        "style_candidate": "REINFORCED_STROKE_CANDIDATE",
        "length_px_photo": 165.539,
        "tortuosity": 1.081239,
        "stroke_radius_med_px_photo": 3.0,
        "v37_support_fraction_6px": 1.0,
        "v37_support_fraction_10px": 1.0,
        "status": "DIAGNOSTIC_ONLY_NOT_HISTORICAL_INCIDENCE"
      }
    },
    {
      "type": "Feature",
      "geometry": {
        "type": "LineString",
        "coordinates": [
          [
            1507.0,
            1922.0
          ],
          [
            1508.0,
            1934.0
          ],
          [
            1516.0,
            1967.0
          ],
          [
            1527.0,
            2000.0
          ]
        ]
      },
      "properties": {
        "candidate_id": "P130",
        "class": "PHOTO_MATCHED_TO_V37_GEOMETRY",
        "style_candidate": "ORDINARY_STROKE_CANDIDATE",
        "length_px_photo": 86.284,
        "tortuosity": 1.071544,
        "stroke_radius_med_px_photo": 1.0,
        "v37_support_fraction_6px": 0.76087,
        "v37_support_fraction_10px": 0.804348,
        "status": "DIAGNOSTIC_ONLY_NOT_HISTORICAL_INCIDENCE"
      }
    },
    {
      "type": "Feature",
      "geometry": {
        "type": "LineString",
        "coordinates": [
          [
            813.0,
            1924.0
          ],
          [
            826.0,
            1967.0
          ],
          [
            838.0,
            1995.0
          ],
          [
            854.0,
            2023.0
          ],
          [
            856.0,
            2031.0
          ]
        ]
      },
      "properties": {
        "candidate_id": "P131",
        "class": "PHOTO_MATCHED_TO_V37_GEOMETRY",
        "style_candidate": "ORDINARY_STROKE_CANDIDATE",
        "length_px_photo": 124.811,
        "tortuosity": 1.082332,
        "stroke_radius_med_px_photo": 1.4,
        "v37_support_fraction_6px": 1.0,
        "v37_support_fraction_10px": 1.0,
        "status": "DIAGNOSTIC_ONLY_NOT_HISTORICAL_INCIDENCE"
      }
    },
    {
      "type": "Feature",
      "geometry": {
        "type": "LineString",
        "coordinates": [
          [
            1519.0,
            1924.0
          ],
          [
            1566.0,
            1938.0
          ]
        ]
      },
      "properties": {
        "candidate_id": "P132",
        "class": "PHOTO_PARTIAL_OR_FRAGMENT_CANDIDATE",
        "style_candidate": "ORDINARY_STROKE_CANDIDATE",
        "length_px_photo": 52.799,
        "tortuosity": 1.076634,
        "stroke_radius_med_px_photo": 1.0,
        "v37_support_fraction_6px": 0.0,
        "v37_support_fraction_10px": 0.0,
        "status": "DIAGNOSTIC_ONLY_NOT_HISTORICAL_INCIDENCE"
      }
    },
    {
      "type": "Feature",
      "geometry": {
        "type": "LineString",
        "coordinates": [
          [
            1483.0,
            1929.0
          ],
          [
            1479.0,
            1928.0
          ],
          [
            1475.0,
            1932.0
          ],
          [
            1470.0,
            1931.0
          ],
          [
            1466.0,
            1935.0
          ],
          [
            1461.0,
            1934.0
          ],
          [
            1458.0,
            1938.0
          ],
          [
            1450.0,
            1937.0
          ],
          [
            1447.0,
            1942.0
          ],
          [
            1441.0,
            1941.0
          ],
          [
            1435.0,
            1948.0
          ],
          [
            1428.0,
            1945.0
          ],
          [
            1425.0,
            1950.0
          ]
        ]
      },
      "properties": {
        "candidate_id": "P133",
        "class": "PHOTO_NEW_LONG_GEOMETRY_CANDIDATE",
        "style_candidate": "CURVED_OR_SERPENTINE_CANDIDATE",
        "length_px_photo": 78.012,
        "tortuosity": 1.264693,
        "stroke_radius_med_px_photo": 1.4,
        "v37_support_fraction_6px": 0.0,
        "v37_support_fraction_10px": 0.036364,
        "status": "DIAGNOSTIC_ONLY_NOT_HISTORICAL_INCIDENCE"
      }
    },
    {
      "type": "Feature",
      "geometry": {
        "type": "LineString",
        "coordinates": [
          [
            958.0,
            1930.0
          ],
          [
            921.0,
            1973.0
          ],
          [
            865.0,
            2030.0
          ]
        ]
      },
      "properties": {
        "candidate_id": "P134",
        "class": "PHOTO_MATCHED_TO_V37_GEOMETRY",
        "style_candidate": "ORDINARY_STROKE_CANDIDATE",
        "length_px_photo": 143.794,
        "tortuosity": 1.052962,
        "stroke_radius_med_px_photo": 1.4,
        "v37_support_fraction_6px": 1.0,
        "v37_support_fraction_10px": 1.0,
        "status": "DIAGNOSTIC_ONLY_NOT_HISTORICAL_INCIDENCE"
      }
    },
    {
      "type": "Feature",
      "geometry": {
        "type": "LineString",
        "coordinates": [
          [
            1485.0,
            1933.0
          ],
          [
            1403.0,
            2002.0
          ],
          [
            1352.0,
            2052.0
          ]
        ]
      },
      "properties": {
        "candidate_id": "P135",
        "class": "PHOTO_MATCHED_TO_V37_GEOMETRY",
        "style_candidate": "ORDINARY_STROKE_CANDIDATE",
        "length_px_photo": 185.806,
        "tortuosity": 1.041131,
        "stroke_radius_med_px_photo": 1.4,
        "v37_support_fraction_6px": 0.731183,
        "v37_support_fraction_10px": 0.763441,
        "status": "DIAGNOSTIC_ONLY_NOT_HISTORICAL_INCIDENCE"
      }
    },
    {
      "type": "Feature",
      "geometry": {
        "type": "LineString",
        "coordinates": [
          [
            1622.0,
            1958.0
          ],
          [
            1573.0,
            1940.0
          ]
        ]
      },
      "properties": {
        "candidate_id": "P136",
        "class": "PHOTO_PARTIAL_OR_FRAGMENT_CANDIDATE",
        "style_candidate": "ORDINARY_STROKE_CANDIDATE",
        "length_px_photo": 56.456,
        "tortuosity": 1.081498,
        "stroke_radius_med_px_photo": 1.4,
        "v37_support_fraction_6px": 0.0,
        "v37_support_fraction_10px": 0.0,
        "status": "DIAGNOSTIC_ONLY_NOT_HISTORICAL_INCIDENCE"
      }
    },
    {
      "type": "Feature",
      "geometry": {
        "type": "LineString",
        "coordinates": [
          [
            1350.0,
            1977.0
          ],
          [
            1354.0,
            1977.0
          ],
          [
            1356.0,
            1972.0
          ],
          [
            1364.0,
            1974.0
          ],
          [
            1367.0,
            1968.0
          ],
          [
            1373.0,
            1970.0
          ],
          [
            1376.0,
            1964.0
          ],
          [
            1379.0,
            1963.0
          ],
          [
            1384.0,
            1965.0
          ],
          [
            1387.0,
            1961.0
          ],
          [
            1389.0,
            1961.0
          ]
        ]
      },
      "properties": {
        "candidate_id": "P137",
        "class": "PHOTO_PARTIAL_OR_FRAGMENT_CANDIDATE",
        "style_candidate": "ORDINARY_STROKE_CANDIDATE",
        "length_px_photo": 56.456,
        "tortuosity": 1.339261,
        "stroke_radius_med_px_photo": 1.4,
        "v37_support_fraction_6px": 0.0,
        "v37_support_fraction_10px": 0.0,
        "status": "DIAGNOSTIC_ONLY_NOT_HISTORICAL_INCIDENCE"
      }
    },
    {
      "type": "Feature",
      "geometry": {
        "type": "LineString",
        "coordinates": [
          [
            1674.0,
            1985.0
          ],
          [
            1627.0,
            1961.0
          ]
        ]
      },
      "properties": {
        "candidate_id": "P138",
        "class": "PHOTO_PARTIAL_OR_FRAGMENT_CANDIDATE",
        "style_candidate": "ORDINARY_STROKE_CANDIDATE",
        "length_px_photo": 56.941,
        "tortuosity": 1.07898,
        "stroke_radius_med_px_photo": 1.4,
        "v37_support_fraction_6px": 0.0,
        "v37_support_fraction_10px": 0.0,
        "status": "DIAGNOSTIC_ONLY_NOT_HISTORICAL_INCIDENCE"
      }
    },
    {
      "type": "Feature",
      "geometry": {
        "type": "LineString",
        "coordinates": [
          [
            1677.0,
            1989.0
          ],
          [
            1690.0,
            2174.0
          ],
          [
            1711.0,
            2286.0
          ],
          [
            1733.0,
            2360.0
          ]
        ]
      },
      "properties": {
        "candidate_id": "P139",
        "class": "PHOTO_MATCHED_TO_V37_GEOMETRY",
        "style_candidate": "ORDINARY_STROKE_CANDIDATE",
        "length_px_photo": 394.196,
        "tortuosity": 1.050622,
        "stroke_radius_med_px_photo": 1.4,
        "v37_support_fraction_6px": 0.891192,
        "v37_support_fraction_10px": 0.901554,
        "status": "DIAGNOSTIC_ONLY_NOT_HISTORICAL_INCIDENCE"
      }
    },
    {
      "type": "Feature",
      "geometry": {
        "type": "LineString",
        "coordinates": [
          [
            393.0,
            2012.0
          ],
          [
            364.0,
            2005.0
          ],
          [
            321.0,
            2000.0
          ],
          [
            282.0,
            2003.0
          ],
          [
            248.0,
            2013.0
          ],
          [
            229.0,
            2022.0
          ]
        ]
      },
      "properties": {
        "candidate_id": "P140",
        "class": "PHOTO_NEW_LONG_GEOMETRY_CANDIDATE",
        "style_candidate": "ORDINARY_STROKE_CANDIDATE",
        "length_px_photo": 178.083,
        "tortuosity": 1.08386,
        "stroke_radius_med_px_photo": 1.0,
        "v37_support_fraction_6px": 0.01087,
        "v37_support_fraction_10px": 0.032609,
        "status": "DIAGNOSTIC_ONLY_NOT_HISTORICAL_INCIDENCE"
      }
    },
    {
      "type": "Feature",
      "geometry": {
        "type": "LineString",
        "coordinates": [
          [
            169.0,
            2361.0
          ],
          [
            196.0,
            2218.0
          ],
          [
            222.0,
            2030.0
          ]
        ]
      },
      "properties": {
        "candidate_id": "P141",
        "class": "PHOTO_MATCHED_TO_V37_GEOMETRY",
        "style_candidate": "ORDINARY_STROKE_CANDIDATE",
        "length_px_photo": 352.953,
        "tortuosity": 1.052912,
        "stroke_radius_med_px_photo": 1.0,
        "v37_support_fraction_6px": 0.900585,
        "v37_support_fraction_10px": 0.923977,
        "status": "DIAGNOSTIC_ONLY_NOT_HISTORICAL_INCIDENCE"
      }
    },
    {
      "type": "Feature",
      "geometry": {
        "type": "LineString",
        "coordinates": [
          [
            320.0,
            2115.0
          ],
          [
            226.0,
            2030.0
          ]
        ]
      },
      "properties": {
        "candidate_id": "P142",
        "class": "PHOTO_MATCHED_TO_V37_GEOMETRY",
        "style_candidate": "ORDINARY_STROKE_CANDIDATE",
        "length_px_photo": 129.794,
        "tortuosity": 1.024161,
        "stroke_radius_med_px_photo": 1.4,
        "v37_support_fraction_6px": 1.0,
        "v37_support_fraction_10px": 1.0,
        "status": "DIAGNOSTIC_ONLY_NOT_HISTORICAL_INCIDENCE"
      }
    },
    {
      "type": "Feature",
      "geometry": {
        "type": "LineString",
        "coordinates": [
          [
            789.0,
            2034.0
          ],
          [
            851.0,
            2034.0
          ]
        ]
      },
      "properties": {
        "candidate_id": "P143",
        "class": "PHOTO_MATCHED_TO_V37_GEOMETRY",
        "style_candidate": "REINFORCED_STROKE_CANDIDATE",
        "length_px_photo": 62.828,
        "tortuosity": 1.013362,
        "stroke_radius_med_px_photo": 3.0,
        "v37_support_fraction_6px": 1.0,
        "v37_support_fraction_10px": 1.0,
        "status": "DIAGNOSTIC_ONLY_NOT_HISTORICAL_INCIDENCE"
      }
    },
    {
      "type": "Feature",
      "geometry": {
        "type": "LineString",
        "coordinates": [
          [
            783.0,
            2034.0
          ],
          [
            725.0,
            2038.0
          ],
          [
            694.0,
            2043.0
          ]
        ]
      },
      "properties": {
        "candidate_id": "P144",
        "class": "PHOTO_MATCHED_TO_V37_GEOMETRY",
        "style_candidate": "REINFORCED_STROKE_CANDIDATE",
        "length_px_photo": 92.728,
        "tortuosity": 1.0366,
        "stroke_radius_med_px_photo": 3.0,
        "v37_support_fraction_6px": 1.0,
        "v37_support_fraction_10px": 1.0,
        "status": "DIAGNOSTIC_ONLY_NOT_HISTORICAL_INCIDENCE"
      }
    },
    {
      "type": "Feature",
      "geometry": {
        "type": "LineString",
        "coordinates": [
          [
            1064.0,
            2048.0
          ],
          [
            971.0,
            2039.0
          ],
          [
            866.0,
            2034.0
          ]
        ]
      },
      "properties": {
        "candidate_id": "P145",
        "class": "PHOTO_MATCHED_TO_V37_GEOMETRY",
        "style_candidate": "REINFORCED_STROKE_CANDIDATE",
        "length_px_photo": 203.799,
        "tortuosity": 1.026724,
        "stroke_radius_med_px_photo": 3.0,
        "v37_support_fraction_6px": 1.0,
        "v37_support_fraction_10px": 1.0,
        "status": "DIAGNOSTIC_ONLY_NOT_HISTORICAL_INCIDENCE"
      }
    },
    {
      "type": "Feature",
      "geometry": {
        "type": "LineString",
        "coordinates": [
          [
            790.0,
            2066.0
          ],
          [
            784.0,
            2067.0
          ],
          [
            781.0,
            2064.0
          ],
          [
            781.0,
            2043.0
          ],
          [
            786.0,
            2037.0
          ]
        ]
      },
      "properties": {
        "candidate_id": "P146",
        "class": "PHOTO_PARTIAL_OR_FRAGMENT_CANDIDATE",
        "style_candidate": "ORDINARY_STROKE_CANDIDATE",
        "length_px_photo": 41.142,
        "tortuosity": 1.405389,
        "stroke_radius_med_px_photo": 2.0,
        "v37_support_fraction_6px": 0.111111,
        "v37_support_fraction_10px": 0.222222,
        "status": "DIAGNOSTIC_ONLY_NOT_HISTORICAL_INCIDENCE"
      }
    },
    {
      "type": "Feature",
      "geometry": {
        "type": "LineString",
        "coordinates": [
          [
            774.0,
            2105.0
          ],
          [
            809.0,
            2079.0
          ],
          [
            851.0,
            2042.0
          ],
          [
            853.0,
            2037.0
          ]
        ]
      },
      "properties": {
        "candidate_id": "P147",
        "class": "PHOTO_NEW_LONG_GEOMETRY_CANDIDATE",
        "style_candidate": "ORDINARY_STROKE_CANDIDATE",
        "length_px_photo": 110.095,
        "tortuosity": 1.05622,
        "stroke_radius_med_px_photo": 1.4,
        "v37_support_fraction_6px": 0.052632,
        "v37_support_fraction_10px": 0.105263,
        "status": "DIAGNOSTIC_ONLY_NOT_HISTORICAL_INCIDENCE"
      }
    },
    {
      "type": "Feature",
      "geometry": {
        "type": "LineString",
        "coordinates": [
          [
            1007.0,
            2197.0
          ],
          [
            932.0,
            2130.0
          ],
          [
            893.0,
            2084.0
          ],
          [
            862.0,
            2037.0
          ]
        ]
      },
      "properties": {
        "candidate_id": "P148",
        "class": "PHOTO_MATCHED_TO_V37_GEOMETRY",
        "style_candidate": "ORDINARY_STROKE_CANDIDATE",
        "length_px_photo": 226.505,
        "tortuosity": 1.048981,
        "stroke_radius_med_px_photo": 1.4,
        "v37_support_fraction_6px": 1.0,
        "v37_support_fraction_10px": 1.0,
        "status": "DIAGNOSTIC_ONLY_NOT_HISTORICAL_INCIDENCE"
      }
    },
    {
      "type": "Feature",
      "geometry": {
        "type": "LineString",
        "coordinates": [
          [
            615.0,
            2055.0
          ],
          [
            642.0,
            2049.0
          ],
          [
            689.0,
            2043.0
          ]
        ]
      },
      "properties": {
        "candidate_id": "P149",
        "class": "PHOTO_MATCHED_TO_V37_GEOMETRY",
        "style_candidate": "REINFORCED_STROKE_CANDIDATE",
        "length_px_photo": 78.971,
        "tortuosity": 1.053409,
        "stroke_radius_med_px_photo": 3.0,
        "v37_support_fraction_6px": 1.0,
        "v37_support_fraction_10px": 1.0,
        "status": "DIAGNOSTIC_ONLY_NOT_HISTORICAL_INCIDENCE"
      }
    },
    {
      "type": "Feature",
      "geometry": {
        "type": "LineString",
        "coordinates": [
          [
            1069.0,
            2050.0
          ],
          [
            1142.0,
            2057.0
          ]
        ]
      },
      "properties": {
        "candidate_id": "P150",
        "class": "PHOTO_MATCHED_TO_V37_GEOMETRY",
        "style_candidate": "REINFORCED_STROKE_CANDIDATE",
        "length_px_photo": 75.899,
        "tortuosity": 1.034972,
        "stroke_radius_med_px_photo": 3.0,
        "v37_support_fraction_6px": 1.0,
        "v37_support_fraction_10px": 1.0,
        "status": "DIAGNOSTIC_ONLY_NOT_HISTORICAL_INCIDENCE"
      }
    },
    {
      "type": "Feature",
      "geometry": {
        "type": "LineString",
        "coordinates": [
          [
            541.0,
            2073.0
          ],
          [
            579.0,
            2062.0
          ],
          [
            610.0,
            2056.0
          ]
        ]
      },
      "properties": {
        "candidate_id": "P151",
        "class": "PHOTO_MATCHED_TO_V37_GEOMETRY",
        "style_candidate": "REINFORCED_STROKE_CANDIDATE",
        "length_px_photo": 76.042,
        "tortuosity": 1.070054,
        "stroke_radius_med_px_photo": 3.0,
        "v37_support_fraction_6px": 1.0,
        "v37_support_fraction_10px": 1.0,
        "status": "DIAGNOSTIC_ONLY_NOT_HISTORICAL_INCIDENCE"
      }
    },
    {
      "type": "Feature",
      "geometry": {
        "type": "LineString",
        "coordinates": [
          [
            522.0,
            2078.0
          ],
          [
            459.0,
            2100.0
          ],
          [
            410.0,
            2123.0
          ]
        ]
      },
      "properties": {
        "candidate_id": "P152",
        "class": "PHOTO_MATCHED_TO_V37_GEOMETRY",
        "style_candidate": "ORDINARY_STROKE_CANDIDATE",
        "length_px_photo": 130.64,
        "tortuosity": 1.082331,
        "stroke_radius_med_px_photo": 1.4,
        "v37_support_fraction_6px": 1.0,
        "v37_support_fraction_10px": 1.0,
        "status": "DIAGNOSTIC_ONLY_NOT_HISTORICAL_INCIDENCE"
      }
    },
    {
      "type": "Feature",
      "geometry": {
        "type": "LineString",
        "coordinates": [
          [
            1210.0,
            2200.0
          ],
          [
            1191.0,
            2164.0
          ],
          [
            1156.0,
            2083.0
          ]
        ]
      },
      "properties": {
        "candidate_id": "P153",
        "class": "PHOTO_MATCHED_TO_V37_GEOMETRY",
        "style_candidate": "ORDINARY_STROKE_CANDIDATE",
        "length_px_photo": 139.368,
        "tortuosity": 1.081539,
        "stroke_radius_med_px_photo": 1.4,
        "v37_support_fraction_6px": 1.0,
        "v37_support_fraction_10px": 1.0,
        "status": "DIAGNOSTIC_ONLY_NOT_HISTORICAL_INCIDENCE"
      }
    },
    {
      "type": "Feature",
      "geometry": {
        "type": "LineString",
        "coordinates": [
          [
            382.0,
            2349.0
          ],
          [
            436.0,
            2290.0
          ],
          [
            468.0,
            2240.0
          ],
          [
            495.0,
            2184.0
          ],
          [
            528.0,
            2087.0
          ]
        ]
      },
      "properties": {
        "candidate_id": "P154",
        "class": "PHOTO_MATCHED_TO_V37_GEOMETRY",
        "style_candidate": "ORDINARY_STROKE_CANDIDATE",
        "length_px_photo": 323.647,
        "tortuosity": 1.079062,
        "stroke_radius_med_px_photo": 1.4,
        "v37_support_fraction_6px": 1.0,
        "v37_support_fraction_10px": 1.0,
        "status": "DIAGNOSTIC_ONLY_NOT_HISTORICAL_INCIDENCE"
      }
    },
    {
      "type": "Feature",
      "geometry": {
        "type": "LineString",
        "coordinates": [
          [
            1441.0,
            2449.0
          ],
          [
            1386.0,
            2301.0
          ],
          [
            1323.0,
            2086.0
          ]
        ]
      },
      "properties": {
        "candidate_id": "P155",
        "class": "PHOTO_MATCHED_TO_V37_GEOMETRY",
        "style_candidate": "ORDINARY_STROKE_CANDIDATE",
        "length_px_photo": 411.877,
        "tortuosity": 1.079067,
        "stroke_radius_med_px_photo": 1.4,
        "v37_support_fraction_6px": 1.0,
        "v37_support_fraction_10px": 1.0,
        "status": "DIAGNOSTIC_ONLY_NOT_HISTORICAL_INCIDENCE"
      }
    },
    {
      "type": "Feature",
      "geometry": {
        "type": "LineString",
        "coordinates": [
          [
            632.0,
            2136.0
          ],
          [
            600.0,
            2112.0
          ],
          [
            575.0,
            2097.0
          ]
        ]
      },
      "properties": {
        "candidate_id": "P156",
        "class": "PHOTO_PARTIAL_OR_FRAGMENT_CANDIDATE",
        "style_candidate": "ORDINARY_STROKE_CANDIDATE",
        "length_px_photo": 73.154,
        "tortuosity": 1.059207,
        "stroke_radius_med_px_photo": 1.4,
        "v37_support_fraction_6px": 0.236842,
        "v37_support_fraction_10px": 0.289474,
        "status": "DIAGNOSTIC_ONLY_NOT_HISTORICAL_INCIDENCE"
      }
    },
    {
      "type": "Feature",
      "geometry": {
        "type": "LineString",
        "coordinates": [
          [
            1568.0,
            2103.0
          ],
          [
            1618.0,
            2205.0
          ],
          [
            1719.0,
            2350.0
          ]
        ]
      },
      "properties": {
        "candidate_id": "P157",
        "class": "PHOTO_MATCHED_TO_V37_GEOMETRY",
        "style_candidate": "ORDINARY_STROKE_CANDIDATE",
        "length_px_photo": 309.546,
        "tortuosity": 1.069246,
        "stroke_radius_med_px_photo": 1.4,
        "v37_support_fraction_6px": 1.0,
        "v37_support_fraction_10px": 1.0,
        "status": "DIAGNOSTIC_ONLY_NOT_HISTORICAL_INCIDENCE"
      }
    },
    {
      "type": "Feature",
      "geometry": {
        "type": "LineString",
        "coordinates": [
          [
            352.0,
            2146.0
          ],
          [
            328.0,
            2123.0
          ],
          [
            327.0,
            2120.0
          ],
          [
            324.0,
            2119.0
          ]
        ]
      },
      "properties": {
        "candidate_id": "P158",
        "class": "PHOTO_MATCHED_TO_V37_GEOMETRY",
        "style_candidate": "ORDINARY_STROKE_CANDIDATE",
        "length_px_photo": 40.355,
        "tortuosity": 1.037484,
        "stroke_radius_med_px_photo": 1.4,
        "v37_support_fraction_6px": 1.0,
        "v37_support_fraction_10px": 1.0,
        "status": "DIAGNOSTIC_ONLY_NOT_HISTORICAL_INCIDENCE"
      }
    },
    {
      "type": "Feature",
      "geometry": {
        "type": "LineString",
        "coordinates": [
          [
            553.0,
            2118.0
          ],
          [
            550.0,
            2123.0
          ],
          [
            557.0,
            2127.0
          ],
          [
            554.0,
            2134.0
          ],
          [
            561.0,
            2136.0
          ],
          [
            561.0,
            2140.0
          ],
          [
            558.0,
            2144.0
          ],
          [
            565.0,
            2147.0
          ],
          [
            563.0,
            2154.0
          ],
          [
            569.0,
            2159.0
          ],
          [
            566.0,
            2166.0
          ],
          [
            572.0,
            2169.0
          ],
          [
            571.0,
            2172.0
          ]
        ]
      },
      "properties": {
        "candidate_id": "P159",
        "class": "PHOTO_NEW_LONG_GEOMETRY_CANDIDATE",
        "style_candidate": "CURVED_OR_SERPENTINE_CANDIDATE",
        "length_px_photo": 83.841,
        "tortuosity": 1.47293,
        "stroke_radius_med_px_photo": 1.4,
        "v37_support_fraction_6px": 0.0,
        "v37_support_fraction_10px": 0.0,
        "status": "DIAGNOSTIC_ONLY_NOT_HISTORICAL_INCIDENCE"
      }
    },
    {
      "type": "Feature",
      "geometry": {
        "type": "LineString",
        "coordinates": [
          [
            405.0,
            2126.0
          ],
          [
            364.0,
            2148.0
          ]
        ]
      },
      "properties": {
        "candidate_id": "P160",
        "class": "PHOTO_MATCHED_TO_V37_GEOMETRY",
        "style_candidate": "ORDINARY_STROKE_CANDIDATE",
        "length_px_photo": 50.113,
        "tortuosity": 1.077008,
        "stroke_radius_med_px_photo": 1.4,
        "v37_support_fraction_6px": 1.0,
        "v37_support_fraction_10px": 1.0,
        "status": "DIAGNOSTIC_ONLY_NOT_HISTORICAL_INCIDENCE"
      }
    },
    {
      "type": "Feature",
      "geometry": {
        "type": "LineString",
        "coordinates": [
          [
            642.0,
            2144.0
          ],
          [
            668.0,
            2167.0
          ]
        ]
      },
      "properties": {
        "candidate_id": "P161",
        "class": "PHOTO_PARTIAL_OR_FRAGMENT_CANDIDATE",
        "style_candidate": "ORDINARY_STROKE_CANDIDATE",
        "length_px_photo": 35.527,
        "tortuosity": 1.023444,
        "stroke_radius_med_px_photo": 1.4,
        "v37_support_fraction_6px": 0.05,
        "v37_support_fraction_10px": 0.15,
        "status": "DIAGNOSTIC_ONLY_NOT_HISTORICAL_INCIDENCE"
      }
    },
    {
      "type": "Feature",
      "geometry": {
        "type": "LineString",
        "coordinates": [
          [
            326.0,
            2343.0
          ],
          [
            358.0,
            2152.0
          ]
        ]
      },
      "properties": {
        "candidate_id": "P162",
        "class": "PHOTO_MATCHED_TO_V37_GEOMETRY",
        "style_candidate": "ORDINARY_STROKE_CANDIDATE",
        "length_px_photo": 204.255,
        "tortuosity": 1.054697,
        "stroke_radius_med_px_photo": 1.0,
        "v37_support_fraction_6px": 0.838384,
        "v37_support_fraction_10px": 0.878788,
        "status": "DIAGNOSTIC_ONLY_NOT_HISTORICAL_INCIDENCE"
      }
    },
    {
      "type": "Feature",
      "geometry": {
        "type": "LineString",
        "coordinates": [
          [
            1039.0,
            2178.0
          ],
          [
            1068.0,
            2152.0
          ]
        ]
      },
      "properties": {
        "candidate_id": "P163",
        "class": "PHOTO_PARTIAL_OR_FRAGMENT_CANDIDATE",
        "style_candidate": "ORDINARY_STROKE_CANDIDATE",
        "length_px_photo": 39.77,
        "tortuosity": 1.021076,
        "stroke_radius_med_px_photo": 1.4,
        "v37_support_fraction_6px": 0.0,
        "v37_support_fraction_10px": 0.0,
        "status": "DIAGNOSTIC_ONLY_NOT_HISTORICAL_INCIDENCE"
      }
    },
    {
      "type": "Feature",
      "geometry": {
        "type": "LineString",
        "coordinates": [
          [
            670.0,
            2172.0
          ],
          [
            660.0,
            2260.0
          ],
          [
            642.0,
            2347.0
          ],
          [
            599.0,
            2485.0
          ]
        ]
      },
      "properties": {
        "candidate_id": "P164",
        "class": "PHOTO_MATCHED_TO_V37_GEOMETRY",
        "style_candidate": "ORDINARY_STROKE_CANDIDATE",
        "length_px_photo": 342.409,
        "tortuosity": 1.066856,
        "stroke_radius_med_px_photo": 1.4,
        "v37_support_fraction_6px": 1.0,
        "v37_support_fraction_10px": 1.0,
        "status": "DIAGNOSTIC_ONLY_NOT_HISTORICAL_INCIDENCE"
      }
    },
    {
      "type": "Feature",
      "geometry": {
        "type": "LineString",
        "coordinates": [
          [
            571.0,
            2176.0
          ],
          [
            575.0,
            2179.0
          ],
          [
            574.0,
            2187.0
          ],
          [
            578.0,
            2190.0
          ],
          [
            577.0,
            2198.0
          ],
          [
            581.0,
            2202.0
          ],
          [
            579.0,
            2208.0
          ],
          [
            584.0,
            2212.0
          ],
          [
            580.0,
            2218.0
          ],
          [
            588.0,
            2224.0
          ],
          [
            583.0,
            2231.0
          ],
          [
            590.0,
            2235.0
          ],
          [
            589.0,
            2239.0
          ]
        ]
      },
      "properties": {
        "candidate_id": "P165",
        "class": "PHOTO_NEW_LONG_GEOMETRY_CANDIDATE",
        "style_candidate": "CURVED_OR_SERPENTINE_CANDIDATE",
        "length_px_photo": 89.083,
        "tortuosity": 1.359614,
        "stroke_radius_med_px_photo": 1.4,
        "v37_support_fraction_6px": 0.0,
        "v37_support_fraction_10px": 0.0,
        "status": "DIAGNOSTIC_ONLY_NOT_HISTORICAL_INCIDENCE"
      }
    },
    {
      "type": "Feature",
      "geometry": {
        "type": "LineString",
        "coordinates": [
          [
            1126.0,
            2561.0
          ],
          [
            1085.0,
            2480.0
          ],
          [
            1030.0,
            2316.0
          ],
          [
            1008.0,
            2202.0
          ]
        ]
      },
      "properties": {
        "candidate_id": "P166",
        "class": "PHOTO_MATCHED_TO_V37_GEOMETRY",
        "style_candidate": "ORDINARY_STROKE_CANDIDATE",
        "length_px_photo": 407.877,
        "tortuosity": 1.079339,
        "stroke_radius_med_px_photo": 1.4,
        "v37_support_fraction_6px": 1.0,
        "v37_support_fraction_10px": 1.0,
        "status": "DIAGNOSTIC_ONLY_NOT_HISTORICAL_INCIDENCE"
      }
    },
    {
      "type": "Feature",
      "geometry": {
        "type": "LineString",
        "coordinates": [
          [
            1270.0,
            2294.0
          ],
          [
            1249.0,
            2262.0
          ]
        ]
      },
      "properties": {
        "candidate_id": "P167",
        "class": "PHOTO_PARTIAL_OR_FRAGMENT_CANDIDATE",
        "style_candidate": "ORDINARY_STROKE_CANDIDATE",
        "length_px_photo": 40.698,
        "tortuosity": 1.063309,
        "stroke_radius_med_px_photo": 1.4,
        "v37_support_fraction_6px": 0.0,
        "v37_support_fraction_10px": 0.0,
        "status": "DIAGNOSTIC_ONLY_NOT_HISTORICAL_INCIDENCE"
      }
    },
    {
      "type": "Feature",
      "geometry": {
        "type": "LineString",
        "coordinates": [
          [
            1273.0,
            2298.0
          ],
          [
            1322.0,
            2360.0
          ],
          [
            1356.0,
            2393.0
          ],
          [
            1385.0,
            2415.0
          ]
        ]
      },
      "properties": {
        "candidate_id": "P168",
        "class": "PHOTO_NEW_LONG_GEOMETRY_CANDIDATE",
        "style_candidate": "ORDINARY_STROKE_CANDIDATE",
        "length_px_photo": 168.078,
        "tortuosity": 1.037737,
        "stroke_radius_med_px_photo": 1.4,
        "v37_support_fraction_6px": 0.0,
        "v37_support_fraction_10px": 0.0,
        "status": "DIAGNOSTIC_ONLY_NOT_HISTORICAL_INCIDENCE"
      }
    },
    {
      "type": "Feature",
      "geometry": {
        "type": "LineString",
        "coordinates": [
          [
            1909.0,
            2328.0
          ],
          [
            1830.0,
            2346.0
          ]
        ]
      },
      "properties": {
        "candidate_id": "P169",
        "class": "PHOTO_NEW_LONG_GEOMETRY_CANDIDATE",
        "style_candidate": "ORDINARY_STROKE_CANDIDATE",
        "length_px_photo": 86.456,
        "tortuosity": 1.067031,
        "stroke_radius_med_px_photo": 1.0,
        "v37_support_fraction_6px": 0.0,
        "v37_support_fraction_10px": 0.0,
        "status": "DIAGNOSTIC_ONLY_NOT_HISTORICAL_INCIDENCE"
      }
    },
    {
      "type": "Feature",
      "geometry": {
        "type": "LineString",
        "coordinates": [
          [
            325.0,
            2351.0
          ],
          [
            321.0,
            2367.0
          ],
          [
            319.0,
            2387.0
          ]
        ]
      },
      "properties": {
        "candidate_id": "P170",
        "class": "PHOTO_PARTIAL_OR_FRAGMENT_CANDIDATE",
        "style_candidate": "ORDINARY_STROKE_CANDIDATE",
        "length_px_photo": 38.485,
        "tortuosity": 1.05449,
        "stroke_radius_med_px_photo": 1.0,
        "v37_support_fraction_6px": 0.0,
        "v37_support_fraction_10px": 0.130435,
        "status": "DIAGNOSTIC_ONLY_NOT_HISTORICAL_INCIDENCE"
      }
    },
    {
      "type": "Feature",
      "geometry": {
        "type": "LineString",
        "coordinates": [
          [
            341.0,
            2385.0
          ],
          [
            365.0,
            2366.0
          ],
          [
            372.0,
            2358.0
          ]
        ]
      },
      "properties": {
        "candidate_id": "P171",
        "class": "PHOTO_PARTIAL_OR_FRAGMENT_CANDIDATE",
        "style_candidate": "ORDINARY_STROKE_CANDIDATE",
        "length_px_photo": 43.355,
        "tortuosity": 1.054628,
        "stroke_radius_med_px_photo": 1.4,
        "v37_support_fraction_6px": 0.0,
        "v37_support_fraction_10px": 0.0,
        "status": "DIAGNOSTIC_ONLY_NOT_HISTORICAL_INCIDENCE"
      }
    },
    {
      "type": "Feature",
      "geometry": {
        "type": "LineString",
        "coordinates": [
          [
            197.0,
            2368.0
          ],
          [
            268.0,
            2385.0
          ],
          [
            316.0,
            2401.0
          ]
        ]
      },
      "properties": {
        "candidate_id": "P172",
        "class": "PHOTO_NEW_LONG_GEOMETRY_CANDIDATE",
        "style_candidate": "ORDINARY_STROKE_CANDIDATE",
        "length_px_photo": 132.669,
        "tortuosity": 1.074322,
        "stroke_radius_med_px_photo": 1.0,
        "v37_support_fraction_6px": 0.0,
        "v37_support_fraction_10px": 0.0,
        "status": "DIAGNOSTIC_ONLY_NOT_HISTORICAL_INCIDENCE"
      }
    },
    {
      "type": "Feature",
      "geometry": {
        "type": "LineString",
        "coordinates": [
          [
            1545.0,
            2423.0
          ],
          [
            1623.0,
            2400.0
          ]
        ]
      },
      "properties": {
        "candidate_id": "P173",
        "class": "PHOTO_NEW_LONG_GEOMETRY_CANDIDATE",
        "style_candidate": "ORDINARY_STROKE_CANDIDATE",
        "length_px_photo": 87.527,
        "tortuosity": 1.076322,
        "stroke_radius_med_px_photo": 1.0,
        "v37_support_fraction_6px": 0.0,
        "v37_support_fraction_10px": 0.0,
        "status": "DIAGNOSTIC_ONLY_NOT_HISTORICAL_INCIDENCE"
      }
    },
    {
      "type": "Feature",
      "geometry": {
        "type": "LineString",
        "coordinates": [
          [
            1438.0,
            2450.0
          ],
          [
            1407.0,
            2433.0
          ],
          [
            1393.0,
            2422.0
          ]
        ]
      },
      "properties": {
        "candidate_id": "P174",
        "class": "PHOTO_PARTIAL_OR_FRAGMENT_CANDIDATE",
        "style_candidate": "ORDINARY_STROKE_CANDIDATE",
        "length_px_photo": 56.598,
        "tortuosity": 1.067886,
        "stroke_radius_med_px_photo": 1.4,
        "v37_support_fraction_6px": 0.1,
        "v37_support_fraction_10px": 0.233333,
        "status": "DIAGNOSTIC_ONLY_NOT_HISTORICAL_INCIDENCE"
      }
    },
    {
      "type": "Feature",
      "geometry": {
        "type": "LineString",
        "coordinates": [
          [
            515.0,
            2483.0
          ],
          [
            461.0,
            2457.0
          ],
          [
            419.0,
            2441.0
          ],
          [
            395.0,
            2429.0
          ],
          [
            380.0,
            2425.0
          ]
        ]
      },
      "properties": {
        "candidate_id": "P175",
        "class": "PHOTO_NEW_LONG_GEOMETRY_CANDIDATE",
        "style_candidate": "ORDINARY_STROKE_CANDIDATE",
        "length_px_photo": 159.024,
        "tortuosity": 1.082299,
        "stroke_radius_med_px_photo": 1.4,
        "v37_support_fraction_6px": 0.0,
        "v37_support_fraction_10px": 0.0,
        "status": "DIAGNOSTIC_ONLY_NOT_HISTORICAL_INCIDENCE"
      }
    },
    {
      "type": "Feature",
      "geometry": {
        "type": "LineString",
        "coordinates": [
          [
            1444.0,
            2453.0
          ],
          [
            1459.0,
            2450.0
          ],
          [
            1539.0,
            2425.0
          ]
        ]
      },
      "properties": {
        "candidate_id": "P176",
        "class": "PHOTO_NEW_LONG_GEOMETRY_CANDIDATE",
        "style_candidate": "ORDINARY_STROKE_CANDIDATE",
        "length_px_photo": 106.598,
        "tortuosity": 1.076308,
        "stroke_radius_med_px_photo": 1.4,
        "v37_support_fraction_6px": 0.0,
        "v37_support_fraction_10px": 0.018868,
        "status": "DIAGNOSTIC_ONLY_NOT_HISTORICAL_INCIDENCE"
      }
    },
    {
      "type": "Feature",
      "geometry": {
        "type": "LineString",
        "coordinates": [
          [
            593.0,
            2485.0
          ],
          [
            592.0,
            2481.0
          ],
          [
            595.0,
            2476.0
          ],
          [
            592.0,
            2473.0
          ],
          [
            592.0,
            2470.0
          ],
          [
            597.0,
            2466.0
          ],
          [
            597.0,
            2463.0
          ],
          [
            594.0,
            2460.0
          ],
          [
            598.0,
            2454.0
          ],
          [
            597.0,
            2451.0
          ]
        ]
      },
      "properties": {
        "candidate_id": "P177",
        "class": "PHOTO_PARTIAL_OR_FRAGMENT_CANDIDATE",
        "style_candidate": "ORDINARY_STROKE_CANDIDATE",
        "length_px_photo": 42.87,
        "tortuosity": 1.252248,
        "stroke_radius_med_px_photo": 1.4,
        "v37_support_fraction_6px": 0.0,
        "v37_support_fraction_10px": 0.333333,
        "status": "DIAGNOSTIC_ONLY_NOT_HISTORICAL_INCIDENCE"
      }
    },
    {
      "type": "Feature",
      "geometry": {
        "type": "LineString",
        "coordinates": [
          [
            1346.0,
            2486.0
          ],
          [
            1439.0,
            2455.0
          ]
        ]
      },
      "properties": {
        "candidate_id": "P178",
        "class": "PHOTO_NEW_LONG_GEOMETRY_CANDIDATE",
        "style_candidate": "ORDINARY_STROKE_CANDIDATE",
        "length_px_photo": 105.841,
        "tortuosity": 1.079669,
        "stroke_radius_med_px_photo": 1.4,
        "v37_support_fraction_6px": 0.0,
        "v37_support_fraction_10px": 0.0,
        "status": "DIAGNOSTIC_ONLY_NOT_HISTORICAL_INCIDENCE"
      }
    },
    {
      "type": "Feature",
      "geometry": {
        "type": "LineString",
        "coordinates": [
          [
            1339.0,
            2488.0
          ],
          [
            1267.0,
            2514.0
          ]
        ]
      },
      "properties": {
        "candidate_id": "P179",
        "class": "PHOTO_NEW_LONG_GEOMETRY_CANDIDATE",
        "style_candidate": "ORDINARY_STROKE_CANDIDATE",
        "length_px_photo": 82.77,
        "tortuosity": 1.081239,
        "stroke_radius_med_px_photo": 1.4,
        "v37_support_fraction_6px": 0.0,
        "v37_support_fraction_10px": 0.0,
        "status": "DIAGNOSTIC_ONLY_NOT_HISTORICAL_INCIDENCE"
      }
    },
    {
      "type": "Feature",
      "geometry": {
        "type": "LineString",
        "coordinates": [
          [
            810.0,
            2528.0
          ],
          [
            597.0,
            2518.0
          ]
        ]
      },
      "properties": {
        "candidate_id": "P180",
        "class": "PHOTO_MATCHED_TO_V37_GEOMETRY",
        "style_candidate": "REINFORCED_STROKE_CANDIDATE",
        "length_px_photo": 217.971,
        "tortuosity": 1.02221,
        "stroke_radius_med_px_photo": 3.0,
        "v37_support_fraction_6px": 0.706422,
        "v37_support_fraction_10px": 1.0,
        "status": "DIAGNOSTIC_ONLY_NOT_HISTORICAL_INCIDENCE"
      }
    },
    {
      "type": "Feature",
      "geometry": {
        "type": "LineString",
        "coordinates": [
          [
            815.0,
            2529.0
          ],
          [
            1125.0,
            2568.0
          ]
        ]
      },
      "properties": {
        "candidate_id": "P181",
        "class": "PHOTO_MATCHED_TO_V37_GEOMETRY",
        "style_candidate": "REINFORCED_STROKE_CANDIDATE",
        "length_px_photo": 326.154,
        "tortuosity": 1.043882,
        "stroke_radius_med_px_photo": 3.0,
        "v37_support_fraction_6px": 0.993711,
        "v37_support_fraction_10px": 1.0,
        "status": "DIAGNOSTIC_ONLY_NOT_HISTORICAL_INCIDENCE"
      }
    },
    {
      "type": "Feature",
      "geometry": {
        "type": "LineString",
        "coordinates": [
          [
            887.0,
            2739.0
          ],
          [
            884.0,
            2740.0
          ],
          [
            879.0,
            2737.0
          ],
          [
            865.0,
            2723.0
          ],
          [
            827.0,
            2691.0
          ]
        ]
      },
      "properties": {
        "candidate_id": "P182",
        "class": "PHOTO_NEW_LONG_GEOMETRY_CANDIDATE",
        "style_candidate": "ORDINARY_STROKE_CANDIDATE",
        "length_px_photo": 81.882,
        "tortuosity": 1.065655,
        "stroke_radius_med_px_photo": 1.4,
        "v37_support_fraction_6px": 0.0,
        "v37_support_fraction_10px": 0.0,
        "status": "DIAGNOSTIC_ONLY_NOT_HISTORICAL_INCIDENCE"
      }
    }
  ]
}